Topic:,/fixposition/fpa/corrimu
time,ang_vel_x,ang_vel_y,ang_vel_z,lin_acc_x,lin_acc_y,lin_acc_z
1770803063.1223178,-0.001104,0.000319,0.000462,-0.03041,-0.088024,9.810449
1770803063.12544,0.001293,0.006444,0.000196,0.041415,-0.088024,9.815236
1770803063.1304038,-0.00137,0.008042,0.000196,-0.001681,-0.09401,9.7889
1770803063.135217,-0.000838,0.000851,0.000196,-0.072308,-0.103586,9.800872
1770803063.141065,0.002891,-0.010334,-0.000336,-0.08548,-0.104784,9.820024
1770803063.1454613,0.00369,-0.005008,-0.000869,-0.053155,-0.10239,9.811645
1770803063.1575618,-0.000571,0.005379,0.000995,0.016276,-0.089221,9.808054
1770803063.158304,-0.000838,-0.000214,-0.001402,-0.001679,-0.099995,9.808054
1770803063.1616912,0.000494,-0.002877,-7e-05,-0.063929,-0.08563,9.80566
1770803063.1665673,-0.001903,-0.002345,-7e-05,-0.092659,-0.089221,9.799675
1770803063.1706998,0.00369,-0.008204,-0.000869,-0.042383,-0.092813,9.806856
1770803063.1755009,-0.001637,0.004047,-7e-05,0.023459,-0.08563,9.811645
1770803063.181133,-0.001104,0.005112,-0.000603,0.023459,-0.084433,9.796083
1770803063.1859806,-0.001637,0.001916,-7e-05,-0.036395,-0.092813,9.841573
1770803063.1958559,-0.000838,-0.002877,-7e-05,-0.102236,-0.092812,9.830799
1770803063.19669,0.001293,-0.002078,-0.000603,-0.090265,-0.08563,9.827208
1770803063.211244,-3.9e-05,0.000319,-7e-05,-0.032804,-0.083236,9.798478
1770803063.2198944,0.003157,-0.000747,0.000462,0.017474,-0.08563,9.798477
1770803063.2199502,0.00076,-0.00048,-7e-05,-0.02203,-0.088024,9.799675
1770803063.2201195,-0.001104,-0.004475,-7e-05,-0.059141,-0.098798,9.811645
1770803063.2312367,-0.00137,0.002183,0.000462,-0.06752,-0.097601,9.829602
1770803063.2314744,-0.000838,0.000585,0.000462,-0.020833,-0.089221,9.818828
1770803063.2338645,0.000228,0.003781,-0.000336,0.004306,-0.086827,9.808054
1770803063.2391691,-0.000838,0.002982,-7e-05,-0.03041,-0.079644,9.809251
1770803063.2429404,-3.9e-05,5.2e-05,0.000462,-0.068717,-0.086827,9.806857
1770803063.2532415,0.00076,-0.002611,-7e-05,-0.069914,-0.078447,9.809251
1770803063.2540662,0.001293,-0.003942,0.000196,-0.04717,-0.080842,9.827208
1770803063.258004,-0.000305,0.006444,0.000196,-0.011257,-0.073659,9.794886
1770803063.26362,-0.000838,0.003781,-7e-05,-0.034001,-0.09401,9.808054
1770803063.2681792,0.000228,-0.001013,0.000462,-0.068717,-0.097601,9.810449
1770803063.2717981,0.00076,-0.003942,-0.000336,-0.077097,-0.089221,9.79728
1770803063.2768414,0.00076,0.000585,-7e-05,-0.019636,-0.092812,9.790098
1770803063.2820177,0.002358,-0.00341,0.000196,0.005503,-0.084433,9.800872
1770803063.2871916,0.001825,-0.002078,-0.000603,-0.034001,-0.092813,9.810448
1770803063.292622,-0.000571,-0.003943,-0.000869,-0.073506,-0.110769,9.827207
1770803063.2988942,0.00076,-0.00341,-7e-05,-0.059141,-0.110769,9.828404
1770803063.3028393,0.000228,0.002449,0.000729,-0.012453,-0.095207,9.802068
1770803063.3091483,0.00076,0.005379,0.001261,0.003108,-0.091615,9.79728
1770803063.3217864,-0.000305,0.002982,0.000995,-0.034001,-0.095207,9.80566
1770803063.3226316,-3.9e-05,-0.00048,-7e-05,-0.072308,-0.098798,9.821222
1770803063.322744,-0.000571,0.001916,0.000463,-0.069914,-0.102389,9.818828
1770803063.328475,0.001293,0.001117,0.000196,-0.031607,-0.083236,9.816434
1770803063.3334157,-0.000838,0.002715,-0.000336,-0.018439,-0.089221,9.80566
1770803063.3380046,-0.001104,0.00458,0.000463,-0.031608,-0.090419,9.802068
1770803063.3423967,0.001293,-0.00341,0.000196,-0.066323,-0.098798,9.799674
1770803063.3478107,-0.000305,-0.00048,0.000196,-0.047169,-0.102389,9.821222
1770803063.3553078,0.000228,-0.002078,-0.000869,-0.000482,-0.101192,9.810448
1770803063.357758,-0.003235,0.007775,0.000995,-0.017244,-0.097602,9.816432
1770803063.3631842,0.000228,-0.000214,-7e-05,-0.037592,-0.097601,9.812842
1770803063.371513,0.001026,0.000319,-0.000336,-0.057943,-0.09401,9.815237
1770803063.3730068,-0.000838,-0.002078,-0.000869,-0.053155,-0.086827,9.806857
1770803063.3836606,-0.000571,-0.00341,-0.000603,-0.029213,-0.074856,9.799674
1770803063.3841956,-0.000838,5.2e-05,-0.000336,-0.016045,-0.07725,9.810448
1770803063.3913386,-0.002968,0.003248,-0.000336,-0.041184,-0.09401,9.824813
1770803063.3932838,0.001026,-0.000747,0.000196,-0.055549,-0.09401,9.83439
1770803063.4008486,-0.000305,-0.002611,0.000463,-0.045972,-0.092813,9.823616
1770803063.4033246,0.000228,-0.003144,-0.000603,-0.020833,-0.098798,9.798477
1770803063.4092255,-0.001104,0.004047,0.000196,-0.01006,-0.095207,9.793688
1770803063.417509,-0.001903,0.00458,0.000463,-0.023228,-0.097601,9.798477
1770803063.425212,0.002358,-0.002078,0.000463,-0.048366,-0.095207,9.814039
1770803063.4252715,0.002358,-0.006606,-0.000603,-0.062733,-0.091616,9.821221
1770803063.4283876,-3.9e-05,-0.00048,-7e-05,-0.03041,-0.090418,9.822419
1770803063.439538,0.001293,-0.002078,-0.000869,-0.025622,-0.080842,9.812842
1770803063.4467542,0.002624,-0.001812,-0.000336,-0.020833,-0.091616,9.796083
1770803063.4527442,0.000228,5.2e-05,-7e-05,-0.039987,-0.091616,9.802068
1770803063.459489,-0.000571,5.2e-05,-0.000336,-0.061534,-0.08563,9.799674
1770803063.4596372,-0.000571,-0.000214,0.000196,-0.035198,-0.076053,9.816434
1770803063.4599636,-0.000305,5.2e-05,-0.000869,-0.026818,-0.096404,9.824813
1770803063.4663115,0.000228,-0.001812,-0.000869,-0.045972,-0.088024,9.823616
1770803063.4691794,0.001026,0.001117,0.000729,-0.05914,-0.097601,9.808054
1770803063.4764774,-0.003767,0.002982,0.000995,-0.041184,-0.095207,9.810448
1770803063.4870331,-3.9e-05,-0.003676,-0.000869,-0.025622,-0.092813,9.791294
1770803063.4872496,0.000494,0.001117,-0.000336,-0.012453,-0.091615,9.808054
1770803063.4906392,-0.002436,0.008574,0.001261,-0.024427,-0.10239,9.811644
1770803063.507019,-0.000305,-0.00048,0.000463,-0.03041,-0.107178,9.815237
1770803063.5071895,-0.000305,-0.00048,0.000463,-0.041184,-0.099995,9.830799
1770803063.507201,0.00076,-0.002877,-0.001135,-0.034001,-0.096404,9.821222
1770803063.535228,0.003157,-0.004741,-0.000603,-0.031608,-0.08563,9.792491
1770803063.535302,-0.00137,0.000319,-0.001135,-0.047169,-0.09401,9.791295
1770803063.5355062,-0.001104,0.002183,0.000196,-0.043578,-0.090418,9.802068
1770803063.5355186,-3.9e-05,-0.003144,-0.001135,-0.04717,-0.08563,9.816434
1770803063.5355272,-0.00137,0.000585,-0.001135,-0.034001,-0.092813,9.83439
1770803063.5360734,-0.000305,0.001916,0.000196,-0.016045,-0.086827,9.814039
1770803063.5411859,-0.001104,0.002449,-7e-05,-0.023227,-0.092813,9.812842
1770803063.5445611,-0.003501,0.005112,-0.000336,-0.029213,-0.089222,9.796082
1770803063.5502157,0.001026,-0.001546,0.000196,-0.043578,-0.102389,9.79728
1770803063.555361,0.001559,-0.004475,-7e-05,-0.039987,-0.101193,9.798477
1770803063.5598686,0.003956,-0.004475,-0.000869,-0.029213,-0.085631,9.826009
1770803063.565072,0.000494,-0.001279,0.000729,-0.03879,-0.09401,9.822419
1770803063.5708778,-0.00137,0.000851,-7e-05,-0.049564,-0.099995,9.82601
1770803063.5755134,-0.000571,0.000318,0.000196,-0.050761,-0.09401,9.812842
1770803063.580947,0.001559,-0.005541,-0.000336,-0.043579,-0.095207,9.791294
1770803063.5852673,0.002624,-0.006073,-7e-05,-0.020834,-0.09401,9.793688
1770803063.5914078,0.002092,-0.002345,0.000462,-0.032804,-0.089222,9.809251
1770803063.596066,-3.9e-05,-0.000214,-7e-05,-0.039987,-0.089221,9.820025
1770803063.6007118,-0.001637,0.003248,0.000196,-0.041184,-0.092813,9.821222
1770803063.605604,0.000227,-0.000214,-7e-05,-0.042381,-0.082039,9.818828
1770803063.611205,0.001026,-0.003144,-0.000603,-0.04717,-0.089222,9.806856
1770803063.619072,0.001293,-0.002345,-0.000336,-0.061535,-0.088024,9.785309
1770803063.6208558,-0.000571,-0.001013,0.000196,-0.055549,-0.088024,9.799674
1770803063.6292787,0.002624,-0.005008,-0.001135,-0.026819,-0.08563,9.798476
1770803063.6308398,-0.00137,0.005645,0.000462,-0.016046,-0.077251,9.811644
1770803063.6358662,-0.000571,0.001384,-0.000869,-0.029213,-0.08563,9.821222
1770803063.6415324,-0.000571,-0.002078,-7e-05,-0.050761,-0.096404,9.828404
1770803063.646244,0.001293,-0.001812,-7e-05,-0.047169,-0.088024,9.800871
1770803063.651242,0.000494,-0.000481,-7e-05,-0.031607,-0.089221,9.803265
1770803063.6569288,0.003157,-0.007671,-0.001135,-0.013653,-0.077251,9.793687
1770803063.6613462,0.002092,-0.004209,-0.001934,-0.032805,-0.072462,9.800871
1770803063.6666627,0.000227,-0.000481,-0.000603,-0.078294,-0.071265,9.827207
1770803063.6749072,0.000494,-0.004209,-0.000336,-0.0759,-0.08563,9.821221
1770803063.6760511,0.001293,-0.001279,-7e-05,-0.039987,-0.088024,9.816433
1770803063.681594,0.001293,-0.001279,-0.001135,-0.019636,-0.097601,9.800871
1770803063.6869636,-0.000305,0.001916,-0.000603,-0.014848,-0.103587,9.792491
1770803063.6926498,-0.001104,0.002449,0.000729,-0.025622,-0.098798,9.796082
1770803063.696617,0.001026,-0.003943,-7e-05,-0.037593,-0.101193,9.81763
1770803063.7018838,-0.002436,0.003514,-0.000336,-0.048367,-0.090419,9.82601
1770803063.707099,-0.002702,0.004313,0.000729,-0.049564,-0.089222,9.80925
1770803063.7121468,-0.001903,0.005378,0.000995,-0.034002,-0.078448,9.80925
1770803063.7175815,0.001825,-0.00341,-0.001135,-0.048367,-0.079645,9.794885
1770803063.7225544,-0.000571,0.000585,0.000196,-0.047169,-0.089221,9.798477
1770803063.7322147,-0.004833,0.005112,-0.000336,-0.031608,-0.089222,9.812841
1770803063.732544,0.001293,-0.004742,-0.000603,-0.000483,-0.090419,9.816433
1770803063.7381625,-0.000571,0.001384,0.000729,0.003109,-0.098798,9.822419
1770803063.7422192,0.001293,-0.000747,-7e-05,-0.03879,-0.098798,9.82601
1770803063.7471924,0.001026,-0.00341,-7e-05,-0.071112,-0.098798,9.805659
1770803063.7526407,0.000227,-0.002345,0.000196,-0.068717,-0.101192,9.800871
1770803063.757214,-0.000838,0.000851,-0.000336,-0.028016,-0.084433,9.794886
1770803063.7627897,0.002891,-0.004209,-0.000869,-0.012454,-0.080842,9.793688
1770803063.7686877,-0.000571,5.2e-05,-0.000603,-0.026819,-0.091616,9.820025
1770803063.7760863,0.001825,-0.003943,-7e-05,-0.061535,-0.099996,9.820024
1770803063.7773786,-0.001637,-0.000747,0.000196,-0.068717,-0.104784,9.823616
1770803063.782808,0.002891,-0.005274,-0.000869,-0.025622,-0.111967,9.812841
1770803063.787942,-0.000838,0.002449,-0.000603,0.005503,-0.086827,9.802068
1770803063.793377,-0.000571,0.003248,0.000462,-0.014848,-0.090419,9.787703
1770803063.798253,-0.000305,-0.000747,0.000196,-0.054352,-0.090419,9.798477
1770803063.803393,-0.00137,-0.000481,-0.000603,-0.06752,-0.092813,9.823616
1770803063.8078341,-0.00137,-0.001013,-0.000603,-0.056746,-0.083236,9.820025
1770803063.8131552,-0.001637,0.000318,-0.001402,-0.023227,-0.079645,9.821222
1770803063.82135,-0.002169,0.004579,0.000729,-0.028016,-0.078448,9.800871
1770803063.823829,-0.000305,0.001117,-0.000336,-0.043578,-0.098798,9.792491
1770803063.83342,-0.000305,0.000318,0.000729,-0.043578,-0.104784,9.803265
1770803063.8348653,0.000494,-0.005807,-0.000603,-0.022031,-0.091616,9.823615
1770803063.8390796,-3.9e-05,0.002183,-0.000336,-0.007665,-0.105981,9.811644
1770803063.8436406,0.001825,-0.002345,-0.000336,-0.036396,-0.104784,9.827207
1770803063.8484006,0.002092,-0.000747,0.000462,-0.054352,-0.083236,9.828404
1770803063.8535087,0.000494,0.001384,0.000729,-0.069914,-0.09401,9.815236
1770803063.8583558,-3.9e-05,-0.000481,-0.000603,-0.039987,-0.084433,9.803265
1770803063.8638482,-0.00137,0.001384,-0.000603,-0.041184,-0.082039,9.796082
1770803063.8692281,-0.001104,0.002715,0.000196,-0.029213,-0.09401,9.806856
1770803063.8732169,-0.001104,0.000585,-7e-05,-0.032804,-0.091616,9.824813
1770803063.8795857,0.001293,5.2e-05,0.000462,-0.028016,-0.101193,9.810447
1770803063.8839293,-0.001903,0.001384,-0.000603,-0.036396,-0.084433,9.80925
1770803063.8894544,-0.001637,0.004846,0.000995,-0.038791,-0.092813,9.808053
1770803063.896326,-3.9e-05,0.000318,-0.000603,-0.043578,-0.098798,9.796082
1770803063.9014664,0.004222,-0.009003,-0.000869,-0.041187,-0.097602,9.800869
1770803063.907419,0.000494,0.002715,-7e-05,-0.005271,-0.082039,9.80087
1770803063.9089484,-0.003235,0.007775,-7e-05,-0.022032,-0.077251,9.817629
1770803063.913925,-0.004034,0.008042,0.000729,-0.063931,-0.074857,9.809249
1770803063.9195938,0.001026,-0.002345,0.000729,-0.06752,-0.088025,9.823615
1770803063.92587,0.000228,0.000318,0.000729,-0.05914,-0.098798,9.81763
1770803063.9358006,-0.000305,-0.003144,-0.000336,-0.004074,-0.111966,9.803265
1770803063.9364195,-0.001637,0.008042,0.000462,0.011486,-0.084434,9.77573
1770803063.9438689,-0.000571,0.00165,0.000462,-0.043578,-0.086827,9.803265
1770803063.9448028,0.002358,-0.004742,0.000196,-0.071112,-0.096405,9.828404
1770803063.949418,0.000228,-0.006872,-0.000603,-0.069916,-0.092813,9.823615
1770803063.9543886,0.000228,0.003781,0.000729,-0.030411,-0.109572,9.811644
1770803063.9595027,0.00076,0.001916,-7e-05,-0.007665,-0.090419,9.793688
1770803063.969198,-3.9e-05,0.005112,0.000196,-0.022031,-0.079645,9.785308
1770803063.969527,-0.000838,-0.001279,-0.000336,-0.068717,-0.103587,9.810447
1770803063.9745166,-0.000305,-0.000747,-0.000336,-0.063929,-0.101193,9.830798
1770803063.9796367,-0.000305,-0.001812,0.000196,-0.006468,-0.095207,9.811644
1770803063.9853225,0.003956,-0.001013,0.000995,0.019868,-0.088025,9.815236
1770803063.990186,0.002891,0.001384,-7e-05,-0.016045,-0.089221,9.811644
1770803063.995584,0.001293,-0.006339,-0.000336,-0.077098,-0.09401,9.805658
1770803064.0032759,-0.000838,5.2e-05,0.000196,-0.079491,-0.08563,9.804462
1770803064.0052683,0.00076,-0.00341,-7e-05,-0.037593,-0.090419,9.797279
1770803064.0153008,0.000494,-0.000481,-0.000603,0.000715,-0.084433,9.810447
1770803064.0157387,-0.000571,0.005112,-7e-05,-0.013651,-0.090419,9.820024
1770803064.0231192,0.00076,-0.002877,-0.000603,-0.049564,-0.104784,9.836783
1770803064.0289695,-0.000571,-0.001013,0.000196,-0.062732,-0.103587,9.821221
1770803064.030226,-0.001104,0.002982,-7e-05,-0.036396,-0.096404,9.803265
1770803064.0454416,-0.00137,0.003781,-7e-05,-0.006468,-0.091616,9.793688
1770803064.0461016,-0.002169,0.005378,0.000995,-0.011257,-0.090419,9.794884
1770803064.046586,-0.001104,0.000585,-0.000336,-0.047169,-0.089222,9.816433
1770803064.0531943,0.000494,-0.003943,-7e-05,-0.073506,-0.091616,9.831995
1770803064.0558853,-0.000305,-0.001279,-0.000869,-0.065126,-0.090419,9.812842
1770803064.0608044,-0.000838,5.2e-05,-0.000336,-0.023227,-0.095207,9.804462
1770803064.069794,-0.002968,0.005645,0.000462,-0.01844,-0.080842,9.803264
1770803064.0711772,0.002624,-0.005274,-0.000336,-0.037594,-0.099996,9.793687
1770803064.0762365,0.001293,-0.002345,-7e-05,-0.032804,-0.097601,9.806856
1770803064.081437,-0.002436,0.005645,0.000729,-0.036397,-0.10239,9.821221
1770803064.0861294,0.002358,-0.002078,-7e-05,-0.024425,-0.103587,9.81763
1770803064.0924037,0.00076,-0.000214,0.000196,-0.039987,-0.089222,9.814039
1770803064.0966682,0.001559,-0.002078,-7e-05,-0.061535,-0.095207,9.812841
1770803064.1026623,-3.9e-05,0.002982,0.000196,-0.065126,-0.078448,9.808053
1770803064.1065037,0.002092,-0.005008,-0.001402,-0.041185,-0.09401,9.802067
1770803064.1130478,-0.002436,0.008042,0.000729,-0.016047,-0.090419,9.800869
1770803064.1211405,-0.000838,0.004047,-0.000336,-0.016045,-0.089222,9.815235
1770803064.121645,-0.000838,0.003248,-0.000336,-0.036396,-0.082039,9.826009
1770803064.1285226,-0.000571,0.000851,0.000729,-0.059141,-0.10239,9.816433
1770803064.1362925,-0.003235,0.001117,-7e-05,-0.041184,-0.096404,9.808053
1770803064.1444325,-0.000305,0.001916,-0.000869,-0.019636,-0.088025,9.80087
1770803064.144483,-0.000305,0.004313,0.000729,-0.014848,-0.082039,9.797279
1770803064.1468062,-0.000838,5.2e-05,-0.000603,-0.049564,-0.099996,9.805659
1770803064.156236,0.002891,-0.005274,-0.000336,-0.077098,-0.092813,9.82122
1770803064.156744,0.001825,-0.005541,0.000196,-0.062733,-0.091616,9.826009
1770803064.161853,0.001559,-0.000747,0.000196,-0.017242,-0.088025,9.802067
1770803064.1671083,-0.000838,0.002449,0.000729,-0.00168,-0.09401,9.798476
1770803064.1754045,0.002891,-0.005807,-0.000603,-0.029214,-0.101193,9.798475
1770803064.176996,0.003423,-0.006606,-0.000869,-0.057945,-0.10239,9.815235
1770803064.1867385,0.001825,-0.000481,0.000463,-0.050761,-0.083236,9.812841
1770803064.1871223,0.004222,-0.007671,0.000196,-0.044777,-0.09042,9.815234
1770803064.1934612,0.001293,-0.002877,-7e-05,-0.023228,-0.080842,9.806856
1770803064.1977265,0.00076,-0.001812,-0.000603,-0.041184,-0.084433,9.823615
1770803064.203086,0.001293,0.000851,0.000196,-0.060338,-0.099996,9.811644
1770803064.207909,0.002358,-0.003943,0.000196,-0.054353,-0.089222,9.815235
1770803064.2147293,-0.000571,0.002449,0.000995,-0.017242,-0.092813,9.799673
1770803064.2173138,0.002624,-0.001279,0.000196,-0.011257,-0.097601,9.818827
1770803064.224331,0.001559,-0.000214,-0.000336,-0.031607,-0.089222,9.80087
1770803064.2315767,0.00076,0.002449,0.000463,-0.055549,-0.090419,9.811644
1770803064.2335122,-0.000571,-0.003144,-0.000603,-0.044776,-0.097601,9.810447
1770803064.2447956,0.001559,-0.003676,0.000196,-0.030411,-0.097602,9.80925
1770803064.245164,-0.003235,0.005911,0.000463,-0.013652,-0.078448,9.803264
1770803064.2476835,0.003423,-0.006872,0.000196,-0.054354,-0.095208,9.806855
1770803064.2564359,0.00076,-0.002611,-0.000336,-0.061535,-0.092813,9.815235
1770803064.2577057,-0.002169,0.002982,0.000463,-0.03879,-0.096404,9.814038
1770803064.265192,0.002624,-0.009269,-0.000869,-0.010062,-0.099996,9.803263
1770803064.2683098,-0.003501,0.009639,0.001528,-0.010063,-0.079646,9.800868
1770803064.2758644,-0.001104,0.002449,0.000729,-0.041184,-0.091616,9.798476
1770803064.2785428,0.000494,-0.001546,-0.000336,-0.062732,-0.086827,9.80087
1770803064.2866688,0.002358,-0.004475,-0.000869,-0.057944,-0.097602,9.803264
1770803064.2885332,0.001293,-0.001812,0.000196,-0.048367,-0.084433,9.80925
1770803064.296877,0.00076,-0.002345,-0.000869,-0.025622,-0.091616,9.812841
1770803064.2985883,-0.000571,0.001117,0.000196,-0.035199,-0.092813,9.811644
1770803064.308676,0.002358,-0.002078,-0.000336,-0.041184,-0.103587,9.80925
1770803064.311664,0.000227,0.000585,0.000463,-0.048367,-0.096404,9.803265
1770803064.3133368,-3.9e-05,5.2e-05,0.000196,-0.023228,-0.091616,9.799673
1770803064.3206022,0.00076,-0.000214,-7e-05,-0.017242,-0.089222,9.808053
1770803064.324042,0.00076,0.001117,0.000729,-0.032804,-0.097601,9.820024
1770803064.3297396,-3.9e-05,0.000851,0.000463,-0.065126,-0.099996,9.815236
1770803064.3408153,0.000227,-0.001013,0.000463,-0.059141,-0.097601,9.806856
1770803064.3475378,-0.000838,5.2e-05,-0.000336,-0.03879,-0.091616,9.804462
1770803064.3489106,-3.9e-05,-0.000481,-0.000603,-0.02203,-0.089222,9.794885
1770803064.349416,0.001026,0.000851,-0.000603,-0.03041,-0.091616,9.792491
1770803064.3549101,0.000494,-0.000214,-7e-05,-0.031607,-0.08563,9.806856
1770803064.3598568,-0.00137,0.005112,0.000463,-0.039988,-0.098799,9.818826
1770803064.3640258,-0.002169,0.003514,0.000463,-0.036396,-0.095207,9.816432
1770803064.371815,0.000227,0.001916,0.000995,-0.023228,-0.077251,9.811644
1770803064.3763218,-0.005631,0.009639,-7e-05,-0.03999,-0.077252,9.810445
1770803064.380963,-0.000571,0.00165,0.000463,-0.059141,-0.088025,9.80925
1770803064.3845918,0.001559,-0.007405,-0.001135,-0.050763,-0.095207,9.809249
1770803064.3938823,0.001026,-0.002877,-7e-05,-0.050761,-0.088025,9.806855
1770803064.3946877,-0.001637,0.004313,0.000995,-0.032805,-0.091616,9.818826
1770803064.4026856,0.000227,0.001916,0.000196,-0.031608,-0.097601,9.817629
1770803064.404757,-0.000305,0.001117,0.000196,-0.050761,-0.095207,9.816432
1770803064.4131358,0.002358,-0.002611,-7e-05,-0.044776,-0.095207,9.808052
1770803064.4144595,-0.000305,-0.00048,-0.000603,-0.041184,-0.083236,9.799673
1770803064.4245844,-0.000838,-0.002877,-0.000603,-0.031608,-0.091616,9.797279
1770803064.4249926,0.001559,-0.00048,0.000463,-0.042381,-0.088025,9.802067
1770803064.4293993,0.002358,-0.002345,-0.000336,-0.057944,-0.089222,9.817629
1770803064.4389489,0.003956,-0.006073,-7e-05,-0.061536,-0.09042,9.818826
1770803064.4411793,0.000227,-0.002078,-0.000336,-0.054352,-0.084433,9.823615
1770803064.4519527,-0.001903,0.001916,-0.000336,-0.016045,-0.076054,9.80087
1770803064.4527087,0.000227,-0.00048,-0.000603,-0.029213,-0.095207,9.805658
1770803064.4553084,-3.9e-05,0.002449,0.000729,-0.035199,-0.086827,9.817629
1770803064.4599102,-0.00137,0.003514,0.000463,-0.045973,-0.11077,9.815235
1770803064.465435,-0.001104,0.000585,-0.000336,-0.035199,-0.086828,9.80925
1770803064.470829,-0.00137,0.001916,-7e-05,-0.022031,-0.080842,9.810447
1770803064.478893,-0.000572,0.001384,-0.000336,-0.03879,-0.076054,9.798476
1770803064.4814653,0.000227,-0.003676,-0.000336,-0.051959,-0.099996,9.820023
1770803064.4927335,0.000494,-0.002877,-7e-05,-0.048367,-0.091616,9.810447
1770803064.4928877,-0.000572,0.002449,0.000196,-0.049564,-0.090419,9.818826
1770803064.49541,0.001559,-0.001013,-0.000336,-0.048367,-0.08563,9.808052
1770803064.5032935,-0.000838,0.000851,-0.000336,-0.037593,-0.095207,9.818826
1770803064.5062027,0.000494,0.000851,-0.000336,-0.042381,-0.091616,9.796082
1770803064.5122027,0.001825,-0.002877,-0.000336,-0.041185,-0.101193,9.808052
1770803064.5177772,-0.001903,0.000851,-0.000603,-0.024425,-0.090419,9.810447
1770803064.5258353,0.000494,0.004846,0.000995,-0.029214,-0.088024,9.809249
1770803064.528013,-0.004833,0.013102,0.001261,-0.050767,-0.092815,9.812838
1770803064.5332468,-0.00137,0.00165,0.000196,-0.073506,-0.092813,9.803264
1770803064.536859,0.000227,-0.002611,0.000196,-0.08428,-0.104784,9.797279
1770803064.54327,0.00076,-0.002078,0.000196,-0.031608,-0.095207,9.810447
1770803064.5512757,0.001026,5.2e-05,0.000196,-0.005271,-0.092813,9.803264
1770803064.5592234,-0.000572,0.004313,-0.000336,-0.006469,-0.077251,9.791293
1770803064.5592902,0.000494,-0.000747,0.000463,-0.055549,-0.101193,9.821221
1770803064.5631974,-0.001104,-0.003943,0.000196,-0.079492,-0.108375,9.822417
1770803064.5664933,-0.001637,-0.000214,0.000196,-0.043578,-0.107178,9.816432
1770803064.5712347,-0.000572,-0.001546,0.000196,0.000714,-0.077251,9.791293
1770803064.581001,-0.002169,0.008574,0.000463,0.012683,-0.076054,9.778124
1770803064.5831122,0.000227,-0.00048,-0.000869,-0.063929,-0.083236,9.812841
1770803064.5881627,0.002092,-0.006339,-0.000336,-0.107026,-0.095208,9.834388
1770803064.5916562,-0.000572,-0.003676,0.000463,-0.059141,-0.103587,9.814038
1770803064.596578,-0.001104,0.001117,-0.000336,0.021065,-0.095207,9.811644
1770803064.6040187,-0.000305,0.004846,-7e-05,0.034232,-0.088025,9.794884
1770803064.6146336,0.00076,-0.000214,-7e-05,-0.037593,-0.076054,9.805658
1770803064.6148157,0.001825,-0.004209,-0.000336,-0.095054,-0.092813,9.824812
1770803064.616931,0.001026,-0.004742,0.000196,-0.095055,-0.101193,9.809249
1770803064.6256385,0.001026,-0.004742,-0.000869,-0.022031,-0.098799,9.806855
1770803064.6268191,-0.002436,0.006444,0.000463,0.018669,-0.084434,9.800869
1770803064.6329706,-0.00137,0.004047,-7e-05,-0.024425,-0.089222,9.80087
1770803064.6381867,0.002358,-0.002877,-7e-05,-0.089069,-0.097602,9.823615
1770803064.6449893,-0.000305,5.2e-05,0.000995,-0.091462,-0.091616,9.814038
1770803064.6557612,0.001559,-0.004475,0.000729,-0.020834,-0.109573,9.809249
1770803064.6558158,-0.002436,0.00964,0.001528,0.031836,-0.08204,9.800868
1770803064.657107,0.000227,0.003781,0.000463,0.01867,-0.083236,9.806855
1770803064.665037,0.000494,5.2e-05,-0.000603,-0.069915,-0.08563,9.817629
1770803064.6685474,0.003423,-0.009003,-0.000603,-0.123787,-0.097602,9.820022
1770803064.6760302,0.001559,-0.003144,0.000196,-0.079492,-0.088025,9.814038
1770803064.6784368,-0.000572,0.002982,0.000196,0.017473,-0.084433,9.79249
1770803064.687197,-0.000305,0.005645,0.000196,0.0474,-0.088025,9.793687
1770803064.687829,0.00076,0.001384,0.000196,-0.019637,-0.089222,9.809249
1770803064.6926124,-0.002702,0.002449,0.000729,-0.091463,-0.096405,9.8296
1770803064.6976717,0.002092,-0.006606,-0.000869,-0.084282,-0.086828,9.829599
1770803064.7083523,0.000227,0.000851,0.000463,-0.029213,-0.098799,9.82122
1770803064.7088435,-0.002702,0.009107,0.000995,0.02585,-0.076054,9.788897
1770803064.713031,-0.004034,0.010439,0.000463,-0.000487,-0.088026,9.798474
1770803064.7194235,-3.9e-05,0.001117,0.000463,-0.090266,-0.08563,9.804461
1770803064.72325,0.000494,-0.002345,0.000196,-0.107025,-0.10239,9.809249
1770803064.729569,-0.000305,-0.004742,-0.000336,-0.045974,-0.095207,9.815235
1770803064.7333806,0.001559,0.001384,-0.000336,0.025853,-0.080842,9.814038
1770803064.740443,-3.9e-05,0.00458,0.000196,0.015079,-0.074857,9.814038
1770803064.7454937,0.001559,-0.002611,-0.000336,-0.053156,-0.096404,9.816432
1770803064.7567558,0.002624,-0.006606,0.000463,-0.103435,-0.086828,9.802066
1770803064.7587695,0.002092,-0.006073,-0.000336,-0.068719,-0.085631,9.817629
1770803064.7588935,0.00076,5.2e-05,-7e-05,-0.00168,-0.074857,9.794884
1770803064.7644205,0.001559,-0.002078,-0.000869,0.005502,-0.080842,9.791293
1770803064.7693093,0.000227,0.001916,0.000196,-0.024425,-0.097601,9.828403
1770803064.773533,-0.002968,0.00165,-7e-05,-0.0759,-0.103587,9.827206
1770803064.7790546,-0.000838,-0.002078,0.000729,-0.061535,-0.096404,9.823615
1770803064.7836444,0.000494,-0.004209,-0.000869,-0.012455,-0.097601,9.793687
1770803064.7924907,0.002092,-0.004742,-0.001135,-0.014849,-0.079645,9.79249
1770803064.7937145,0.001026,0.001117,0.000729,-0.037593,-0.095207,9.806855
1770803064.8000813,0.002891,-0.007937,-0.001135,-0.073508,-0.092814,9.827205
1770803064.8051965,-0.001637,0.002449,0.000463,-0.060338,-0.09401,9.82122
1770803064.8101926,-0.001104,0.003514,-7e-05,-0.022031,-0.088025,9.822417
1770803064.817224,-0.001903,0.00165,-0.000336,-0.007666,-0.091616,9.809249
1770803064.8214328,-0.000838,0.002982,-0.000603,-0.034002,-0.096404,9.815235
1770803064.8252378,-0.002436,0.004313,0.000463,-0.049565,-0.107179,9.811643
1770803064.8293958,-0.000572,5.2e-05,0.000463,-0.059141,-0.089222,9.82122
1770803064.8347538,0.001293,-0.001279,-0.000869,-0.031608,-0.090419,9.828403
1770803064.843481,0.00076,0.007509,0.001528,-0.019639,-0.090418,9.830796
1770803064.8541803,0.001825,0.00165,-0.000336,-0.03879,-0.083236,9.810446
1770803064.857981,0.001026,-0.004742,0.000196,-0.059142,-0.089222,9.800869
1770803064.8582003,-0.000572,-0.001013,0.000463,-0.059141,-0.09401,9.799673
1770803064.8596551,-0.001104,0.002715,-7e-05,-0.025622,-0.084433,9.799673
1770803064.8647137,-0.000305,0.002183,-0.000603,-0.022031,-0.08563,9.806855
1770803064.8697524,0.002358,-0.002877,-7e-05,-0.042382,-0.098799,9.82122
1770803064.8760211,0.002624,-0.001013,-0.000603,-0.067521,-0.084433,9.828403
1770803064.8842895,-3.9e-05,-0.001279,-0.000603,-0.067521,-0.105981,9.805658
1770803064.8874133,0.001559,-0.001546,0.000196,-0.025622,-0.098799,9.799673
1770803064.9217033,-0.000305,0.004313,-7e-05,-0.014849,-0.088025,9.794884
1770803064.9218526,0.000227,-0.000747,-7e-05,-0.034002,-0.101193,9.803264
1770803064.9220707,0.000494,-0.001279,-7e-05,-0.05555,-0.089222,9.803264
1770803064.9220834,-0.00137,-0.000214,-0.000336,-0.063929,-0.099996,9.823615
1770803064.9220915,0.000494,0.001384,-7e-05,-0.039987,-0.099996,9.808052
1770803064.922099,0.001559,0.00165,0.000196,-0.019637,-0.098798,9.805658
1770803064.922106,0.00076,0.000585,-7e-05,-0.036396,-0.089222,9.810446
1770803064.9251788,-0.000305,0.001916,0.000463,-0.053156,-0.101193,9.797278
1770803064.930457,-0.000572,-0.001013,-7e-05,-0.05555,-0.09401,9.796081
1770803064.935663,-0.000838,0.001916,-7e-05,-0.037593,-0.101193,9.810446
1770803064.9435503,0.002358,-0.003942,-0.000869,-0.020834,-0.096405,9.81284
1770803064.945632,0.000494,0.004047,0.000729,-0.036397,-0.09401,9.816432
1770803064.954196,0.00076,-0.000214,0.000196,-0.044776,-0.098799,9.812841
1770803064.9613652,-3.9e-05,-0.00554,-0.001135,-0.060339,-0.097601,9.792489
1770803064.9622104,0.00076,-0.003942,-0.000336,-0.036397,-0.097602,9.804461
1770803064.968882,-0.000305,-0.002345,-0.000336,-0.020834,-0.083236,9.802067
1770803064.9803221,0.002891,-0.002611,-7e-05,-0.017243,-0.078448,9.810446
1770803064.9808695,0.001559,-0.002611,-7e-05,-0.051959,-0.096405,9.826008
1770803064.9813285,0.000494,-0.00341,-0.000869,-0.071112,-0.089222,9.831994
1770803064.9883285,-0.00137,-0.001013,-0.001135,-0.050761,-0.097601,9.816432
1770803064.9911509,0.001825,0.002715,0.000729,-0.030411,-0.08563,9.802067
1770803064.9982302,-0.002436,0.004846,0.000196,-0.019637,-0.072463,9.792489
1770803065.001539,0.003423,-0.005807,0.000196,-0.045974,-0.095208,9.803263
1770803065.0094788,0.004222,-0.011666,-0.000603,-0.055554,-0.113165,9.834386
1770803065.0119438,-0.000305,-0.002877,0.000463,-0.037593,-0.108375,9.827206
1770803065.01862,-0.001637,0.001916,0.000463,-0.011257,-0.088025,9.806855
1770803065.0214174,-0.001903,0.005112,-0.000336,-0.014849,-0.080842,9.787701
1770803065.0290153,-0.003501,0.007775,0.000463,-0.043581,-0.076055,9.79608
1770803065.0317373,-0.001903,-0.000214,0.000463,-0.072309,-0.083236,9.811643
1770803065.0399857,-0.001903,-0.000214,-0.001135,-0.060338,-0.091616,9.810446
1770803065.0416667,0.000227,0.003514,-7e-05,-0.014849,-0.078448,9.823614
1770803065.0469427,-0.000838,0.005112,-0.000336,-0.016046,-0.095207,9.814037
1770803065.0527515,-0.000305,-0.001279,-0.000336,-0.049564,-0.091616,9.827206
1770803065.063395,-0.000572,0.002183,0.000463,-0.053156,-0.099996,9.809249
1770803065.0635343,0.002624,-0.006872,-0.000869,-0.044777,-0.099996,9.799671
1770803065.06866,0.000227,-0.001546,0.000196,-0.019637,-0.105981,9.799672
1770803065.0722294,-0.002169,0.005911,0.000729,-0.008864,-0.099996,9.811643
1770803065.07987,0.000227,0.000319,0.000196,-0.036396,-0.097601,9.827206
1770803065.082596,-0.001104,-0.00048,-0.000603,-0.069915,-0.103587,9.815235
1770803065.0927272,-0.000838,5.2e-05,0.000995,-0.074703,-0.095207,9.820023
1770803065.0932996,-0.000838,-0.001013,-0.000869,-0.037593,-0.08563,9.794884
1770803065.1018717,-0.000572,0.001916,0.000463,-0.025622,-0.091616,9.798475
1770803065.103981,-0.000305,0.001118,0.000196,-0.013651,-0.088025,9.797278
1770803065.1101136,-0.001104,-0.001279,-0.000869,-0.045973,-0.098799,9.826009
1770803065.1122575,0.000227,-0.001546,-0.000603,-0.054353,-0.090419,9.830797
1770803065.1210768,-0.000838,-0.001013,-7e-05,-0.039987,-0.091616,9.82122
1770803065.1306303,0.00076,-0.001812,-0.000336,-0.024425,-0.088025,9.804461
1770803065.1329029,0.00076,0.003248,0.000463,-0.036396,-0.084433,9.79249
1770803065.1332638,0.001026,-0.002078,-0.000336,-0.041185,-0.108375,9.786504
1770803065.1377964,0.001026,-0.000747,0.001528,-0.065127,-0.082039,9.802067
1770803065.1433995,-0.000305,0.002449,-0.000336,-0.05555,-0.082039,9.808052
1770803065.1503649,-0.000305,-0.000214,-0.000336,-0.03879,-0.097601,9.836783
1770803065.155275,-0.001104,-0.000214,-7e-05,-0.030411,-0.096404,9.816432
1770803065.1574075,-0.000305,0.002449,0.000995,-0.025622,-0.098799,9.803264
1770803065.1655352,-0.000305,0.001916,-7e-05,-0.028017,-0.101193,9.809249
1770803065.1682055,-0.002968,0.005645,0.001262,-0.0352,-0.088025,9.800869
1770803065.1751246,-0.002436,0.008042,0.001528,-0.038793,-0.078448,9.803262
1770803065.17781,-0.003501,0.00671,0.001262,-0.041186,-0.086828,9.827205
1770803065.1864176,-0.005099,0.012835,0.001794,-0.04957,-0.096406,9.817626
1770803065.1881537,-0.000305,0.000585,0.000196,-0.060338,-0.090419,9.816432
1770803065.1937532,-0.001104,-0.000747,-0.000336,-0.036396,-0.095207,9.823614
1770803065.1982567,0.000227,0.00165,0.000463,-0.025622,-0.098799,9.781715
1770803065.2064605,-0.000838,-0.000747,-7e-05,-0.023228,-0.083236,9.792489
1770803065.2085752,0.001825,-0.001546,-0.000336,-0.016046,-0.090419,9.822417
1770803065.215279,-0.001104,0.002715,0.000196,-0.031608,-0.101193,9.816431
1770803065.2201533,0.002358,-0.003143,-0.000603,-0.034002,-0.103587,9.814037
1770803065.2266543,0.000494,-0.001546,0.000463,-0.051959,-0.091616,9.814037
1770803065.2291822,-0.001903,-0.001013,-0.000869,-0.050761,-0.090419,9.809249
1770803065.2340589,0.003423,-0.010867,-0.000603,-0.043583,-0.09042,9.798473
1770803065.2390268,0.001825,-0.005008,-0.000603,-0.041186,-0.097602,9.800869
1770803065.2455556,-3.9e-05,-0.000214,-0.000336,-0.019637,-0.08563,9.816431
1770803065.2490838,-0.000305,0.004047,0.000729,-0.029214,-0.091616,9.829599
1770803065.2584507,-0.000838,0.001917,-0.000336,-0.04717,-0.098799,9.814037
1770803065.2702172,-3.9e-05,-0.002345,-0.000603,-0.048367,-0.101193,9.814037
1770803065.2704742,0.001026,-0.005807,-0.000869,-0.036397,-0.091616,9.799671
1770803065.2721317,-3.9e-05,0.004047,0.000463,-0.013652,-0.096404,9.799672
1770803065.2744524,-0.002436,0.005112,0.000196,-0.025623,-0.090419,9.798474
1770803065.2803395,-0.001104,0.003248,0.000729,-0.038791,-0.088025,9.808051
1770803065.284849,0.001559,-0.001279,-7e-05,-0.050762,-0.080842,9.837979
1770803065.2940178,0.000227,0.000319,0.000463,-0.050761,-0.088025,9.822417
1770803065.2941601,-0.000305,0.002715,0.000729,-0.034002,-0.086828,9.809249
1770803065.2998693,0.001026,0.001384,0.000463,-0.053156,-0.090419,9.802066
1770803065.3046787,0.001293,5.2e-05,0.000196,-0.051959,-0.099996,9.803263
1770803065.311614,-3.9e-05,-0.001279,-0.000603,-0.034002,-0.103587,9.814037
1770803065.31592,0.001559,-0.001812,-0.000603,-0.020834,-0.103587,9.820023
1770803065.3228757,-3.9e-05,0.005645,0.000729,-0.018441,-0.105981,9.821219
1770803065.3252704,-0.000572,0.004047,-7e-05,-0.049565,-0.090419,9.817628
1770803065.3351014,0.001559,-0.002611,0.000729,-0.051959,-0.098799,9.818825
1770803065.3352635,0.001825,-0.002877,-7e-05,-0.032805,-0.092813,9.786504
1770803065.3493767,-0.003767,0.002183,-0.000603,-0.041185,-0.066477,9.800869
1770803065.3504941,0.001293,-0.00048,-0.000603,-0.042382,-0.072462,9.802066
1770803065.3508356,-0.000305,0.001917,-7e-05,-0.060338,-0.078448,9.834388
1770803065.35975,0.001026,-0.001013,-0.000336,-0.059141,-0.080842,9.830797
1770803065.3605232,0.000227,0.001384,-7e-05,-0.028017,-0.095207,9.834388
1770803065.371416,0.001559,-0.004475,-0.000603,-0.006469,-0.107178,9.815234
1770803065.371455,-0.006164,0.010705,-7e-05,-0.00767,-0.10718,9.792487
1770803065.3751473,-0.002702,0.004047,0.000463,-0.037594,-0.105982,9.799672
1770803065.380554,-0.002436,-0.000747,-7e-05,-0.057944,-0.115558,9.822417
1770803065.3870554,0.005287,-0.012731,-0.000869,-0.060344,-0.105983,9.834385
1770803065.3985274,0.004755,-0.00554,-7e-05,-0.057945,-0.103588,9.785306
1770803065.3992734,-0.000305,0.001118,0.000463,-0.030411,-0.071265,9.843965
1770803065.4007816,0.000227,0.002183,0.000196,-0.04717,-0.077251,9.790095
1770803065.4066474,-0.001104,-0.00048,-7e-05,-0.056747,-0.082039,9.802066
1770803065.4114017,0.000227,0.001917,0.000196,-0.01844,-0.089222,9.797278
1770803065.4158633,0.00076,-0.001013,-0.000336,-0.01006,-0.082039,9.815234
1770803065.4226224,-0.00137,0.007775,0.001528,-0.017245,-0.092813,9.814036
1770803065.4257088,-0.001637,0.003248,0.000196,-0.029214,-0.097602,9.823614
1770803065.431905,-0.002702,0.006977,0.000196,-0.077099,-0.102391,9.805657
1770803065.4372065,-3.9e-05,-0.007405,-7e-05,-0.061537,-0.098799,9.800868
1770803065.4410298,0.004488,-0.006073,-7e-05,-0.050763,-0.104785,9.792488
1770803065.448574,-0.000572,0.001917,0.000196,-0.028017,-0.095207,9.803263
1770803065.451132,0.000494,0.002183,-0.000336,-0.029214,-0.091616,9.817628
1770803065.4586828,0.001026,0.00165,0.000196,-0.038791,-0.101193,9.828402
1770803065.4624739,-0.001371,0.004313,0.000196,-0.044777,-0.088025,9.835584
1770803065.4756713,0.001026,-0.006872,-0.000336,-0.028018,-0.101193,9.806853
1770803065.4764583,0.001825,-0.001812,-7e-05,-0.016046,-0.084434,9.791292
1770803065.4765997,0.001825,-0.000214,0.001261,-0.02682,-0.083236,9.798475
1770803065.4818633,0.000227,0.002183,-7e-05,-0.048368,-0.09401,9.803263
1770803065.4894319,-0.000305,0.000585,-0.000869,-0.061536,-0.088025,9.829599
1770803065.4914336,0.001825,-0.002877,-0.000336,-0.047171,-0.090419,9.827205
1770803065.497166,-3.9e-05,0.001118,0.000196,-0.039988,-0.090419,9.815234
1770803065.5053823,-0.001371,0.000851,-0.001135,-0.034002,-0.096404,9.799672
1770803065.5073133,0.000494,-0.005008,-7e-05,-0.04358,-0.095207,9.794883
1770803065.538816,0.001026,0.000585,0.000463,-0.042382,-0.095207,9.803263
1770803065.5389347,-0.000305,-0.00048,0.000463,-0.025623,-0.098799,9.808051
1770803065.5396793,0.00076,0.004047,-7e-05,-0.028017,-0.090419,9.821219
1770803065.5396917,0.001559,0.002183,0.000196,-0.023228,-0.096404,9.817628
1770803065.5398452,-0.000572,0.000585,-7e-05,-0.049565,-0.097602,9.818825
1770803065.540948,-0.000305,0.000319,0.000463,-0.050762,-0.089222,9.79608
1770803065.5422118,0.000494,5.2e-05,0.000463,-0.049565,-0.084433,9.805657
1770803065.5484517,-0.001104,0.000851,-0.000336,-0.041185,-0.084433,9.803263
1770803065.57529,0.001026,-0.003942,0.000463,-0.0352,-0.079645,9.805657
1770803065.5753672,0.000227,-0.000214,-0.000869,-0.035199,-0.089222,9.816431
1770803065.575398,0.001559,-0.001013,0.000463,-0.039988,-0.09401,9.817628
1770803065.5756235,0.001026,0.002183,0.000995,-0.037594,-0.095207,9.818825
1770803065.5757036,-0.000305,-0.001546,-0.000603,-0.030411,-0.103587,9.810446
1770803065.5819561,-0.000305,0.001384,-0.000336,-0.023228,-0.095207,9.787701
1770803065.5851853,0.002891,-0.004209,-0.000336,-0.02682,-0.104785,9.808051
1770803065.5939345,0.00076,-0.00341,-0.000336,-0.036397,-0.098799,9.810445
1770803065.5940013,0.001825,-0.004475,-0.000603,-0.044777,-0.103587,9.821219
1770803065.5981863,0.002891,-0.00341,0.000196,-0.032805,-0.094011,9.826008
1770803065.604854,0.002891,-0.008203,-0.001402,-0.030413,-0.084434,9.820021
1770803065.6080158,0.001559,-0.002078,0.000196,-0.035199,-0.085631,9.80446
1770803065.6155152,0.000494,0.001917,0.000196,-0.035199,-0.088025,9.805657
1770803065.618552,0.002092,0.002183,-7e-05,-0.037594,-0.074856,9.802066
1770803065.6258433,-0.000305,0.000851,0.000995,-0.035199,-0.088025,9.79608
1770803065.6283877,-0.000838,0.000851,-0.000603,-0.035199,-0.091616,9.829599
1770803065.6394205,-3.9e-05,0.001917,0.000463,-0.041185,-0.090419,9.829599
1770803065.641266,-0.001104,-0.000214,-0.001135,-0.039988,-0.10239,9.824811
1770803065.6436522,0.002891,-0.002344,0.000196,-0.034002,-0.086828,9.792489
1770803065.648166,-0.001104,0.000851,-7e-05,-0.050762,-0.099996,9.798475
1770803065.6556687,-0.000838,0.00458,0.000463,-0.04358,-0.09401,9.803263
1770803065.6584918,0.001026,0.000585,0.000463,-0.025623,-0.107178,9.817628
1770803065.6829093,-0.001637,0.002982,0.000196,-0.02682,-0.104784,9.829599
1770803065.6830478,0.002092,-0.00554,-0.000869,-0.039989,-0.083237,9.821219
1770803065.6832087,-0.000305,0.002183,0.000196,-0.054353,-0.091616,9.803263
1770803065.683223,-3.9e-05,0.000851,0.000729,-0.050762,-0.077251,9.811643
1770803065.6839137,0.000494,-0.002877,0.000463,-0.037594,-0.091616,9.786503
1770803065.6910617,0.000227,0.001118,0.000196,-0.020834,-0.089222,9.802066
1770803065.693716,-0.001371,0.003514,-7e-05,-0.030411,-0.080842,9.827205
1770803065.699014,-0.001637,0.000851,-0.000603,-0.053156,-0.09401,9.826008
1770803065.708041,0.000227,5.2e-05,-7e-05,-0.049565,-0.085631,9.827205
1770803065.7088623,-0.000305,0.000585,-0.000336,-0.039988,-0.095207,9.809248
1770803065.7169816,0.00076,-0.000747,0.000196,-0.037594,-0.099996,9.793686
1770803065.7197976,-0.002702,0.005379,0.000196,-0.030412,-0.090419,9.790094
1770803065.7256992,0.001026,-0.003942,-0.000336,-0.042382,-0.089222,9.806854
1770803065.729499,-0.001104,-0.000747,-0.001135,-0.05555,-0.096404,9.817628
1770803065.736259,0.000227,-0.00048,-0.000336,-0.039988,-0.092813,9.806854
1770803065.7396789,-0.000572,0.001384,0.000196,-0.044776,-0.079645,9.809248
1770803065.746848,-3.9e-05,0.002982,0.000463,-0.044776,-0.092813,9.79608
1770803065.7499204,-0.001104,0.001384,-7e-05,-0.048368,-0.092813,9.803262
1770803065.758131,-0.000838,5.2e-05,0.000729,-0.035199,-0.097602,9.803262
1770803065.7593472,0.001825,-0.000747,-0.000336,-0.029214,-0.092813,9.818825
1770803065.7691958,-0.002968,0.004313,0.000196,-0.024426,-0.10239,9.821218
1770803065.7699525,0.000494,-0.002078,-0.000603,-0.037594,-0.095207,9.821219
1770803065.7807813,0.001293,-0.004209,-0.001135,-0.034003,-0.091616,9.811642
1770803065.780865,-0.001371,0.002449,0.000462,-0.042382,-0.099996,9.798474
1770803065.7863247,0.001559,-0.005008,-0.001135,-0.031609,-0.095208,9.799671
1770803065.794746,-0.001903,0.00165,-0.000603,-0.028017,-0.089222,9.799671
1770803065.7949593,-0.001371,0.002449,0.000462,-0.045974,-0.077251,9.814036
1770803065.7997177,0.000227,-0.00048,0.000196,-0.035199,-0.092813,9.831993
1770803065.8054783,-0.001104,-0.003143,-0.000336,-0.061536,-0.078448,9.827204
1770803065.8101232,0.001559,-0.004741,-0.000869,-0.038792,-0.096405,9.80805
1770803065.8161159,0.001559,-0.005008,-0.001135,-0.029215,-0.091616,9.810444
1770803065.8216882,-0.001104,0.003248,0.000462,-0.029214,-0.095207,9.806853
1770803065.8293276,-0.001371,0.005112,0.000462,-0.034003,-0.104784,9.814036
1770803065.8304794,0.001559,-0.001279,-7e-05,-0.043579,-0.088025,9.805656
1770803065.8363209,-0.002169,0.003514,0.000462,-0.051959,-0.099996,9.809248
1770803065.841377,-0.000838,0.00165,0.000995,-0.036397,-0.088025,9.803262
1770803065.8472614,-0.000572,0.004047,0.000462,-0.0352,-0.085631,9.80805
1770803065.850785,-0.000572,0.00165,0.000462,-0.0352,-0.101193,9.805657
1770803065.8579364,-0.000305,0.002716,0.000196,-0.042382,-0.101193,9.802065
1770803065.8606813,-0.002436,0.005379,0.000729,-0.04358,-0.090419,9.806853
1770803065.8658404,0.001559,0.001118,0.000462,-0.030411,-0.079645,9.811642
1770803065.8747737,-0.001104,0.003781,-7e-05,-0.042383,-0.088025,9.818824
1770803065.8823452,-0.004034,0.005112,0.000196,-0.029215,-0.088025,9.81643
1770803065.8825057,-0.000838,0.003514,-7e-05,-0.038791,-0.099996,9.805656
1770803065.8892496,0.000227,-0.001013,0.000196,-0.045973,-0.083236,9.804459
1770803065.8922675,-0.001371,0.002716,-0.000336,-0.037594,-0.082039,9.814036
1770803065.900783,-0.000305,0.000585,-0.000336,-0.038791,-0.088025,9.814036
1770803065.9066777,0.000227,0.000851,-7e-05,-0.037594,-0.091616,9.81643
1770803065.906931,-3.9e-05,0.000851,-7e-05,-0.035199,-0.091616,9.82481
1770803065.9125388,0.00076,-0.001013,-0.001402,-0.038791,-0.099996,9.822416
1770803065.9161837,-0.001104,0.003514,0.000995,-0.041185,-0.092813,9.808051
1770803065.9240842,0.001559,-0.003143,0.000196,-0.034003,-0.095208,9.793685
1770803065.926542,-0.001104,0.010439,0.001261,-0.037597,-0.103587,9.803261
1770803065.934498,0.003423,-0.006606,-0.000603,-0.03161,-0.084434,9.822415
1770803065.941299,0.001026,-0.000747,0.000196,-0.050762,-0.088025,9.826007
1770803065.9428642,0.001026,-0.001812,0.000196,-0.051959,-0.091616,9.812839
1770803065.946941,-3.9e-05,0.001118,0.001261,-0.034002,-0.095207,9.815233
1770803065.9524472,0.001825,0.00165,-0.000336,-0.017243,-0.101193,9.821219
1770803065.9574108,-0.002968,0.002982,0.000196,-0.029214,-0.080842,9.803262
1770803065.9625185,0.000227,-0.003676,0.000196,-0.031609,-0.090419,9.793685
1770803065.9668224,-3.9e-05,0.001118,0.000196,-0.038791,-0.084433,9.802065
1770803065.9752371,0.001026,-0.000214,-0.000336,-0.034002,-0.096404,9.826007
1770803065.9768882,-0.001903,0.004047,-7e-05,-0.0352,-0.088025,9.815233
1770803065.9845831,0.001293,-0.003942,-0.000869,-0.059142,-0.099996,9.802065
1770803065.9870265,-0.002169,0.004846,0.000196,-0.045974,-0.091616,9.806853
1770803065.991846,0.003689,-0.010334,-0.001135,-0.042386,-0.078449,9.812837
1770803065.9974513,0.000227,-0.001013,0.000196,-0.038791,-0.09401,9.81643
1770803066.0074065,0.002358,-0.004209,-0.000869,-0.023229,-0.089222,9.822416
1770803066.0074978,0.002358,-0.005008,-0.001135,-0.024427,-0.104785,9.812838
1770803066.0121284,0.001026,-0.003143,-0.000336,-0.037594,-0.095208,9.820021
1770803066.018436,0.002624,-0.002611,-7e-05,-0.030411,-0.092813,9.809247
1770803066.0232317,0.000494,-0.001013,-0.000603,-0.032805,-0.101193,9.802065
1770803066.0285552,0.00076,-0.00048,0.000196,-0.030411,-0.089222,9.805656
1770803066.0324752,-3.9e-05,-0.00048,0.000462,-0.032805,-0.091616,9.803262
1770803066.03887,0.00076,-0.003143,-7e-05,-0.032806,-0.095208,9.826007
1770803066.0422387,-0.000572,0.000851,-7e-05,-0.043579,-0.090419,9.826007
1770803066.0488696,-0.001903,0.003781,0.000729,-0.037594,-0.095208,9.829598
1770803066.0527916,0.002358,-0.003676,0.000196,-0.044777,-0.095208,9.80805
1770803066.059197,0.001559,-0.004475,-0.000336,-0.05196,-0.092813,9.797276
1770803066.0628276,0.001026,-0.001279,-7e-05,-0.024426,-0.086828,9.803262
1770803066.0702236,-0.000572,0.000851,0.000462,-0.031608,-0.084434,9.800868
1770803066.076245,-0.002702,0.003781,0.000729,-0.04358,-0.083237,9.815233
1770803066.0811791,-0.003767,0.008042,0.000462,-0.038793,-0.086829,9.812837
1770803066.0927062,-0.000305,5.2e-05,0.000196,-0.031608,-0.088025,9.812839
1770803066.0933158,0.000494,-0.000747,-7e-05,-0.053156,-0.095207,9.809247
1770803066.093994,-0.000838,0.001118,-0.000336,-0.028017,-0.09401,9.800868
1770803066.1024656,-0.000838,0.002449,-0.000336,-0.02682,-0.080842,9.802065
1770803066.1041284,-0.001637,5.2e-05,-0.000336,-0.023229,-0.088025,9.809247
1770803066.108877,-0.000572,0.00458,0.000462,-0.0352,-0.09401,9.80805
1770803066.1166954,-0.001637,0.005911,0.000462,-0.045975,-0.088025,9.829598
1770803066.1189103,0.000494,-0.001546,0.000196,-0.037594,-0.091616,9.834387
1770803066.1234949,0.001825,-0.004475,-0.000336,-0.050763,-0.092813,9.805656
1770803066.1286745,0.00076,-0.000747,0.000196,-0.044776,-0.086828,9.797276
1770803066.1338837,-0.002436,0.003248,-7e-05,-0.048368,-0.098799,9.792488
1770803066.1423352,0.001825,-0.002877,0.000462,-0.041185,-0.097602,9.800868
1770803066.1440609,-0.000305,0.000585,0.000196,-0.038791,-0.086828,9.80805
1770803066.1501029,0.002891,0.000851,0.000196,-0.037594,-0.091616,9.822415
1770803066.1543365,-0.000305,0.00165,0.000196,-0.025623,-0.080842,9.803262
1770803066.1599784,-3.9e-05,0.002715,0.000196,-0.034003,-0.079645,9.800868
1770803066.1639407,-3.9e-05,-0.00048,-0.001135,-0.032805,-0.095207,9.805656
1770803066.1706293,0.001026,0.000319,-7e-05,-0.022031,-0.092813,9.812839
1770803066.1754403,0.003956,-0.004741,-0.000869,-0.030412,-0.062886,9.806853
1770803066.1805117,-0.005099,0.011504,0.000462,-0.026824,-0.067676,9.830793
1770803066.1971862,0.002092,-0.00341,0.000196,-0.031609,-0.076054,9.843963
1770803066.1972697,0.002092,-0.002611,0.000729,-0.075901,-0.103587,9.732633
1770803066.198568,0.000494,0.002715,-7e-05,-0.028017,-0.04852,9.859526
1770803066.2080176,0.00076,-0.000214,-0.000603,-0.054353,-0.090419,9.756575
1770803066.208134,0.000494,0.000851,-7e-05,-0.028017,-0.091616,9.828401
1770803066.2099605,0.002092,0.000319,-7e-05,-0.037594,-0.115558,9.800868
1770803066.217028,0.000227,-0.003143,-7e-05,-0.034003,-0.104784,9.820021
1770803066.220357,0.000494,0.002715,0.000462,-0.048368,-0.101193,9.80805
1770803066.2264702,-0.001637,0.00165,0.000196,-0.043579,-0.107179,9.800868
1770803066.2300704,0.00076,0.000319,-7e-05,-0.0352,-0.096405,9.814036
1770803066.2351756,-3.9e-05,-0.000214,-0.001402,-0.031608,-0.097602,9.800868
1770803066.2412047,-0.000305,0.000585,0.000995,-0.05555,-0.101193,9.81643
1770803066.2465289,-0.000572,-0.002877,-7e-05,-0.04358,-0.104784,9.798473
1770803066.2499902,-0.001637,0.002982,-0.000603,-0.029214,-0.096405,9.827204
1770803066.2571254,0.001559,-0.001013,-0.000869,-0.032805,-0.099996,9.822415
1770803066.2599761,-0.000838,0.00165,-7e-05,-0.044776,-0.086828,9.810444
1770803066.2666576,0.002358,-0.004741,-7e-05,-0.036398,-0.097602,9.803261
1770803066.2708561,-0.0043,0.00964,0.000462,-0.038794,-0.094012,9.804457
1770803066.275684,-3.9e-05,-0.000214,-0.000336,-0.041185,-0.082039,9.800867
1770803066.2820914,0.00076,-0.000214,-7e-05,-0.044777,-0.096405,9.821218
1770803066.2920492,0.001026,-0.005008,-0.000603,-0.034003,-0.090419,9.82002
1770803066.2927275,-0.002436,0.004047,-0.000603,-0.039989,-0.089222,9.835583
1770803066.2953694,0.002624,-0.001279,-7e-05,-0.043579,-0.097602,9.797276
1770803066.3013093,0.000227,0.000585,0.000462,-0.034003,-0.082039,9.805656
1770803066.3080926,-0.001903,0.002183,-0.000603,-0.034003,-0.095208,9.800867
1770803066.3137221,0.002624,-0.004209,-0.000603,-0.029215,-0.10239,9.810444
1770803066.316624,-3.9e-05,-0.001013,-0.000603,-0.032806,-0.105981,9.798473
1770803066.326277,-0.00137,0.000585,0.000462,-0.02682,-0.092813,9.815232
1770803066.3263857,-0.001104,0.001118,-0.000336,-0.038791,-0.095208,9.810444
1770803066.3308156,-0.000305,-0.001013,-0.000336,-0.042382,-0.083237,9.804458
1770803066.3366396,0.00076,0.00165,0.000729,-0.042382,-0.086828,9.796079
1770803066.3412986,-0.001903,0.004313,0.000729,-0.037595,-0.07366,9.802064
1770803066.3469467,-0.00137,-0.000747,-0.000336,-0.038791,-0.095207,9.821218
1770803066.3517911,0.001825,-0.002345,-0.000336,-0.044777,-0.086828,9.826006
1770803066.359243,0.001026,-0.001279,-0.000603,-0.037594,-0.089222,9.816429
1770803066.361762,0.000494,-0.001279,0.000462,-0.037594,-0.091616,9.806853
1770803066.370359,0.001825,-0.004209,-0.000336,-0.041186,-0.094011,9.810444
1770803066.371791,0.000494,0.004313,-7e-05,-0.039989,-0.088025,9.797276
1770803066.3761141,0.002358,-0.006606,-0.000603,-0.029216,-0.085631,9.81164
1770803066.383662,-0.002968,0.001118,-0.000869,-0.029214,-0.096405,9.815232
1770803066.3869379,-0.001104,0.002715,0.000729,-0.030412,-0.09401,9.811641
1770803066.3965588,-3.9e-05,-0.002345,0.000729,-0.038791,-0.101193,9.824809
1770803066.397278,0.001293,-0.003942,-0.000603,-0.049565,-0.104784,9.802064
1770803066.4033582,0.00076,0.002183,0.000729,-0.0352,-0.091616,9.796079
1770803066.4070063,0.003157,-0.004475,-0.000336,-0.037595,-0.103588,9.793684
1770803066.4130988,0.000227,-0.002611,-0.000336,-0.032806,-0.09401,9.805656
1770803066.4173443,-0.002169,0.003781,-7e-05,-0.032806,-0.089222,9.80805
1770803066.424706,0.001026,0.001917,0.000729,-0.039988,-0.089222,9.824809
1770803066.427566,-0.000838,0.003514,0.000462,-0.036397,-0.095208,9.809247
1770803066.4358797,-0.001637,0.002982,-7e-05,-0.032806,-0.091616,9.80805
1770803066.4369519,0.000494,-0.001279,0.000196,-0.031608,-0.084434,9.798473
1770803066.4422164,0.000494,0.001384,-0.000336,-0.031608,-0.098799,9.79967
1770803066.4471552,-0.001637,-0.00048,-0.000336,-0.042382,-0.098799,9.810444
1770803066.4535296,0.002624,-0.009002,-0.001135,-0.035203,-0.098799,9.826005
1770803066.4576762,0.000494,-0.00048,-0.000603,-0.039988,-0.088025,9.818824
1770803066.463874,-0.002436,0.00671,0.001261,-0.050764,-0.089222,9.80326
1770803066.4688892,0.003157,-0.008736,-0.001135,-0.042385,-0.084434,9.802063
1770803066.4749665,-0.001903,0.000851,0.000196,-0.036397,-0.086828,9.806853
1770803066.4774446,0.001559,-0.001279,-7e-05,-0.043579,-0.095208,9.814035
1770803066.4869123,-0.003235,0.005379,-7e-05,-0.028018,-0.089223,9.81164
1770803066.4883835,-0.000572,0.000319,-0.000603,-0.045974,-0.095208,9.821218
1770803066.4976163,-0.000572,-0.002877,-0.000869,-0.039988,-0.107178,9.812838
1770803066.5500968,0.00076,-0.000747,-7e-05,-0.042382,-0.09401,9.810444
1770803066.5564826,0.001559,-0.001812,-7e-05,-0.034003,-0.094011,9.800867
1770803066.557282,0.001026,-0.001013,0.000196,-0.041185,-0.090419,9.793685
1770803066.557592,-0.000838,0.00165,-0.000336,-0.0352,-0.095208,9.798473
1770803066.5578077,0.00076,0.002715,0.000196,-0.039988,-0.098799,9.824809
1770803066.5580196,-0.000572,0.002449,0.000196,-0.045974,-0.095208,9.823612
1770803066.558179,-0.000838,-0.000214,-0.000336,-0.043579,-0.086828,9.81643
1770803066.5583026,-0.001104,0.001118,0.000462,-0.043579,-0.090419,9.812838
1770803066.5583644,-0.001371,0.002449,0.000462,-0.044777,-0.091616,9.808049
1770803066.558507,0.001559,-0.000747,0.000462,-0.038791,-0.092813,9.797276
1770803066.55893,-0.000572,0.002449,0.000196,-0.034003,-0.099996,9.802064
1770803066.559117,-0.000572,0.003514,0.000729,-0.041186,-0.099996,9.815232
1770803066.5596466,0.004222,-0.007405,0.000196,-0.041187,-0.080843,9.812837
1770803066.5641003,0.001293,-0.002611,-7e-05,-0.031609,-0.097602,9.816429
1770803066.5686984,-0.000305,0.001384,-7e-05,-0.0352,-0.091616,9.818823
1770803066.5738206,-0.000838,5.2e-05,-7e-05,-0.039988,-0.090419,9.793684
1770803066.5800793,0.000227,-0.001812,0.000196,-0.04358,-0.091616,9.79967
1770803066.583586,-0.000305,0.001384,0.000462,-0.04358,-0.079645,9.820021
1770803066.591308,-0.001371,0.002715,0.000196,-0.0352,-0.089222,9.814035
1770803066.5990973,-0.002436,0.003781,-0.000337,-0.032806,-0.095208,9.82002
1770803066.5992258,-0.002169,-0.001279,-0.000603,-0.039988,-0.09401,9.816429
1770803066.6067336,0.00076,0.003248,0.001261,-0.029215,-0.10239,9.797275
1770803066.612546,-0.001104,0.003514,0.000196,-0.0352,-0.086828,9.804458
1770803066.6142576,-0.001104,0.004047,0.000196,-0.0352,-0.094011,9.800867
1770803066.6205633,0.002624,-0.002877,0.000196,-0.044777,-0.078448,9.811641
1770803066.6250563,-0.000572,-0.001546,-0.000337,-0.055551,-0.091616,9.829597
1770803066.6300316,0.00076,5.2e-05,0.000196,-0.056748,-0.107179,9.815232
1770803066.636411,0.00076,-0.000747,-0.000337,-0.0352,-0.088025,9.809247
1770803066.6397657,-0.001637,0.000585,-7e-05,-0.042382,-0.071266,9.802064
1770803066.6438177,0.001293,-0.003676,-0.000869,-0.036397,-0.079645,9.803261
1770803066.6500642,0.002092,0.000319,0.000196,-0.036397,-0.096405,9.787699
1770803066.6558142,-0.000838,0.000319,-7e-05,-0.0352,-0.097602,9.810444
1770803066.6601331,0.001825,-0.004741,-0.000869,-0.034004,-0.088025,9.818823
1770803066.665031,0.00076,-0.002345,-0.000337,-0.045974,-0.094011,9.815232
1770803066.6729364,-3.9e-05,-0.000747,-0.000337,-0.036397,-0.091616,9.810444
1770803066.6746106,-0.000572,0.00165,-0.000603,-0.039988,-0.089222,9.810444
1770803066.6833901,-0.000838,0.006177,0.000995,-0.049566,-0.08204,9.800866
1770803066.6849797,-0.001104,0.002982,0.000196,-0.034003,-0.092814,9.805655
1770803066.6960769,-0.001371,0.004846,0.000462,-0.035201,-0.096405,9.814035
1770803066.704839,-0.000572,0.00165,-7e-05,-0.036397,-0.098799,9.814035
1770803066.706274,-0.001104,-0.001013,0.000196,-0.038791,-0.098799,9.815232
1770803066.7064066,0.000494,5.2e-05,-7e-05,-0.038791,-0.095208,9.802064
1770803066.709923,-3.9e-05,-0.00048,-7e-05,-0.034003,-0.095208,9.80805
1770803066.7151885,-0.002436,0.00458,0.000462,-0.029215,-0.088025,9.792487
1770803066.7213578,-0.001637,0.003514,0.000196,-0.023229,-0.101193,9.79967
1770803066.7258677,0.001026,0.001916,0.000729,-0.031609,-0.097602,9.815232
1770803066.730188,0.000227,0.001384,-0.000603,-0.037594,-0.094011,9.80805
1770803066.7361188,-0.001903,0.001117,-0.000869,-0.044777,-0.090419,9.826006
1770803066.7415762,-0.001371,-0.00048,-7e-05,-0.044777,-0.088025,9.815232
1770803066.7455049,0.00076,-0.001279,-7e-05,-0.041185,-0.095208,9.804458
1770803066.7508698,-0.000838,0.002715,0.000995,-0.047171,-0.099996,9.79967
1770803066.7558718,-0.000572,0.002982,-0.000603,-0.028018,-0.078448,9.811641
1770803066.7612689,-0.000838,0.001117,0.000995,-0.044777,-0.099996,9.816429
1770803066.7660105,-3.9e-05,0.001117,0.000196,-0.048368,-0.104784,9.797276
1770803066.7711713,-0.000572,0.001916,0.000196,-0.0352,-0.089222,9.806852
1770803066.777957,0.002358,-0.00341,0.000462,-0.039989,-0.09042,9.817626
1770803066.7809396,0.001825,0.000585,0.000462,-0.041185,-0.099996,9.803261
1770803066.7868698,0.002358,-0.00554,-0.001402,-0.039989,-0.092814,9.798472
1770803066.798812,-0.000572,-0.00341,-7e-05,-0.036397,-0.089222,9.816429
1770803066.7988737,-0.001637,0.002982,-0.000337,-0.041186,-0.089222,9.810444
1770803066.8085394,-0.000572,0.004047,0.000462,-0.020835,-0.089222,9.82002
1770803066.8092663,-0.000305,0.002183,0.000196,-0.030412,-0.089222,9.809247
1770803066.8120077,0.000494,0.002183,0.001794,-0.044777,-0.094011,9.812838
1770803066.819051,0.000494,-0.002877,-0.001135,-0.034003,-0.095208,9.804458
1770803066.8214176,-3.9e-05,-0.001013,-0.000337,-0.037594,-0.098799,9.810443
1770803066.8269815,-0.001104,-0.00341,-0.001135,-0.029215,-0.104784,9.809246
1770803066.832288,0.00076,0.000318,0.000462,-0.038791,-0.086828,9.812838
1770803066.8374624,-3.9e-05,-0.002078,-7e-05,-0.045974,-0.094011,9.82002
1770803066.8420148,-0.000572,0.00165,0.000462,-0.047171,-0.08204,9.817626
1770803066.8482447,0.001026,-0.001546,-0.000337,-0.034003,-0.095208,9.805655
1770803066.8519657,-0.000572,-0.001546,-0.000603,-0.030412,-0.086828,9.800867
1770803066.8568218,-0.000305,0.000585,-0.000337,-0.048368,-0.096405,9.808049
1770803066.8624914,0.001026,-0.004209,-7e-05,-0.04358,-0.099996,9.812837
1770803066.8706813,-0.000305,-0.002877,-0.000337,-0.037594,-0.092814,9.821217
1770803066.8720572,-0.001637,0.002449,-7e-05,-0.036397,-0.094011,9.816429
1770803066.877382,-0.001903,0.004313,-7e-05,-0.037595,-0.088025,9.817626
1770803066.8833756,-0.002169,-0.002877,-0.000603,-0.034003,-0.09401,9.815232
1770803066.8879986,0.002358,-0.003144,-7e-05,-0.045974,-0.089223,9.81164
1770803066.896495,0.003689,-0.00554,-0.000337,-0.048369,-0.078449,9.815231
1770803066.897854,-0.002436,0.004846,0.000196,-0.042383,-0.094011,9.816428
1770803066.9070787,-0.001104,0.004313,0.000462,-0.035201,-0.098799,9.810443
1770803066.907731,-0.000305,-0.000214,-0.000337,-0.030412,-0.083237,9.809246
1770803066.912488,0.000227,0.002715,0.000196,-0.026821,-0.099996,9.81164
1770803066.9174535,0.001293,-0.00048,-0.000337,-0.024426,-0.099996,9.810443
1770803066.9241412,0.000227,-0.001279,-0.000337,-0.049565,-0.092814,9.81164
1770803066.9284623,-0.001637,-0.001279,-0.000603,-0.044777,-0.097602,9.806852
1770803066.9327419,0.001026,-0.001279,-7e-05,-0.032806,-0.083237,9.806852
1770803066.9404871,0.000227,0.002449,0.000729,-0.044777,-0.088025,9.806852
1770803066.942505,0.005554,-0.010068,-0.000869,-0.056751,-0.084436,9.809244
1770803066.948885,0.004222,-0.007138,-0.001135,-0.045976,-0.102391,9.809245
1770803066.954907,0.000227,5.2e-05,-0.000337,-0.036397,-0.094011,9.79967
1770803066.958347,-0.000572,0.004047,0.000462,-0.026821,-0.095208,9.799669
1770803066.9628584,-0.001104,-0.000747,-0.000603,-0.02682,-0.085631,9.805655
1770803066.9692721,-0.000572,0.006177,0.000729,-0.026822,-0.101193,9.817625
1770803066.973501,0.000227,0.000318,0.000196,-0.032806,-0.080843,9.811641
1770803066.9782484,-0.001104,0.000318,-0.000337,-0.044777,-0.085631,9.816429
1770803066.9856687,-0.000572,0.003781,0.000729,-0.042383,-0.083237,9.799669
1770803066.9889712,-0.000305,0.000585,-0.000603,-0.044777,-0.07366,9.802064
1770803066.9964287,-0.000572,-0.00048,-0.001402,-0.04358,-0.079645,9.805655
1770803066.9983578,0.002358,-0.004209,-7e-05,-0.047172,-0.095208,9.814034
1770803067.0087159,-0.001104,0.002183,0.000462,-0.038791,-0.10239,9.8284
1770803067.0136163,0.002624,-0.004742,-7e-05,-0.031609,-0.089223,9.81164
1770803067.0140257,0.00076,-0.001546,-7e-05,-0.038791,-0.096405,9.817626
1770803067.020752,0.001026,-0.001013,0.000196,-0.0352,-0.089222,9.814035
1770803067.0235434,-0.001371,-0.002345,-0.000869,-0.030412,-0.095208,9.79129
1770803067.0313983,-0.000572,-0.002078,-0.000337,-0.038791,-0.092814,9.808049
1770803067.0335965,0.000227,-0.00048,0.000196,-0.025623,-0.088025,9.811641
1770803067.0419297,-0.000838,0.001384,0.000462,-0.029215,-0.091616,9.818823
1770803067.0436666,0.002624,-0.002345,0.000196,-0.041186,-0.083237,9.812837
1770803067.0532064,-0.000572,-0.002345,-7e-05,-0.045974,-0.080843,9.81164
1770803067.0537558,0.000227,-0.001013,-0.000603,-0.048368,-0.095208,9.809246
1770803067.0595753,-3.9e-05,0.001384,-7e-05,-0.031609,-0.086828,9.798472
1770803067.0646179,-3.9e-05,0.000585,-7e-05,-0.042383,-0.083237,9.800867
1770803067.0691752,-0.000305,0.000585,-0.000869,-0.044777,-0.094011,9.811641
1770803067.075319,-0.002968,0.002715,0.000462,-0.042383,-0.092814,9.804458
1770803067.0792375,0.001293,0.000851,-7e-05,-0.048368,-0.099996,9.810443
1770803067.0855181,-0.002436,0.002449,-0.000603,-0.041186,-0.094011,9.82002
1770803067.089506,-0.000305,0.001117,-0.000603,-0.04358,-0.101193,9.803261
1770803067.096461,-0.001637,0.001916,0.000462,-0.039989,-0.095208,9.806852
1770803067.1036232,-0.001637,5.2e-05,0.000196,-0.024426,-0.104785,9.821217
1770803067.110742,-0.002968,0.005378,0.000196,-0.007668,-0.083237,9.822414
1770803067.1112363,0.00076,-0.00341,-0.000603,-0.017244,-0.079646,9.821217
1770803067.1144984,0.00076,0.001384,-0.000337,-0.041186,-0.071266,9.821217
1770803067.1199985,0.001559,-0.006872,-0.000869,-0.061538,-0.080843,9.810442
1770803067.1267214,0.001825,-0.000747,-0.000337,-0.060339,-0.078449,9.805655
1770803067.129937,0.001559,-0.001546,-0.000603,-0.037594,-0.080843,9.781713
1770803067.1357937,0.002092,-0.001812,-7e-05,-0.028018,-0.095208,9.808049
1770803067.1438427,-0.002968,0.006444,0.000995,-0.056749,-0.107179,9.820019
1770803067.1451974,0.000227,0.000318,0.000196,-0.056748,-0.115559,9.833188
1770803067.1531355,-0.001104,0.006177,0.001261,-0.022033,-0.114362,9.823611
1770803067.155482,0.001293,0.001916,0.000196,0.000713,-0.115559,9.802063
1770803067.162135,-0.000572,0.001384,-0.000337,-0.018441,-0.089222,9.797275
1770803067.1653774,-0.002436,0.006177,0.000462,-0.04837,-0.080843,9.810442
1770803067.1719854,0.001026,-0.002345,-0.000869,-0.078296,-0.080843,9.817626
1770803067.1753926,0.000227,-0.001279,-0.000337,-0.037594,-0.079646,9.810443
1770803067.1820452,0.00076,-0.001812,-0.000869,-0.019638,-0.083237,9.802063
1770803067.186152,-0.002702,0.006976,0.000196,-0.01126,-0.09042,9.808048
1770803067.193063,0.001293,-0.001279,-0.000603,-0.048368,-0.108376,9.805655
1770803067.1957247,0.001293,-0.001812,0.000729,-0.068719,-0.09042,9.814034
1770803067.2041466,-3.9e-05,5.2e-05,0.000462,-0.04358,-0.099996,9.810443
1770803067.2053108,-0.002169,0.005645,0.001261,-0.018442,-0.098799,9.814034
1770803067.2132728,0.002358,-0.002078,-0.001135,-0.018441,-0.098799,9.812837
1770803067.2155535,0.000494,0.000318,0.000196,-0.065128,-0.107179,9.833188
1770803067.2215316,-0.002968,0.003248,0.000462,-0.084282,-0.092814,9.822414
1770803067.2255294,0.001026,-0.005541,-0.001135,-0.045975,-0.094011,9.796077
1770803067.231214,0.00076,-0.003144,-0.001135,-0.005273,-0.085631,9.787698
1770803067.239236,-0.002169,0.006976,0.000729,0.007894,-0.083237,9.791289
1770803067.2412117,-0.001104,0.004047,0.000995,-0.031609,-0.092814,9.806851
1770803067.2488818,0.000494,-0.003943,-0.000337,-0.095056,-0.098799,9.823611
1770803067.2510848,0.00076,-0.002611,-0.000337,-0.083084,-0.095208,9.821217
1770803067.2593331,-0.000572,5.2e-05,-0.000603,-0.034003,-0.11077,9.804458
1770803067.2613678,-0.000572,0.003514,0.000196,-0.001682,-0.094011,9.800866
1770803067.2688825,-0.000305,5.2e-05,-0.000337,-0.018441,-0.096405,9.781713
1770803067.2717822,-3.9e-05,-0.000747,0.000196,-0.069916,-0.104785,9.81164
1770803067.2775986,-0.000838,-0.001546,-0.000603,-0.056748,-0.097602,9.8284
1770803067.2839406,0.001559,-0.003144,-0.000603,-0.01485,-0.079646,9.821217
1770803067.2869031,0.000227,0.002183,0.000196,0.00191,-0.076054,9.809246
1770803067.2918599,0.000227,0.00165,-7e-05,-0.026821,-0.096405,9.822414
1770803067.2974362,-0.000305,-0.001546,-0.001135,-0.065128,-0.095208,9.799669
1770803067.3076918,-0.000572,0.000851,0.000196,-0.07231,-0.085631,9.805655
1770803067.307744,-0.000305,0.001916,-7e-05,-0.042383,-0.102391,9.798472
1770803067.31892,0.00076,0.000318,-7e-05,-0.008864,-0.088025,9.805655
1770803067.3190734,-0.000838,0.00165,0.000729,-0.018441,-0.096405,9.816429
1770803067.3220088,0.002358,-0.002345,-0.000603,-0.061537,-0.103588,9.828399
1770803067.327829,-0.000305,-0.003943,-0.000337,-0.061537,-0.098799,9.826005
1770803067.3348467,0.001293,-0.004209,-0.000603,-0.049566,-0.091617,9.802063
1770803067.3369277,-0.002436,0.008042,0.000729,-0.014852,-0.091617,9.792485
1770803067.34189,-0.000572,0.004579,0.000729,-0.01485,-0.096405,9.791289
1770803067.3477767,-0.000838,5.2e-05,-7e-05,-0.025623,-0.102391,9.81164
1770803067.3530457,-0.001637,0.000585,-0.000603,-0.057945,-0.095208,9.82002
1770803067.3601325,0.00076,-0.002078,-7e-05,-0.05196,-0.098799,9.828399
1770803067.3622346,0.001293,0.000318,0.000729,-0.047171,-0.103588,9.806852
1770803067.3715045,-0.003235,0.003514,-0.000336,-0.020835,-0.099997,9.805654
1770803067.3731978,0.001293,-0.002611,0.000196,-0.007667,-0.097602,9.802063
1770803067.377458,-0.000838,0.00165,0.000729,-0.023229,-0.079646,9.810443
1770803067.3822124,0.001825,-0.004475,-0.000603,-0.036398,-0.076055,9.812837
1770803067.3915205,0.003423,-0.003676,0.000196,-0.038792,-0.079646,9.829596
1770803067.3923068,0.002358,-0.003943,-0.000336,-0.025624,-0.071266,9.818822
1770803067.3991818,-0.000838,0.005645,-7e-05,-0.026822,-0.083237,9.80326
1770803067.40261,-0.001104,-0.001812,-0.000869,-0.049566,-0.076054,9.787698
1770803067.4084837,-0.00217,0.003514,-0.000336,-0.061537,-0.092814,9.792486
1770803067.419661,0.001026,0.000318,0.000196,-0.037594,-0.088025,9.812837
1770803067.4197824,-0.001371,0.002183,0.000196,-0.017244,-0.101194,9.810443
1770803067.424139,0.00076,-0.000481,0.000462,-0.016047,-0.114362,9.812837
1770803067.4300916,-0.001104,0.002449,0.000196,-0.048369,-0.111968,9.827202
1770803067.4338174,-3.9e-05,-0.000214,0.000196,-0.056748,-0.107179,9.80326
1770803067.438958,0.001559,-0.002078,0.000462,-0.054354,-0.091617,9.802063
1770803067.4431129,-0.000838,0.005378,0.000196,-0.035201,-0.079646,9.788895
1770803067.4484608,-0.000572,0.000318,-0.001668,-0.0352,-0.074857,9.809246
1770803067.4549332,-3.9e-05,0.000318,-7e-05,-0.050763,-0.080843,9.810443
1770803067.4603179,0.00076,-0.003943,0.000196,-0.04358,-0.084434,9.814034
1770803067.4659638,-3.9e-05,0.001117,-7e-05,-0.028018,-0.089223,9.806851
1770803067.470941,-0.001104,0.002982,-7e-05,-0.012456,-0.101194,9.805654
1770803067.4733348,-0.0043,0.007509,-7e-05,-0.02802,-0.099998,9.810442
1770803067.4787757,0.000227,0.000318,0.000196,-0.044777,-0.086828,9.81164
1770803067.483715,-0.000838,0.002982,0.000196,-0.045974,-0.078449,9.823611
1770803067.488862,0.004488,-0.007671,-0.001135,-0.036399,-0.085632,9.818821
1770803067.4945648,-0.001371,0.00165,-0.000336,-0.038792,-0.09042,9.815231
1770803067.500827,0.001559,-0.00341,0.000196,-0.049566,-0.084434,9.797274
1770803067.5043194,0.001825,-0.002345,0.000462,-0.06034,-0.095208,9.799669
1770803067.5099912,0.000227,-0.00128,-7e-05,-0.037595,-0.089223,9.797275
1770803067.5210488,-0.000572,-0.000214,-0.000603,-0.019638,-0.092814,9.812837
1770803067.5211592,-3.9e-05,-0.00128,-0.000336,-0.008864,-0.085631,9.80326
1770803067.528535,-3.9e-05,0.005112,0.000196,-0.029216,-0.091617,9.809245
1770803067.5292618,-0.001371,5.2e-05,-0.000603,-0.061536,-0.105982,9.816428
1770803067.5374699,0.000494,-0.004209,-7e-05,-0.066325,-0.085631,9.815231
1770803067.53938,-0.002436,0.005911,0.001528,-0.04837,-0.0988,9.820019
1770803067.5458796,-0.000305,-0.002877,-0.000336,-0.024427,-0.088025,9.790092
1770803067.5544767,-3.9e-05,0.000851,0.000462,-0.023229,-0.088025,9.809246
1770803067.555864,-0.003235,0.00378,-7e-05,-0.036398,-0.088026,9.818822
1770803067.559398,-0.000572,0.00165,-0.000336,-0.048368,-0.086828,9.805654
1770803067.5651817,0.000227,-0.002611,-0.001135,-0.031609,-0.091617,9.814034
1770803067.5726647,-0.001371,0.002449,-0.000336,-0.025624,-0.09042,9.812837
1770803067.5747232,0.000227,0.001384,-7e-05,-0.026821,-0.085631,9.808049
1770803067.581581,-0.004566,0.006444,0.000729,-0.049567,-0.085632,9.800865
1770803067.5851383,0.00076,-0.002078,-0.000869,-0.048369,-0.099996,9.809246
1770803067.5912874,0.000494,-0.001013,-0.001668,-0.047171,-0.091617,9.817625
1770803067.5998063,-0.001104,0.00165,0.000196,-0.034003,-0.088025,9.82002
1770803067.5999832,-0.000305,-0.000214,0.000196,-0.032806,-0.094011,9.808049
1770803067.607737,-0.000305,-0.000481,-0.000336,-0.030412,-0.089223,9.809246
1770803067.6141407,-0.001371,0.002183,0.000462,-0.029215,-0.092814,9.800866
1770803067.6231914,-0.000838,0.00165,0.000196,-0.036397,-0.091617,9.804457
1770803067.6232972,-0.001104,-0.000214,-0.000336,-0.030412,-0.092814,9.815231
1770803067.6271825,0.002092,-0.003144,-7e-05,-0.045975,-0.099997,9.818822
1770803067.6298518,0.00076,-0.001013,-0.000336,-0.047171,-0.102391,9.822413
1770803067.6356368,0.001026,0.002183,0.000196,-0.044777,-0.099996,9.808048
1770803067.6424336,-0.000305,0.000318,0.000462,-0.049566,-0.096405,9.797274
1770803067.647677,0.001825,-0.000481,-7e-05,-0.04358,-0.092814,9.804457
1770803067.6503513,0.001026,-0.000481,0.000729,-0.028018,-0.094011,9.821216
1770803067.6554801,0.000227,0.000585,0.000196,-0.032806,-0.095208,9.820019
1770803067.662787,-0.002969,0.006444,0.000462,-0.037596,-0.102391,9.821215
1770803067.6657228,0.000494,-0.001013,-7e-05,-0.0352,-0.094011,9.820019
1770803067.6718006,-0.00217,5.2e-05,-0.000336,-0.038792,-0.089223,9.812837
1770803067.675435,-3.9e-05,-0.000214,0.000462,-0.041186,-0.098799,9.796077
1770803067.6808407,-0.000305,-0.002079,-0.000336,-0.044777,-0.091617,9.787697
1770803067.6908793,-0.001903,-0.000214,0.000462,-0.031609,-0.094011,9.816428
1770803067.6915436,0.00076,-0.003144,-0.000603,-0.049566,-0.091617,9.821216
1770803067.6987731,-0.000838,0.000851,0.000196,-0.053157,-0.080843,9.810442
1770803067.701581,0.002358,-0.007139,-0.000869,-0.041188,-0.103588,9.812836
1770803067.7079544,0.000227,0.000318,-7e-05,-0.018441,-0.095208,9.787698
1770803067.7160428,0.000227,0.000318,-7e-05,-0.016047,-0.094011,9.779318
1770803067.7168844,-3.9e-05,0.001117,0.000462,-0.019638,-0.103588,9.804457
1770803067.7253823,0.001026,-0.000747,-0.000336,-0.05196,-0.079646,9.811639
1770803067.7260876,0.001293,-0.004742,0.000462,-0.061537,-0.097603,9.833187
1770803067.734624,-3.9e-05,0.001117,0.001261,-0.042383,-0.086828,9.830793
1770803067.7369306,0.001026,0.005378,0.000729,-0.022033,-0.089222,9.799668
1770803067.741367,-0.000572,0.006177,0.000729,-0.023231,-0.088026,9.792485
1770803067.747407,0.001825,-0.001812,-7e-05,-0.056748,-0.101194,9.810442
1770803067.7517648,-3.9e-05,-0.006073,-0.000869,-0.051961,-0.105982,9.799668
1770803067.7571929,-0.003501,0.002715,-0.000336,-0.032806,-0.108377,9.829596
1770803067.7616236,-0.000572,0.004313,0.000995,-0.010062,-0.086828,9.821216
1770803067.7674196,0.001026,-0.00128,-0.000336,-0.020835,-0.094011,9.83199
1770803067.774168,0.000227,-0.000747,0.000462,-0.045974,-0.092814,9.822413
1770803067.7787397,0.001825,-0.002345,0.000729,-0.047172,-0.089223,9.806851
1770803067.7824142,0.002091,-0.00128,0.000729,-0.0352,-0.09042,9.798471
1770803067.7884374,0.000494,-0.001812,-0.000336,-0.030412,-0.076055,9.809245
1770803067.7919843,0.005554,-0.00128,0.000196,-0.031609,-0.08204,9.81523
1770803067.7970352,0.001293,-0.005807,-0.000336,-0.067523,-0.084434,9.821216
1770803067.8055346,-0.001637,5.2e-05,-7e-05,-0.057945,-0.097602,9.829596
1770803067.8069704,-0.000572,-0.000214,-0.000336,-0.026821,-0.104785,9.800866
1770803067.818481,-0.003501,0.008574,0.000462,-0.006472,-0.088026,9.794879
1770803067.8185952,0.001026,0.001916,0.000995,-0.019638,-0.097602,9.799668
1770803067.8279786,-0.000305,0.000585,-7e-05,-0.039989,-0.095208,9.80326
1770803067.828031,-0.001104,5.2e-05,0.000462,-0.063931,-0.101194,9.824808
1770803067.8330762,0.00076,-0.002345,-7e-05,-0.061537,-0.074857,9.821216
1770803067.837927,-3.9e-05,5.2e-05,-7e-05,-0.025624,-0.091617,9.800866
1770803067.8424923,0.001559,-0.000214,-0.001135,-0.01485,-0.088026,9.802063
1770803067.847871,-0.000305,-0.002877,-0.001135,-0.034004,-0.086828,9.810442
1770803067.8534114,-0.001104,0.003248,-7e-05,-0.049566,-0.094011,9.800865
1770803067.8573914,-0.001104,0.000851,0.000196,-0.044777,-0.094011,9.828399
1770803067.8625987,0.001825,-0.00341,-0.000869,-0.032807,-0.107179,9.820019
1770803067.8680723,0.000227,0.002715,0.000196,-0.020835,-0.089223,9.82361
1770803067.874493,0.00076,5.2e-05,0.000462,-0.023229,-0.079646,9.826005
1770803067.8792284,0.000227,0.001117,-7e-05,-0.041186,-0.096405,9.79488
1770803067.8834105,0.002091,-0.005541,0.000196,-0.055552,-0.074858,9.791288
1770803067.888097,0.002358,-0.003943,-0.001135,-0.057946,-0.077252,9.799668
1770803067.8934066,-0.000572,0.001916,-0.000603,-0.031609,-0.0988,9.822413
1770803067.8986008,-0.001903,0.003248,-0.000603,-0.016047,-0.084435,9.799668
1770803067.9137278,-3.9e-05,-0.00128,-0.001135,-0.025624,-0.099997,9.827201
1770803067.9141147,-3.9e-05,-0.001546,-7e-05,-0.038792,-0.102391,9.806851
1770803067.9142065,0.002624,-0.002611,-7e-05,-0.047172,-0.095208,9.804456
1770803067.921784,-3.9e-05,-0.001812,-7e-05,-0.035201,-0.09042,9.808048
1770803067.9305816,0.001559,-0.002079,-0.000336,-0.039989,-0.0988,9.814033
1770803067.9306648,0.001825,-0.004742,-0.001402,-0.041187,-0.097603,9.827201
1770803067.933458,0.003423,-0.004475,-0.000336,-0.053158,-0.088026,9.824807
1770803067.9407806,-3.9e-05,-0.001013,0.000196,-0.055551,-0.088026,9.817625
1770803067.9435945,-0.000305,-0.006073,-0.001402,-0.025625,-0.076054,9.791288
1770803067.9489138,0.001026,0.000851,0.000995,-0.016047,-0.091617,9.797274
1770803067.9546578,0.002091,-0.002611,-0.000336,-0.025624,-0.09042,9.798471
1770803067.959003,-0.000572,-0.002878,-0.000603,-0.042383,-0.086828,9.817625
1770803067.963981,0.001026,-0.006872,-0.001668,-0.038794,-0.095208,9.810441
1770803067.969621,0.000227,0.001117,-0.000336,-0.039989,-0.085631,9.809245
1770803067.9753985,0.003689,-0.003144,-7e-05,-0.044778,-0.091617,9.817624
1770803067.9804542,0.002091,-0.004475,-0.000336,-0.049566,-0.099997,9.817624
1770803067.9860702,0.000494,0.001117,0.000729,-0.045975,-0.094011,9.808048
1770803067.9919517,-0.001903,0.005378,0.000995,-0.042384,-0.09042,9.814033
1770803067.9941864,-0.002702,0.004047,0.000462,-0.036398,-0.092814,9.800865
1770803067.999274,-0.000305,0.003248,0.000462,-0.026821,-0.103588,9.816427
1770803068.0067425,-0.000572,0.004047,0.001261,-0.032807,-0.101194,9.827201
1770803068.0093286,0.001825,-0.005008,-0.000869,-0.038793,-0.08204,9.824807
1770803068.0163407,-0.004034,0.005378,-7e-05,-0.045975,-0.102392,9.804456
1770803068.0221398,0.001825,-0.004209,0.000196,-0.035201,-0.079646,9.802062
1770803068.0245504,-0.002969,0.004579,0.001528,-0.035201,-0.086829,9.784105
1770803068.033256,0.00076,5.2e-05,-0.000336,-0.04358,-0.08204,9.817625
1770803068.0345225,-0.000838,-0.004209,-0.000336,-0.048369,-0.091617,9.810442
1770803068.0421414,0.001825,-0.003943,-0.000603,-0.049566,-0.0988,9.824807
1770803068.0454051,0.001293,-0.00128,-0.000336,-0.037595,-0.095208,9.810442
1770803068.0504518,0.000227,5.2e-05,0.000196,-0.026821,-0.0988,9.802062
1770803068.0579777,0.000494,-0.002079,0.000196,-0.031609,-0.083237,9.796077
1770803068.0598502,-0.000572,0.005112,0.000729,-0.032807,-0.077252,9.817624
1770803068.0649893,0.000494,-0.00128,0.000196,-0.030412,-0.097603,9.799668
1770803068.071372,0.004222,-0.004742,-0.000336,-0.032807,-0.089223,9.811638
1770803068.07634,-0.000572,0.005911,0.000729,-0.044779,-0.084434,9.821215
1770803068.084754,-0.001637,-0.001546,-7e-05,-0.05196,-0.097602,9.811639
1770803068.0862248,0.000494,-0.001812,0.000196,-0.055551,-0.08204,9.804457
1770803068.092574,0.000494,-0.003144,-0.000336,-0.057946,-0.099997,9.806851
1770803068.0954912,-0.001104,0.002449,0.000729,-0.038792,-0.095208,9.808048
1770803068.103197,0.00076,5.2e-05,0.000462,-0.024427,-0.088026,9.809245
1770803068.1053588,0.001293,0.001384,-0.000336,-0.022033,-0.0988,9.805654
1770803068.1110535,0.001825,0.000851,-0.000336,-0.050763,-0.091617,9.809245
1770803068.117088,0.000227,-0.001013,-7e-05,-0.067522,-0.096405,9.810442
1770803068.124634,-0.000305,-0.001013,-7e-05,-0.048369,-0.095208,9.800865
1770803068.1256654,0.001293,-0.000481,-0.000336,-0.020835,-0.079646,9.796077
1770803068.1361957,0.002091,-0.000747,-0.000336,-0.032806,-0.089223,9.806851
1770803068.1364956,0.000494,-0.00341,-0.000336,-0.062734,-0.101194,9.809245
1770803068.1412132,-0.000838,-0.00128,-7e-05,-0.055551,-0.105982,9.829595
1770803068.145886,0.000227,0.00165,-7e-05,-0.041186,-0.092814,9.812836
1770803068.1510575,-0.002436,0.004313,-0.000336,-0.004077,-0.078449,9.792485
1770803068.1604238,-3.9e-05,-0.000214,-0.000336,-0.019638,-0.088026,9.797273
1770803068.1608844,-0.002702,0.005378,0.000196,-0.045976,-0.086829,9.815229
1770803068.168618,-0.001371,-0.001546,-0.000603,-0.069917,-0.08204,9.81523
1770803068.1716921,0.00076,0.00165,0.000196,-0.044778,-0.089223,9.814033
1770803068.1766245,0.000494,0.000585,-7e-05,-0.010062,-0.096405,9.822413
1770803068.1816313,-0.000572,0.005112,-7e-05,-0.026822,-0.092814,9.812835
1770803068.186947,-3.9e-05,0.000851,-0.000336,-0.054354,-0.09042,9.805653
1770803068.1958637,0.001026,-0.006606,-0.000869,-0.055553,-0.099997,9.803258
1770803068.1984415,0.000494,5.2e-05,0.000995,-0.028018,-0.096405,9.809244
1770803068.229206,-0.001637,-0.000214,0.000196,-0.005273,-0.0988,9.799668
1770803068.2294707,0.00289,-0.002611,-7e-05,-0.029215,-0.0988,9.803259
1770803068.2298179,0.00076,0.002449,0.000729,-0.056749,-0.088026,9.828398
1770803068.2298286,0.000494,-0.002079,-7e-05,-0.083085,-0.092814,9.817624
1770803068.2298324,0.003956,-0.003144,0.000729,-0.05196,-0.077252,9.800864
1770803068.2298355,-0.000305,0.00378,0.000995,-0.029216,-0.080843,9.792485
1770803068.2392445,-0.002969,0.007242,0.000729,-0.013655,-0.089223,9.796075
1770803068.2397625,-0.002702,0.004313,0.000463,-0.030413,-0.089223,9.815229
1770803068.243376,0.000227,-0.001812,-0.000603,-0.050763,-0.107179,9.827201
1770803068.2471366,-0.000838,-0.001812,-0.000603,-0.049566,-0.101194,9.827201
1770803068.2529278,-0.001637,0.001916,0.000196,-0.025624,-0.095208,9.804456
1770803068.2572773,0.001026,0.000318,-0.000336,-0.020835,-0.085632,9.799668
1770803068.2618454,0.001559,-0.004209,-0.000336,-0.030413,-0.099997,9.809244
1770803068.2702434,-0.001104,-0.001013,-0.000603,-0.05196,-0.096405,9.808047
1770803068.272137,-0.000838,-0.004209,-0.000336,-0.065129,-0.096405,9.816427
1770803068.2793844,0.001825,-0.00128,0.000995,-0.044778,-0.095208,9.830792
1770803068.2833307,-3.9e-05,-0.002345,-0.000336,-0.028018,-0.0988,9.81523
1770803068.2874076,-0.000305,0.001916,0.000196,-0.032807,-0.089223,9.808047
1770803068.2952292,0.000494,-0.000214,-0.000603,-0.04358,-0.085632,9.798471
1770803068.2979026,0.000494,-0.005807,-0.000869,-0.047173,-0.089223,9.804455
1770803068.3048239,0.000227,-0.000747,-7e-05,-0.029215,-0.094011,9.803259
1770803068.3079138,-0.002436,0.005645,0.000196,-0.022034,-0.089223,9.815229
1770803068.3132923,0.000227,-0.000481,-0.000336,-0.038792,-0.0988,9.814033
1770803068.3180783,-0.000838,-0.000481,-0.000336,-0.038792,-0.097603,9.811639
1770803068.3295252,-0.001903,0.003514,-7e-05,-0.047172,-0.099997,9.799667
1770803068.3295717,-0.002436,0.001916,-7e-05,-0.030412,-0.101194,9.796076
1770803068.3408134,0.001559,-0.000214,0.001262,-0.025624,-0.092814,9.816427
1770803068.3412163,-3.9e-05,0.002449,0.000463,-0.043581,-0.0988,9.805653
1770803068.342996,-0.001637,0.007242,0.000729,-0.053159,-0.095209,9.826003
1770803068.3504364,-0.000838,0.001916,-0.000336,-0.031609,-0.096406,9.811639
1770803068.3537498,-0.001637,0.00165,-0.000336,-0.031609,-0.094011,9.80685
1770803068.3586702,0.00076,-0.003144,-0.000869,-0.038792,-0.084434,9.805653
1770803068.3633804,0.000494,-0.001013,0.000196,-0.045975,-0.09042,9.794879
1770803068.3689032,-3.9e-05,0.000318,-7e-05,-0.042383,-0.084434,9.799668
1770803068.3734748,0.001293,-0.003144,-0.000336,-0.037595,-0.091617,9.811638
1770803068.3794103,-0.001637,0.005112,0.000995,-0.03161,-0.099997,9.808047
1770803068.3864474,0.000494,-0.001013,-0.000869,-0.034004,-0.091617,9.817624
1770803068.3886015,-0.001371,0.00165,0.000729,-0.048369,-0.099997,9.808047
1770803068.3934553,0.001559,-0.002611,-0.000603,-0.03161,-0.102391,9.800865
1770803068.3987093,-0.000305,0.000585,0.000196,-0.037595,-0.094011,9.796076
1770803068.4045691,0.000227,0.000851,0.000196,-0.034004,-0.085632,9.814033
1770803068.4087503,-3.9e-05,0.002182,-7e-05,-0.049566,-0.091617,9.809244
1770803068.413857,0.003956,-0.008204,-0.000603,-0.050765,-0.072464,9.824805
1770803068.419393,-0.001104,0.00165,-7e-05,-0.026821,-0.074858,9.814033
1770803068.4239135,-0.002969,0.004047,0.000729,-0.032807,-0.096406,9.814032
1770803068.4321628,0.001825,0.000318,0.000196,-0.030412,-0.101194,9.804456
1770803068.4373896,-0.00217,0.000318,-0.000336,-0.035201,-0.088026,9.793682
1770803068.4421616,-0.001903,0.004313,-7e-05,-0.03999,-0.096406,9.812835
1770803068.4443746,0.00289,-0.003943,0.000463,-0.047172,-0.085632,9.821215
1770803068.4499874,0.000494,-0.002079,-7e-05,-0.043581,-0.105982,9.823609
1770803068.454981,0.004222,-0.005274,0.000196,-0.038793,-0.099998,9.809243
1770803068.4595277,0.002092,-0.006606,-0.000869,-0.041188,-0.09042,9.820017
1770803068.4644897,0.002358,-0.005807,-0.000603,-0.03999,-0.0988,9.797272
1770803068.4706824,-0.001637,0.000585,0.000196,-0.036398,-0.08204,9.799667
1770803068.475281,0.001293,-0.001546,-7e-05,-0.03161,-0.088026,9.81523
1770803068.4792595,0.001559,0.00378,0.000463,-0.043581,-0.092814,9.816427
1770803068.486694,-3.9e-05,-0.002079,-0.000603,-0.034004,-0.094011,9.823609
1770803068.4915226,0.002092,-0.002345,-0.000336,-0.045975,-0.084435,9.821215
1770803068.4960258,-3.9e-05,5.2e-05,-7e-05,-0.053157,-0.086829,9.814033
1770803068.5000021,0.000494,0.003514,0.000729,-0.037595,-0.089223,9.796076
1770803068.5073278,-0.000305,0.004313,0.000729,-0.029216,-0.074858,9.800864
1770803068.5099952,-0.001371,0.001916,0.000196,-0.030413,-0.095209,9.800864
1770803068.5156624,-0.000572,0.000318,0.000196,-0.059143,-0.089223,9.828398
1770803068.5207498,0.001825,-0.003943,-0.001135,-0.044778,-0.099997,9.8272
1770803068.5254574,-0.001371,0.005645,0.000196,-0.01126,-0.105983,9.802061
1770803068.5305178,0.000227,5.2e-05,-7e-05,-0.020836,-0.088026,9.805653
1770803068.5382464,0.001825,-0.002611,0.000196,-0.050763,-0.104785,9.799667
1770803068.5474787,-0.001903,0.002449,0.001528,-0.059143,-0.105982,9.808047
1770803068.5475416,-0.001371,-0.002079,-7e-05,-0.05196,-0.0988,9.816427
1770803068.5509117,-0.001637,0.002981,-0.000603,-0.008865,-0.089223,9.812835
1770803068.5555356,0.002358,-0.002079,-0.000336,-0.018442,-0.08204,9.81523
1770803068.560935,-0.001104,0.004047,0.000196,-0.048369,-0.08204,9.8272
1770803068.5653596,0.001026,-0.002878,-0.000336,-0.067523,-0.089223,9.809244
1770803068.5730393,-0.000305,0.002182,-7e-05,-0.044778,-0.088026,9.804456
1770803068.5753229,-0.000305,0.001117,0.000463,-0.025624,-0.080843,9.800864
1770803068.5808988,0.002092,-0.004742,-0.000869,-0.008865,-0.085632,9.805652
1770803068.5874286,0.00076,0.000851,0.000463,-0.039989,-0.097603,9.823609
1770803068.592879,-0.001104,-0.002345,-7e-05,-0.069917,-0.102391,9.840369
1770803068.597076,-0.000572,0.000851,-0.000869,-0.059143,-0.097603,9.80685
1770803068.6013854,0.00289,-0.00341,-7e-05,-0.017245,-0.085632,9.79847
1770803068.6067007,-0.002436,0.002182,0.000463,-0.024427,-0.097603,9.794879
1770803068.611827,0.001026,-0.002345,0.000196,-0.056749,-0.094011,9.805653
1770803068.6160479,0.001293,-0.005008,-0.000603,-0.063932,-0.101194,9.820018
1770803068.627608,0.002624,-0.005008,-7e-05,-0.043581,-0.085632,9.824806
1770803068.628101,-0.000572,-0.002079,-0.000603,-0.028018,-0.086829,9.816427
1770803068.6311605,-0.000838,0.002182,0.000463,-0.017244,-0.085632,9.805653
1770803068.6377847,0.002624,-0.003676,-0.000336,-0.042384,-0.092815,9.808047
1770803068.6480594,-0.001637,0.001384,0.000463,-0.05196,-0.092814,9.796076
1770803068.648103,-0.001371,0.001916,0.000196,-0.055552,-0.099997,9.81523
1770803068.6524737,-0.000305,0.001117,0.000463,-0.029215,-0.083237,9.808047
1770803068.6652558,-0.000572,0.00378,-7e-05,-0.020836,-0.083238,9.823609
1770803068.6654308,0.00076,0.000318,0.000463,-0.025624,-0.094011,9.817624
1770803068.666671,0.001026,-0.00341,-0.000869,-0.065129,-0.088026,9.804456
1770803068.6733015,-0.000572,0.000851,0.000196,-0.037595,-0.086829,9.804456
1770803068.6769521,-0.001903,0.005378,-7e-05,-0.032808,-0.080844,9.782907
1770803068.683052,-0.001371,-0.000481,-0.000869,-0.025624,-0.085632,9.791288
1770803068.6880033,-0.000305,-0.00128,-0.000336,-0.053157,-0.091617,9.818821
1770803068.6917207,-0.001104,-0.002345,-0.000336,-0.055552,-0.095208,9.824806
1770803068.697499,0.001293,-0.002079,-7e-05,-0.039989,-0.089223,9.814032
1770803068.7021918,-0.003501,0.00165,-0.001135,-0.028018,-0.082041,9.805653
1770803068.7079093,-3.9e-05,-0.000481,-0.000603,-0.019639,-0.097603,9.800864
1770803068.7127106,-0.000572,5.2e-05,0.000463,-0.044778,-0.103588,9.808047
1770803068.7173126,-3.9e-05,-0.006073,-0.000603,-0.053159,-0.085632,9.81044
1770803068.7274003,0.001293,-0.002079,0.000196,-0.041187,-0.099997,9.815229
1770803068.7280192,-0.001104,0.003248,0.000463,-0.022033,-0.089223,9.8272
1770803068.7331996,0.000494,-0.001812,-0.000336,-0.039989,-0.089223,9.805653
1770803068.7419708,-0.003235,0.008574,0.000463,-0.069919,-0.07845,9.809243
1770803068.7516537,-0.000305,-0.000481,0.000463,-0.056749,-0.091617,9.796076
1770803068.7518752,-0.000572,-0.000214,-0.000336,-0.028018,-0.086829,9.812835
1770803068.7523894,0.000494,0.002715,0.000729,-0.004077,-0.088026,9.824806
1770803068.7581728,0.001559,-0.003676,-0.000869,-0.025625,-0.09042,9.824806
1770803068.7626638,0.000494,-0.00341,-0.001135,-0.063932,-0.094011,9.828397
1770803068.7685602,0.000227,-0.001546,-0.000336,-0.050763,-0.084435,9.818821
1770803068.7729092,0.000494,-0.004742,-0.000336,-0.049567,-0.085632,9.810441
1770803068.7800665,-3.9e-05,-0.000481,0.000196,-0.029215,-0.089223,9.799667
1770803068.7851064,-0.000305,0.000585,-7e-05,-0.030413,-0.089223,9.800864
1770803068.7881756,0.001026,5.2e-05,0.000463,-0.03161,-0.083237,9.805653
1770803068.7937868,0.001559,-0.00341,-0.000336,-0.048369,-0.097603,9.823609
1770803068.7990296,0.002091,-0.003943,-0.000336,-0.045975,-0.092815,9.817623
1770803068.8055851,0.00076,0.00165,0.000196,-0.024427,-0.08204,9.810441
1770803068.8081195,0.000227,-0.001546,0.000196,-0.013653,-0.092814,9.797273
1770803068.8155177,-0.000838,0.004846,0.000463,-0.03161,-0.091617,9.799667
1770803068.8217835,-0.001371,5.2e-05,-0.000336,-0.047172,-0.0988,9.814032
1770803068.823619,-3.9e-05,-0.00341,-0.000336,-0.06034,-0.099997,9.818821
1770803068.8283446,0.000227,5.2e-05,-7e-05,-0.042384,-0.101194,9.80685
1770803068.8336291,0.000227,0.002715,0.000729,-0.032807,-0.092814,9.816426
1770803068.8432543,0.002358,-0.005008,-0.000603,-0.041187,-0.083238,9.812835
1770803068.8440797,-0.002436,0.007509,0.000196,-0.0364,-0.089224,9.804454
1770803068.8534503,-0.001903,-0.000214,-0.000336,-0.039989,-0.085632,9.816426
1770803068.8546133,0.000494,0.001384,0.000729,-0.037595,-0.095208,9.803258
1770803068.859568,0.001026,-0.00341,-7e-05,-0.019639,-0.096406,9.816426
1770803068.8641365,-0.001637,0.002715,0.000995,-0.03161,-0.099997,9.814032
1770803068.8696563,0.000494,-0.000481,-0.000869,-0.047172,-0.089223,9.817624
1770803068.8740606,-0.000305,-0.000747,0.000196,-0.057946,-0.095208,9.800864
1770803068.879044,-3.9e-05,0.004313,0.000463,-0.03999,-0.086829,9.803258
1770803068.8843796,0.00076,0.000585,-0.000603,-0.032807,-0.091617,9.797273
1770803068.8891618,0.001825,-0.002611,0.000196,-0.029216,-0.085632,9.809244
1770803068.894477,-0.001104,0.00378,0.000463,-0.036399,-0.094012,9.817623
1770803068.9052536,0.001559,-0.00341,-0.000336,-0.047172,-0.084435,9.824806
1770803068.9056783,-3.9e-05,-0.00128,-0.000603,-0.043581,-0.108377,9.820018
1770803068.909389,-0.000305,-0.001013,-0.000869,-0.029215,-0.095208,9.799667
1770803068.9145494,-3.9e-05,-0.000214,-7e-05,-0.039989,-0.096406,9.800864
1770803068.92155,0.00076,0.000851,-7e-05,-0.043581,-0.089223,9.809244
1770803068.9246228,0.001026,-0.001546,-0.000869,-0.045975,-0.088026,9.817624
1770803068.9298546,-0.000838,0.00165,-7e-05,-0.054355,-0.096406,9.816426
1770803068.9351435,-0.001903,0.005112,0.000729,-0.026822,-0.0988,9.81882
1770803068.9543307,-0.004034,0.010705,0.000995,-0.04119,-0.099998,9.803256
1770803068.9549294,-0.001371,0.002715,-0.000603,-0.03161,-0.084435,9.796076
1770803068.9551785,-0.000838,0.000851,-0.000336,-0.03161,-0.101194,9.805653
1770803068.9555328,0.003157,-0.003144,0.000463,-0.02323,-0.095209,9.803258
1770803068.9605117,0.001026,-0.000747,-0.000603,-0.028018,-0.079646,9.831989
1770803068.9665127,0.000227,-0.002611,0.000729,-0.045975,-0.073661,9.81882
1770803068.9713213,0.001026,-0.002877,-0.001135,-0.056749,-0.088026,9.821214
1770803068.9777596,-3.9e-05,-0.00128,0.000463,-0.044778,-0.086829,9.815229
1770803068.9802883,-3.9e-05,-0.000481,-0.001135,-0.049566,-0.086829,9.802061
1770803068.986738,-0.000838,-0.001812,-0.000336,-0.035201,-0.084435,9.808046
1770803068.9914863,-3.9e-05,0.004579,-7e-05,-0.03161,-0.086829,9.808046
1770803068.995802,0.002091,-0.001013,0.000196,-0.03161,-0.088026,9.831988
1770803069.0005114,0.000494,-0.002611,-7e-05,-0.03161,-0.09042,9.823609
1770803069.0071425,0.000227,0.001916,-0.000603,-0.053158,-0.091617,9.822411
1770803069.0106642,0.002091,-0.002345,-0.000603,-0.045975,-0.09042,9.79009
1770803069.0160353,0.00076,0.000585,-7e-05,-0.050763,-0.095209,9.792484
1770803069.0210822,-0.001637,0.00378,0.000729,-0.042384,-0.095209,9.791287
1770803069.0259683,0.000227,-0.00341,-0.000603,-0.043581,-0.0988,9.826003
1770803069.0333433,-0.000305,-0.000214,0.000463,-0.039989,-0.09042,9.821214
1770803069.035737,0.004755,-0.008736,-7e-05,-0.041189,-0.08683,9.816424
1770803069.0428023,0.001559,-0.002877,-0.000869,-0.024427,-0.095209,9.820017
1770803069.04832,-0.000838,0.000585,-0.001135,-0.037595,-0.103588,9.806849
1770803069.0563493,-0.001637,0.005911,0.000995,-0.024428,-0.091617,9.80206
1770803069.0567596,-0.001371,0.003514,-7e-05,-0.037596,-0.09042,9.804455
1770803069.0621712,-0.001104,-0.001546,-0.000869,-0.042384,-0.091617,9.808046
1770803069.0668986,0.003423,-0.004742,-0.000869,-0.036399,-0.085632,9.824805
1770803069.0733564,-0.000305,0.003514,0.000463,-0.042384,-0.101194,9.808046
1770803069.0759814,-3.9e-05,0.001384,-0.000336,-0.044778,-0.101194,9.815229
1770803069.081271,0.001026,-0.001546,-0.000869,-0.054355,-0.102391,9.81044
1770803069.0869672,-0.002969,0.003514,0.000729,-0.049567,-0.096406,9.797272
1770803069.0912373,-0.00217,-0.00128,0.000196,-0.034004,-0.101194,9.81044
1770803069.0963974,0.001026,-0.000214,0.000463,-0.022033,-0.085632,9.817623
1770803069.1028142,-3.9e-05,0.003514,0.000995,-0.03999,-0.094011,9.826003
1770803069.107312,0.001293,-0.00634,-0.001135,-0.048371,-0.092814,9.828396
1770803069.1121793,-0.001637,-0.002877,-7e-05,-0.059143,-0.073661,9.821214
1770803069.1170776,0.00076,-0.002345,0.000196,-0.025624,-0.09042,9.803258
1770803069.1220238,-0.000838,-0.000481,-0.000336,-0.01485,-0.08204,9.792484
1770803069.1277215,0.001293,0.000851,-0.000603,-0.038792,-0.089223,9.804455
1770803069.132119,-0.003501,0.003514,0.000463,-0.067523,-0.089223,9.814031
1770803069.1377203,0.000494,-0.001546,0.000729,-0.062734,-0.099997,9.810441
1770803069.142254,0.004488,-0.002345,0.000463,-0.026821,-0.096406,9.822411
1770803069.1500633,0.000227,0.001384,0.000729,-0.002879,-0.091617,9.804455
1770803069.1586812,-0.0043,0.012036,0.000196,-0.007673,-0.091619,9.793678
1770803069.1593792,0.001559,-0.00634,-0.001135,-0.049568,-0.09042,9.81044
1770803069.1621037,0.000494,-0.00634,-0.000336,-0.066327,-0.094012,9.805651
1770803069.1701927,-0.001903,0.001916,-7e-05,-0.03161,-0.083238,9.823609
1770803069.1720505,-0.001104,0.006177,0.001262,-0.016049,-0.07007,9.811637
1770803069.178294,-0.001903,0.004846,0.000463,-0.031611,-0.084435,9.809243
1770803069.1826482,-3.9e-05,-0.000747,0.000196,-0.069917,-0.085632,9.822412
1770803069.189562,0.000227,-0.004209,-0.000336,-0.057947,-0.086829,9.81044
1770803069.1923428,-0.001637,0.001117,0.000729,-0.037595,-0.088026,9.799667
1770803069.197976,0.002091,-0.005541,-0.001135,0.000711,-0.101194,9.816425
1770803069.2028291,0.00289,-0.002611,0.000196,-0.019639,-0.089223,9.821214
1770803069.2081091,0.00076,-0.006872,-0.001135,-0.063933,-0.096406,9.816425
1770803069.2129645,0.003689,-0.006872,0.000196,-0.068721,-0.095209,9.815228
1770803069.2178202,0.00076,-0.003144,-0.000336,-0.047172,-0.086829,9.812835
1770803069.2231922,-0.00217,0.000585,-0.000869,-0.025624,-0.080843,9.792484
1770803069.2279637,0.001559,-0.001546,-0.000603,-0.025624,-0.077252,9.802061
1770803069.233185,0.002091,-0.006872,-0.000869,-0.037597,-0.095209,9.811636
1770803069.240237,0.000227,-0.002611,0.000196,-0.066326,-0.09042,9.817623
1770803069.24311,-3.9e-05,0.000851,-7e-05,-0.045975,-0.095209,9.840368
1770803069.250949,0.000227,0.001117,0.000463,-0.010062,-0.0988,9.811637
1770803069.2532053,-0.005099,0.008042,0.000729,-0.011261,-0.085633,9.810438
1770803069.261311,-3.9e-05,0.002449,-0.000336,-0.042384,-0.083238,9.80206
1770803069.2633324,-0.001637,0.00165,-7e-05,-0.056749,-0.097603,9.809243
1770803069.268731,0.001026,-0.004742,-0.000603,-0.049567,-0.094012,9.806848
1770803069.2740366,-0.003767,0.004846,0.000196,-0.038793,-0.092815,9.826002
1770803069.2788134,-0.001371,0.006976,0.001262,-0.030414,-0.094012,9.829593
1770803069.2833974,-0.000572,0.002715,-0.000336,-0.044778,-0.092814,9.815228
1770803069.289093,0.001026,-0.003144,0.000196,-0.044778,-0.095209,9.799666
1770803069.2936282,0.001825,-0.001812,0.000463,-0.041187,-0.085632,9.784104
1770803069.2985833,-0.001371,-0.00128,-0.000603,-0.029216,-0.089223,9.80206
1770803069.3069525,0.001026,0.001117,0.000995,-0.018442,-0.091617,9.806849
1770803069.3084784,0.002358,-0.002611,0.000196,-0.024427,-0.09042,9.827199
1770803069.314976,-0.001371,0.000318,-0.000336,-0.061537,-0.094011,9.824805
1770803069.3198535,0.000227,0.001384,0.000463,-0.049566,-0.092814,9.814031
1770803069.3245218,-0.000838,0.00378,0.000995,-0.023231,-0.088026,9.799666
1770803069.3292565,-3.9e-05,-0.000214,-7e-05,-0.029216,-0.079646,9.80206
1770803069.33527,0.001559,-0.002079,-7e-05,-0.051961,-0.101194,9.797272
1770803069.3391583,0.004222,-0.003676,-0.000603,-0.049567,-0.096406,9.827199
1770803069.34557,0.001026,-0.002345,-0.000869,-0.03161,-0.104785,9.822411
1770803069.3492155,0.000227,0.002183,-0.000336,-0.018442,-0.091617,9.814031
1770803069.3565042,-0.002436,0.00378,-0.000603,-0.026822,-0.102392,9.796075
1770803069.365099,0.000494,-0.001812,0.000995,-0.041187,-0.096406,9.804455
1770803069.366307,-0.000305,-0.000481,0.000463,-0.057946,-0.09042,9.815228
1770803069.3695605,0.000494,-0.001812,-0.000336,-0.049567,-0.0988,9.822411
1770803069.3744504,0.000494,0.00165,0.000729,-0.022033,-0.086829,9.808046
1770803069.3795676,0.001825,0.00165,0.000196,-0.037595,-0.095208,9.821214
1770803069.3853161,-3.9e-05,0.000851,-0.000603,-0.047172,-0.088026,9.808046
1770803069.3913715,-0.003767,0.003514,0.000463,-0.053158,-0.092815,9.80206
1770803069.3967488,-0.000305,-0.000747,-7e-05,-0.036398,-0.102391,9.797272
1770803069.4000154,-0.000572,0.002981,0.000196,-0.004077,-0.086829,9.794878
1770803069.405186,-0.000572,0.00378,0.000995,-0.012457,-0.095209,9.821214
1770803069.4101534,0.002091,-0.004742,-0.000336,-0.045976,-0.101194,9.820016
1770803069.4149983,-3.9e-05,0.001117,-7e-05,-0.0771,-0.10718,9.822411
1770803069.422945,-0.000838,5.2e-05,-0.000869,-0.061537,-0.097603,9.817623
1770803069.4252963,0.000227,0.001384,0.000463,-0.03161,-0.102391,9.808046
1770803069.4305308,0.003157,-0.001013,0.000463,-0.022033,-0.084435,9.797272
1770803069.4385161,-0.003501,0.009639,0.000729,-0.04119,-0.101195,9.800861
1770803069.4404604,-0.000305,0.000851,-0.000336,-0.049566,-0.091617,9.821214
1770803069.4468133,0.00076,-0.002345,-0.000603,-0.056749,-0.097603,9.826002
1770803069.4504547,0.000494,0.001384,-0.000336,-0.030413,-0.085632,9.829594
1770803069.4559004,-0.000838,-0.000747,-0.000603,-0.011259,-0.086829,9.797272
1770803069.465743,-0.000838,0.001916,-7e-05,-0.028019,-0.085632,9.80206
1770803069.4657917,0.001825,-0.000747,0.000463,-0.057946,-0.077252,9.806849
1770803069.471485,-0.001903,-0.000214,0.000463,-0.059143,-0.104785,9.793681
1770803069.4775178,-0.000838,-0.002079,-0.000336,-0.044778,-0.099997,9.81044
1770803069.4807668,-0.001104,0.000585,-0.000869,-0.030413,-0.084435,9.829594
1770803069.4877717,0.00076,-0.000214,-0.000869,-0.037595,-0.086829,9.820017
1770803069.4942622,-0.001371,0.000585,0.000196,-0.041187,-0.10718,9.806849
1770803069.4962366,0.000227,-0.00341,-7e-05,-0.043581,-0.085632,9.80206
1770803069.5024397,-0.001104,0.002449,0.000729,-0.035202,-0.095209,9.796074
1770803069.507234,-3.9e-05,0.001384,-7e-05,-0.019639,-0.099997,9.811637
1770803069.5114331,0.001293,0.002715,0.000463,-0.041187,-0.092814,9.815228
1770803069.516165,0.001293,-0.002877,-7e-05,-0.061538,-0.101194,9.828396
1770803069.5214086,0.00076,-0.002078,-7e-05,-0.050764,-0.096406,9.812834
1770803069.5261304,-0.001104,5.2e-05,-0.000603,-0.02323,-0.089223,9.808045
1770803069.531637,0.000494,0.006177,0.000463,-0.016049,-0.080843,9.802059
1770803069.5374277,-0.001104,0.00378,-0.000336,-0.037596,-0.096406,9.804454
1770803069.5438185,-3.9e-05,-0.001546,-0.000336,-0.063932,-0.099997,9.814031
1770803069.5474343,-0.000305,-0.001013,-0.000603,-0.044778,-0.102391,9.818819
1770803069.5530136,0.001026,-0.00341,-0.000869,-0.012457,-0.078449,9.820016
1770803069.5584633,-0.000838,0.005378,0.000463,-0.014852,-0.09042,9.81403
1770803069.568748,-0.000305,5.2e-05,0.000196,-0.053158,-0.097603,9.803257
1770803069.5688024,0.000227,-0.001812,-7e-05,-0.091465,-0.097603,9.800863
1770803069.5714993,0.001559,-0.004209,-0.000603,-0.03999,-0.096406,9.805651
1770803069.576669,0.000227,0.00378,0.000729,-0.007668,-0.089223,9.812834
1770803069.581764,-0.000572,0.005112,0.000196,-0.000486,-0.091617,9.82241
1770803069.5871847,-0.003501,0.008042,0.001528,-0.048372,-0.096406,9.824803
1770803069.595244,-0.003501,0.001916,0.000463,-0.072312,-0.0988,9.810439
1770803069.5973659,0.000227,-0.003676,0.000196,-0.066326,-0.080843,9.814031
1770803069.60226,0.001559,-0.00128,0.000196,0.003106,-0.078449,9.79368
1770803069.6068864,-3.9e-05,0.004047,-0.000336,-0.007669,-0.077252,9.791286
1770803069.6133559,-3.9e-05,0.002715,0.000463,-0.037596,-0.095209,9.814031
1770803069.6196592,0.00076,-0.003144,-7e-05,-0.067523,-0.099997,9.828396
1770803069.6225646,-0.002969,0.002715,0.000463,-0.063932,-0.0988,9.818819
1770803069.627091,-0.000572,0.008042,0.002061,-0.001685,-0.101194,9.815227
1770803069.6323404,-3.9e-05,0.001916,0.000463,0.001909,-0.092814,9.794877
1770803069.6382558,0.001293,-0.002877,-0.000336,-0.028019,-0.0988,9.80206
1770803069.643121,-0.000305,5.2e-05,0.000196,-0.06034,-0.080843,9.809242
1770803069.647516,-0.001903,-0.000747,0.000196,-0.072311,-0.091617,9.814031
1770803069.653713,-0.002702,0.008042,0.000196,-0.019641,-0.07845,9.810438
1770803069.6609104,0.000227,-0.002611,0.000196,-0.006471,-0.085632,9.816425
1770803069.6626387,0.000494,0.000318,0.000196,-0.012456,-0.095209,9.799666
1770803069.6713936,-0.000572,0.004313,0.000196,-0.057947,-0.096406,9.80206
1770803069.6727157,-0.001104,-0.001013,0.000463,-0.065129,-0.089223,9.81044
1770803069.6782792,0.000227,-0.002078,-0.000603,-0.037596,-0.086829,9.800863
1770803069.6831906,-0.001903,0.00165,0.000196,-0.004077,-0.088026,9.811637
1770803069.6888285,0.001825,0.002982,0.000729,-0.010063,-0.088026,9.809242
1770803069.6943533,-0.001903,0.004579,0.000729,-0.05675,-0.082041,9.812833
1770803069.6980264,0.000227,-0.002611,-7e-05,-0.072312,-0.083238,9.814031
1770803069.703488,0.001026,-0.001812,0.000729,-0.057946,-0.094012,9.805651
1770803069.7107568,-0.001104,-0.001812,-7e-05,-0.016048,-0.088026,9.809242
1770803069.7131772,-0.001371,0.004846,0.000729,-0.012457,-0.082041,9.805651
1770803069.7196822,0.001825,0.001117,0.000196,-0.044778,-0.097603,9.818819
1770803069.7244387,-3.9e-05,0.001117,0.000729,-0.065129,-0.101194,9.83079
1770803069.7297332,0.001293,-0.002078,-7e-05,-0.055552,-0.101194,9.815228
1770803069.7354014,-0.000305,0.000851,-7e-05,-0.013654,-0.086829,9.809242
1770803069.738664,0.000494,0.000851,-0.000603,-0.016048,-0.088026,9.788892
1770803069.743416,0.00076,0.003248,0.000463,-0.037596,-0.095209,9.814031
1770803069.748747,-0.003767,0.002715,-0.000869,-0.066326,-0.089223,9.817622
1770803069.7551355,-0.000305,-0.00341,-7e-05,-0.05675,-0.086829,9.815228
1770803069.7592854,0.000494,0.00165,-7e-05,-0.035201,-0.077252,9.815228
1770803069.765387,0.000227,-0.002078,-0.000869,-0.020836,-0.096406,9.808045
1770803069.773668,0.001559,-0.001013,-0.000336,-0.028019,-0.095209,9.806848
1770803069.7751079,0.001825,-0.001812,-0.000603,-0.051961,-0.095209,9.810439
1770803069.779783,-0.000838,-0.00128,-7e-05,-0.04837,-0.096406,9.800862
1770803069.7848325,0.001293,0.000585,-0.000336,-0.03161,-0.094012,9.820016
1770803069.7932324,-3.9e-05,0.002715,0.000196,-0.034005,-0.091617,9.824804
1770803069.7943056,-0.000305,0.003248,0.001262,-0.047173,-0.0988,9.818819
1770803069.8000758,0.003423,-0.006872,-7e-05,-0.049568,-0.091618,9.820015
1770803069.8044977,-3.9e-05,-0.003676,-0.000603,-0.049567,-0.095209,9.803256
1770803069.809261,-0.001371,0.004047,-0.000336,-0.035202,-0.091618,9.804453
1770803069.8146214,-0.000305,0.000585,-7e-05,-0.030413,-0.088026,9.809242
1770803069.8201683,0.002624,-0.005541,-0.001135,-0.025626,-0.095209,9.816424
1770803069.8259225,0.001293,5.2e-05,0.000196,-0.042384,-0.094012,9.828396
1770803069.8322186,-0.000305,-0.003144,-0.000869,-0.051961,-0.091617,9.821213
1770803069.8368406,-0.000305,-0.001546,-7e-05,-0.041187,-0.095209,9.808045
1770803069.8442564,0.000494,0.003248,0.000196,-0.030413,-0.099997,9.804453
1770803069.8448403,-0.001371,0.001384,-0.000603,-0.024428,-0.076055,9.804454
1770803069.850494,-0.002702,0.00378,-0.000336,-0.051961,-0.091618,9.81403
1770803069.8551776,-0.001903,0.005112,-0.000336,-0.059144,-0.097603,9.818818
1770803069.8605442,0.00076,0.001117,0.000995,-0.041187,-0.095209,9.821213
1770803069.865368,-0.001104,0.001916,-7e-05,-0.037596,-0.096406,9.810439
1770803069.8758736,-0.000838,0.000585,0.000196,-0.019639,-0.092814,9.797271
1770803069.8759165,0.000494,-0.002078,0.000196,-0.018442,-0.079646,9.805651
1770803069.880135,0.001825,-0.006606,-0.001402,-0.02802,-0.083238,9.804453
1770803069.8872848,0.001293,-0.002078,-0.000336,-0.047173,-0.084435,9.798468
1770803069.8911278,0.00076,0.001384,0.000729,-0.043581,-0.089223,9.811636
1770803069.89561,-3.9e-05,0.001916,0.000995,-0.041187,-0.079646,9.817622
1770803069.901048,-0.000305,0.002449,-7e-05,-0.03161,-0.088026,9.810439
1770803069.9066386,-0.001371,0.000851,-0.001135,-0.043581,-0.085632,9.805651
1770803069.9114714,-0.001637,0.000851,-0.000336,-0.050764,-0.097603,9.800862
1770803069.9163094,0.001559,-0.004209,0.000196,-0.042385,-0.097603,9.80565
1770803069.923337,-0.002968,0.003248,0.000196,-0.023231,-0.0988,9.811636
1770803069.927921,-0.001371,0.003248,-0.000336,-0.010063,-0.095209,9.816424
1770803069.932112,-0.000838,0.004313,0.001262,-0.025625,-0.089223,9.816424
1770803069.9390361,-0.003501,0.00165,-7e-05,-0.04837,-0.09042,9.809242
1770803069.9414632,0.00076,-0.003676,-0.000336,-0.05675,-0.09042,9.81403
1770803069.9458385,-0.00217,0.00165,0.000463,-0.044778,-0.088026,9.798468
1770803069.951318,0.004488,-0.004475,0.000196,-0.014851,-0.08683,9.81403
1770803069.9560418,-0.001104,0.004047,0.000463,-0.038793,-0.094012,9.811636
1770803069.9610653,0.001026,-0.001812,-0.000336,-0.053158,-0.088026,9.831987
1770803069.9684408,-3.9e-05,-0.006872,-0.001135,-0.049568,-0.095209,9.822409
1770803069.971582,0.002624,-0.00341,-7e-05,-0.028019,-0.092815,9.820016
1770803069.9792433,-0.002968,0.003248,-0.000336,-0.006471,-0.089223,9.81403
1770803069.9811878,-0.001104,0.004313,0.000729,-0.030414,-0.097603,9.787694
1770803069.9874098,0.001559,-0.002877,0.000196,-0.062735,-0.092815,9.788891
1770803069.9919693,0.001559,-0.00341,-0.001135,-0.062735,-0.091617,9.811636
1770803069.9963984,0.000227,-0.000214,0.000463,-0.055552,-0.096406,9.817622
1770803070.0015428,0.00076,-0.00128,-7e-05,-0.020836,-0.079646,9.82241
1770803070.0076048,-0.001104,0.002449,0.000196,-0.024428,-0.078449,9.809242
1770803070.0121613,0.00076,5.2e-05,0.000463,-0.049567,-0.091617,9.810439
1770803070.0168178,0.00076,5.2e-05,0.000196,-0.050764,-0.089223,9.808045
1770803070.0222495,0.00076,-0.000747,-0.000336,-0.043581,-0.086829,9.81403
1770803070.026588,0.000227,0.002183,0.000995,-0.022034,-0.099997,9.803256
1770803070.0325162,0.000227,0.000585,0.000196,-0.020836,-0.094012,9.823607
1770803070.0380414,-0.004034,0.014433,0.001262,-0.039997,-0.110773,9.816421
1770803070.0423055,0.002092,-0.00341,-0.000336,-0.051961,-0.096406,9.817621
1770803070.0471137,0.000494,5.2e-05,0.000995,-0.053158,-0.09042,9.808045
1770803070.0518582,-0.001637,0.002183,0.000196,-0.042384,-0.099997,9.803256
1770803070.057365,-0.001104,-0.000214,0.000196,-0.037596,-0.089223,9.816424
1770803070.062805,-0.000838,-0.001546,-0.000336,-0.047173,-0.094012,9.812833
1770803070.080763,-0.003501,0.003514,0.000463,-0.037596,-0.089224,9.823606
1770803070.0808737,-0.002436,0.005378,0.000729,-0.041188,-0.092815,9.827197
1770803070.0809093,-3.9e-05,0.000851,-0.000336,-0.034005,-0.089223,9.812833
1770803070.081996,0.00076,-0.000214,0.000196,-0.041187,-0.102391,9.803256
1770803070.089474,-3.9e-05,-0.001013,-7e-05,-0.047173,-0.095209,9.815227
1770803070.0921729,-0.000572,-0.000747,-7e-05,-0.034004,-0.094012,9.811636
1770803070.097669,0.003423,-0.007937,-0.001135,-0.044781,-0.097604,9.810437
1770803070.1043296,0.001825,0.001117,0.000463,-0.035202,-0.092814,9.817621
1770803070.1076071,0.000494,-0.001013,-7e-05,-0.059144,-0.089223,9.810439
1770803070.1132197,-0.001637,0.004047,0.000463,-0.045976,-0.097603,9.809241
1770803070.1178792,-0.000305,0.001384,0.000995,-0.020836,-0.088026,9.79727
1770803070.124244,0.001026,0.000585,0.000463,-0.016048,-0.099997,9.802059
1770803070.128327,0.000227,-0.002611,-0.001135,-0.035202,-0.088026,9.794876
1770803070.1334658,-0.00217,0.002183,0.000196,-0.050764,-0.083238,9.812833
1770803070.1392808,0.001026,-0.001812,-0.000603,-0.069918,-0.086829,9.829592
1770803070.1447887,-0.001104,0.001384,0.000463,-0.055552,-0.094012,9.806847
1770803070.14939,-0.001637,-0.003144,-0.000336,-0.028019,-0.088026,9.79727
1770803070.153272,0.002624,-0.004209,-0.000603,-0.032808,-0.076055,9.808044
1770803070.1584468,0.001026,-0.004209,-0.000603,-0.036399,-0.092815,9.820015
1770803070.1641304,0.000494,0.001117,0.001262,-0.044778,-0.092814,9.809241
1770803070.1683223,0.00076,-0.002078,-0.000869,-0.028019,-0.091617,9.826001
1770803070.1755936,-0.000572,0.003514,0.000729,-0.025625,-0.095209,9.80565
1770803070.1830144,-3.9e-05,-0.001013,-0.000603,-0.026822,-0.103588,9.815227
1770803070.1855683,0.000227,0.001384,-0.000336,-0.03999,-0.089223,9.804453
1770803070.1881309,0.00076,-0.004209,0.000196,-0.051962,-0.086829,9.806847
1770803070.1932642,-0.001637,0.001117,-7e-05,-0.044778,-0.091617,9.803256
1770803070.2004519,-0.00217,0.004313,0.000729,-0.032808,-0.096406,9.811635
1770803070.2037148,-3.9e-05,5.2e-05,0.000196,-0.034004,-0.085632,9.81403
1770803070.209041,0.001559,-0.003144,0.000196,-0.044779,-0.092815,9.817621
1770803070.2140665,0.001293,0.002982,0.000196,-0.034005,-0.0988,9.80565
1770803070.2203257,0.001559,-0.000481,0.000463,-0.023231,-0.102391,9.806847
1770803070.2237449,0.00076,0.000318,-0.000336,-0.023231,-0.094012,9.802059
1770803070.2289565,0.002358,-0.005274,0.000463,-0.026823,-0.085632,9.806847
1770803070.2340856,-0.000838,0.001117,0.000463,-0.050764,-0.083238,9.802059
1770803070.2395515,-0.002436,0.005645,-7e-05,-0.062736,-0.101195,9.824803
1770803070.246846,-0.000572,-0.005274,-0.001934,-0.042385,-0.09042,9.806847
1770803070.261882,-0.000305,-0.00128,-0.000869,-0.034005,-0.077252,9.788891
1770803070.2623544,0.001825,-0.000747,0.000196,-0.038793,-0.088026,9.80565
1770803070.2626317,-0.000838,0.000585,-7e-05,-0.045975,-0.104786,9.79727
1770803070.2650557,0.00076,-0.001546,-7e-05,-0.051961,-0.110771,9.810438
1770803070.2705708,0.00076,-0.002078,0.000196,-0.019639,-0.105983,9.828395
1770803070.279867,0.00076,-0.001812,-0.000336,-0.001683,-0.096406,9.80565
1770803070.288089,0.001026,-0.002611,-0.000869,-0.03999,-0.096406,9.810438
1770803070.2881951,-0.000838,-0.002611,-0.000603,-0.05675,-0.083238,9.811636
1770803070.29091,-0.000305,-0.002345,0.000463,-0.067524,-0.101194,9.803256
1770803070.2962651,-0.000305,-0.001013,-0.000336,-0.037596,-0.09042,9.808044
1770803070.3003511,-0.001104,0.004313,-0.000336,-0.01964,-0.090421,9.798467
1770803070.3061152,0.001559,-0.001546,0.000196,-0.032807,-0.086829,9.820015
1770803070.3105383,-0.001104,0.002449,-7e-05,-0.051961,-0.079647,9.826001
1770803070.3167589,0.000227,-0.002078,-0.000336,-0.042384,-0.097603,9.820015
1770803070.32276,-3.9e-05,-0.003144,-7e-05,-0.017246,-0.097603,9.811635
1770803070.3250134,0.001026,0.002982,0.000196,-0.012457,-0.095209,9.798467
1770803070.3307028,0.000227,0.003514,0.000196,-0.045976,-0.101194,9.799664
1770803070.3378844,-0.000838,-0.001812,-0.000603,-0.057947,-0.089223,9.818818
1770803070.3419387,-0.001104,-0.000214,0.000729,-0.063932,-0.104786,9.821212
1770803070.345112,-0.000572,0.000585,-0.000603,-0.032808,-0.09042,9.810438
1770803070.3502338,0.001293,-0.001812,-0.000603,-0.014851,-0.092815,9.800861
1770803070.355334,0.001293,0.002449,0.000196,-0.017245,-0.095209,9.800861
1770803070.360668,0.00289,-0.004475,-0.000336,-0.031611,-0.10718,9.803255
1770803070.3654764,0.001559,-0.006606,0.000463,-0.045977,-0.088027,9.800861
1770803070.3721805,-0.000572,-0.002877,-0.000603,-0.038793,-0.085632,9.803255
1770803070.3775306,-0.001371,0.006177,0.000729,-0.024429,-0.074858,9.80924
1770803070.3822334,-0.00217,0.002449,0.000463,-0.038793,-0.094012,9.809241
1770803070.3918502,-0.000838,-0.002078,-0.001668,-0.051961,-0.095209,9.814029
1770803070.3921888,-0.000838,0.000851,0.000463,-0.044779,-0.097603,9.794876
1770803070.3954487,-0.004034,0.005911,0.000196,-0.030414,-0.094012,9.802057
1770803070.4011312,0.000494,0.000851,0.000463,-0.018442,-0.096406,9.820015
1770803070.4060798,0.00076,0.002715,0.000729,-0.022034,-0.099997,9.816423
1770803070.411176,-0.000572,-0.002078,-0.000336,-0.03999,-0.091617,9.812832
1770803070.4191415,-0.000305,5.2e-05,0.000196,-0.03999,-0.086829,9.817621
1770803070.4213898,-0.001637,0.000851,0.000729,-0.038793,-0.092815,9.800861
1770803070.4265113,0.003157,-0.006073,-0.000336,-0.019641,-0.095209,9.803255
1770803070.4322865,0.001026,-0.003144,-7e-05,-0.044779,-0.089223,9.798467
1770803070.4395976,-0.000838,-0.002345,-7e-05,-0.051961,-0.089223,9.827197
1770803070.4415736,0.001293,-0.000481,-7e-05,-0.023231,-0.094012,9.817621
1770803070.4464343,0.002358,-0.002611,-0.000603,-0.018443,-0.088026,9.815226
1770803070.451479,0.00289,-0.004475,-0.000603,-0.023231,-0.092815,9.814029
1770803070.4569106,-0.00217,0.002715,-0.000336,-0.05675,-0.099997,9.805649
1770803070.463982,-0.000305,-0.002345,-0.000603,-0.063932,-0.105983,9.808044
1770803070.468746,0.00076,-0.003144,-0.000603,-0.030414,-0.089223,9.796073
1770803070.471789,-0.001637,0.005112,0.000729,-0.014852,-0.096406,9.804452
1770803070.4797816,-3.9e-05,0.002982,0.000196,-0.01964,-0.092815,9.81762
1770803070.481965,-0.000572,-0.00341,-0.000336,-0.060341,-0.091617,9.809241
1770803070.4902723,-0.000572,-0.00341,-0.000869,-0.069918,-0.102391,9.814029
1770803070.492317,0.001825,-0.003144,-7e-05,-0.049567,-0.097603,9.806847
1770803070.4990618,-0.000572,0.002715,0.000196,-0.016048,-0.082041,9.791284
1770803070.5026464,-0.001371,0.002715,-7e-05,-0.031611,-0.088026,9.78889
1770803070.5075958,-0.000572,-0.000481,-7e-05,-0.053158,-0.078449,9.800861
1770803070.5121787,0.00076,-0.007405,-0.000869,-0.068722,-0.096406,9.815226
1770803070.526757,-0.000305,0.001384,0.000463,-0.038793,-0.085632,9.828395
1770803070.531069,-0.000305,0.002715,0.000729,-0.005274,-0.080844,9.809241
1770803070.531966,-0.00217,0.005378,0.000729,-0.005275,-0.083238,9.799664
1770803070.5326047,0.000494,-0.001546,0.000196,-0.05675,-0.091618,9.798467
1770803070.5389588,0.001026,-0.004209,-7e-05,-0.077101,-0.094012,9.809241
1770803070.5448947,0.000494,-0.002345,-0.000603,-0.050764,-0.096406,9.826
1770803070.547439,-0.000838,0.004047,-7e-05,-0.014852,-0.089223,9.802058
1770803070.552941,-0.000838,0.004047,-0.000336,-0.024428,-0.085632,9.814029
1770803070.5579343,0.000227,-0.000481,-7e-05,-0.050764,-0.094012,9.815226
1770803070.5651286,0.001825,-0.002345,0.000995,-0.069918,-0.10718,9.806847
1770803070.568819,0.00076,-0.002611,0.000196,-0.055553,-0.101194,9.803255
1770803070.573045,0.000227,-0.002345,-0.000869,0.004302,-0.088026,9.792481
1770803070.577615,0.00076,0.005112,0.000729,-0.000487,-0.083238,9.804452
1770803070.5834882,-3.9e-05,-0.004209,-0.000603,-0.060341,-0.102391,9.826
1770803070.595523,0.001825,-0.002078,0.000463,-0.083086,-0.101194,9.821212
1770803070.59565,-0.000305,-0.00341,-0.000603,-0.062735,-0.089223,9.822409
1770803070.5984027,-0.000305,0.001916,0.000196,-0.00288,-0.09042,9.78889
1770803070.6035998,0.001293,0.002449,-7e-05,-0.007669,-0.082041,9.794875
1770803070.6092818,-3.9e-05,-0.000481,-7e-05,-0.034005,-0.104786,9.809241
1770803070.6139758,-0.001104,-0.000747,0.000463,-0.0771,-0.0988,9.815226
1770803070.618314,0.00076,-0.00634,-0.000336,-0.056751,-0.103589,9.822408
1770803070.623667,-0.00217,0.000851,-7e-05,-0.030413,-0.083238,9.80924
1770803070.6287491,0.000494,0.002982,0.000196,-0.008866,-0.094012,9.794875
1770803070.6354928,-3.9e-05,-0.001013,-7e-05,-0.032808,-0.084435,9.803255
1770803070.6385415,0.000494,-0.005274,-0.000336,-0.068722,-0.114363,9.814029
1770803070.6434984,0.000494,-0.00341,-0.000869,-0.057947,-0.097603,9.81762
1770803070.6485763,-0.001371,0.005378,-0.000336,-0.030414,-0.090421,9.811634
1770803070.6541262,0.001293,-0.000214,-7e-05,-0.01964,-0.091618,9.815226
1770803070.66048,-0.001104,0.004579,0.000463,-0.026823,-0.092815,9.820014
1770803070.6635697,0.002358,-0.002345,0.000196,-0.054356,-0.102392,9.816423
1770803070.6693306,-0.000838,0.002449,0.000995,-0.042385,-0.094012,9.803255
1770803070.6758628,0.001559,-0.000214,-0.000336,-0.014851,-0.092815,9.804452
1770803070.6793516,0.003423,-0.005008,-0.000869,-0.016049,-0.084435,9.805649
1770803070.6843748,0.002624,-0.005274,-0.001135,-0.04478,-0.091618,9.833182
1770803070.6954973,0.001559,-0.000481,0.000196,-0.08548,-0.10718,9.822409
1770803070.6955419,-0.000572,-0.003943,-0.000336,-0.081889,-0.078449,9.816423
1770803070.6989934,0.001825,-0.003943,-0.000869,-0.024429,-0.094012,9.802058
1770803070.707579,-0.000305,-0.004742,-0.001402,-0.004078,-0.079646,9.800861
1770803070.7091224,0.001559,-0.004742,-0.001135,-0.016049,-0.091618,9.804452
1770803070.7139945,-0.003235,0.002982,0.000196,-0.044779,-0.085632,9.816423
1770803070.7216249,-0.00217,0.004846,0.001262,-0.04478,-0.091618,9.814028
1770803070.7242584,0.001559,0.001916,0.000463,-0.030414,-0.097603,9.81762
1770803070.7294533,-0.001104,0.001117,0.000463,-0.016048,-0.082041,9.79727
1770803070.7367928,-0.000838,0.00378,-0.000336,-0.042385,-0.091618,9.799664
1770803070.740753,0.002358,-0.007138,-0.001668,-0.065131,-0.095209,9.817619
1770803070.7447217,-0.001104,5.2e-05,-0.000336,-0.067524,-0.099997,9.803255
1770803070.7512515,0.00076,-0.002078,0.000196,-0.032808,-0.096406,9.812832
1770803070.7572088,0.001293,-0.000481,-0.000336,-0.028019,-0.094012,9.821212
1770803070.762466,0.001293,0.000585,0.000995,-0.01964,-0.086829,9.798467
1770803070.7682269,-0.000838,0.001117,0.000463,-0.031611,-0.096406,9.808043
1770803070.7710104,0.001293,-0.00128,0.000463,-0.03999,-0.090421,9.806846
1770803070.7784712,-0.002436,0.002449,-7e-05,-0.038793,-0.082041,9.803255
1770803070.780051,0.002624,-0.007671,-0.001135,-0.044781,-0.085633,9.804451
1770803070.7880952,-3.9e-05,5.2e-05,-0.000336,-0.031611,-0.09042,9.811635
1770803070.7982585,0.003689,-0.002611,-0.000869,-0.02802,-0.076056,9.799663
1770803070.8022661,-0.000305,5.2e-05,-0.000336,-0.047173,-0.085632,9.815226
1770803070.8032675,0.000494,-0.001546,-0.000603,-0.065129,-0.089223,9.804452
1770803070.8076475,0.00076,-0.001812,-0.000336,-0.045976,-0.101194,9.809241
1770803070.8120315,-3.9e-05,-0.000481,-7e-05,-0.025625,-0.099997,9.803255
1770803070.8171477,-0.000305,0.00378,0.000196,-0.007669,-0.094012,9.800861
1770803070.821433,0.000227,0.000585,0.000463,-0.036399,-0.109574,9.812832
1770803070.8261378,0.001026,-0.001013,-7e-05,-0.057947,-0.101194,9.824803
1770803070.830981,-0.002436,0.004579,0.000463,-0.055553,-0.08683,9.811634
1770803070.839682,-0.002702,0.001916,0.000196,-0.026822,-0.089224,9.797269
1770803070.8411715,0.000494,-0.001546,-7e-05,-0.016048,-0.083238,9.79727
1770803070.848247,-0.001104,0.002183,-0.000603,-0.035202,-0.082041,9.810438
1770803070.850888,0.003423,-0.008204,-0.000869,-0.045978,-0.088027,9.82121
1770803070.8585973,-0.001637,0.004047,0.000729,-0.060342,-0.103589,9.816423
1770803070.8607655,-0.001104,-0.000747,-0.000603,-0.030414,-0.089223,9.811635
1770803070.866929,0.001559,-0.000481,-0.000603,-0.01126,-0.090421,9.798466
1770803070.8721352,0.000494,0.00165,-0.000336,-0.038793,-0.092815,9.793678
1770803070.8778315,0.001292,-0.005008,-7e-05,-0.067525,-0.101195,9.816423
1770803070.881411,0.001825,-0.002079,0.000196,-0.06513,-0.086829,9.816423
1770803070.8894243,-3.9e-05,-0.000747,-7e-05,-0.042385,-0.088026,9.803255
1770803070.8923616,-0.000572,0.002449,0.000196,-0.01126,-0.101195,9.808043
1770803070.9003153,-0.001371,0.002981,-0.000336,-0.030414,-0.096406,9.818817
1770803070.9011722,-0.002702,0.002715,0.000463,-0.035202,-0.091618,9.815226
1770803070.9084938,0.004488,-0.00847,0.000196,-0.047175,-0.099999,9.798465
1770803070.9132655,-0.000305,-0.001546,-0.000336,-0.038793,-0.086829,9.803255
1770803070.9166226,-0.000572,0.001916,0.000463,-0.024428,-0.084435,9.80924
1770803070.9219449,-0.000572,0.003248,-0.000603,-0.032808,-0.080844,9.805649
1770803070.9274127,0.001559,-0.000214,0.000729,-0.055553,-0.095209,9.800861
1770803070.9320507,0.000494,0.002183,0.000196,-0.047173,-0.095209,9.810437
1770803070.9375596,0.001825,-0.000481,0.000196,-0.038793,-0.090421,9.804452
1770803070.943225,0.001292,-0.002877,-7e-05,-0.02802,-0.094012,9.804452
1770803070.9477391,-0.000572,5.2e-05,-0.001135,-0.041188,-0.092815,9.828394
1770803070.9532678,0.001292,-0.002611,-7e-05,-0.035202,-0.099997,9.821211
1770803070.9568393,-0.000572,-0.001812,-0.000336,-0.038793,-0.0988,9.81762
1770803070.9618392,0.00076,0.003248,0.000463,-0.030414,-0.088026,9.798466
1770803070.9692488,-3.9e-05,0.001384,0.000995,-0.029217,-0.089223,9.799664
1770803070.9722512,-0.001371,-0.000214,-0.000869,-0.057947,-0.095209,9.816423
1770803070.978328,0.001292,0.002183,-0.000603,-0.05675,-0.101194,9.814029
1770803070.982622,-3.9e-05,0.000318,-7e-05,-0.04837,-0.092815,9.804452
1770803070.9884953,-3.9e-05,-0.000214,-7e-05,-0.037596,-0.089223,9.804452
1770803070.993799,-0.000572,0.002449,-0.000336,-0.031611,-0.113166,9.810437
1770803071.0035434,-0.001104,0.00165,0.000196,-0.054356,-0.104786,9.810437
1770803071.0037086,-0.000305,-0.002345,-0.000336,-0.066327,-0.099997,9.803255
1770803071.0082238,-0.000572,-0.000747,0.000729,-0.035202,-0.10718,9.810437
1770803071.0128005,-0.001637,0.001384,0.000729,-0.018443,-0.080844,9.793678
1770803071.0179193,0.000227,0.001384,-7e-05,-0.006472,-0.082041,9.799664
1770803071.0243282,-3.9e-05,-0.000481,-0.000336,-0.03999,-0.074858,9.793678
1770803071.029497,-0.001104,0.002715,0.000196,-0.077101,-0.086829,9.808043
1770803071.0345654,-0.001371,-0.00341,-0.000603,-0.029217,-0.082041,9.829591
1770803071.03919,0.001026,0.001384,0.000729,0.003105,-0.071267,9.821211
1770803071.043823,0.005554,-0.003943,-0.001135,-0.001684,-0.084436,9.818816
1770803071.049038,-0.001371,0.005645,0.000196,-0.059145,-0.089224,9.824802
1770803071.0545766,0.001825,-0.005274,-0.001135,-0.089073,-0.109574,9.831985
1770803071.0597193,-0.000572,0.001384,0.000463,-0.055553,-0.105983,9.815226
1770803071.0637827,0.00076,0.001384,0.000463,-0.013654,-0.110771,9.799664
1770803071.0691774,-0.001104,0.003514,-7e-05,0.004302,-0.113166,9.797269
1770803071.0741537,0.00076,-0.002611,-7e-05,-0.044779,-0.091618,9.80924
1770803071.079083,0.001026,-0.003144,-0.000336,-0.078298,-0.091618,9.808043
1770803071.0843322,-0.000838,0.000318,0.000995,-0.062735,-0.104786,9.804452
1770803071.0889232,0.00076,-0.000747,0.000196,-0.016048,-0.072464,9.806846
1770803071.0957947,-0.000838,0.00165,-0.000336,0.003105,-0.073661,9.803255
1770803071.104626,-0.000838,0.004846,0.000463,-0.026823,-0.090421,9.794875
1770803071.1046863,-0.000572,-0.00128,-0.000603,-0.078298,-0.097603,9.822408
1770803071.1094337,0.001026,-0.004209,-7e-05,-0.063933,-0.094012,9.810437
1770803071.1157062,-0.000572,-0.000214,-0.000336,-0.024428,-0.110771,9.806846
1770803071.1190143,0.00289,-0.001013,-0.000869,-0.007669,-0.103589,9.802057
1770803071.1240554,-0.000838,0.002982,0.001262,-0.038794,-0.0988,9.804452
1770803071.1293793,0.001293,-0.001812,0.000729,-0.073509,-0.113166,9.808043
1770803071.1350753,-0.002969,-0.003943,0.000463,-0.06513,-0.101194,9.820014
1770803071.1395125,0.001026,-0.006872,-0.000336,-0.030415,-0.090421,9.817619
1770803071.1444159,-0.001371,-0.001812,-0.001668,0.012682,-0.089223,9.803255
1770803071.1511114,0.00076,0.001916,0.000196,-0.020837,-0.090421,9.799663
1770803071.1547282,0.001026,-0.000747,-7e-05,-0.062735,-0.095209,9.808043
1770803071.1612685,-3.9e-05,-0.000214,-0.000336,-0.06513,-0.096406,9.814029
1770803071.164583,-0.00217,0.004579,0.000463,-0.030414,-0.085633,9.806845
1770803071.17254,0.001293,-0.001013,-0.000336,-0.004078,-0.072464,9.802057
1770803071.1742153,0.002624,-0.004475,-0.000869,-0.030414,-0.085633,9.817619
1770803071.1807177,-0.001903,0.005645,0.001794,-0.068722,-0.104786,9.810437
1770803071.1850657,0.000494,-0.000747,0.000463,-0.074706,-0.097603,9.814029
1770803071.1920867,0.001825,-0.002345,0.000463,-0.050765,-0.091618,9.798466
1770803071.1972864,0.00076,0.001916,-7e-05,-0.025625,-0.0988,9.802057
1770803071.199681,0.000494,0.000585,-0.000603,-0.025625,-0.092815,9.815226
1770803071.2080927,-0.002436,0.005112,0.000729,-0.055554,-0.110772,9.821211
1770803071.211291,-0.00217,-0.001546,-0.000336,-0.039991,-0.0988,9.814028
1770803071.215478,0.001293,-0.001013,-7e-05,-0.004078,-0.088026,9.798466
1770803071.2201762,-0.000305,0.001117,0.000729,0.016273,-0.092815,9.796072
1770803071.2267587,-0.001637,0.004047,0.001262,-0.02802,-0.080844,9.818817
1770803071.2311635,0.001293,-0.006073,-0.000603,-0.069919,-0.095209,9.82121
1770803071.2367435,0.001293,-0.00634,-0.000336,-0.084285,-0.080844,9.822408
1770803071.241927,0.00289,-0.004742,-0.001402,-0.022035,-0.084435,9.803254
1770803071.245778,0.00076,0.002183,-0.000603,-0.020837,-0.082041,9.798466
1770803071.250593,-0.000838,0.006177,0.000995,-0.04478,-0.101195,9.79248
1770803071.2564778,0.000227,-0.000214,-7e-05,-0.062735,-0.102392,9.821211
1770803071.2602844,0.000227,-0.004209,0.000196,-0.04478,-0.111968,9.830788
1770803071.2651703,0.002091,-0.003676,-0.000603,-0.004078,-0.105983,9.820014
1770803071.2714999,0.00076,0.000851,-0.000336,-0.004078,-0.090421,9.804452
1770803071.2758808,-3.9e-05,0.005112,0.001262,-0.035203,-0.091618,9.822408
1770803071.284079,-0.00217,0.002982,0.000196,-0.080692,-0.08683,9.803254
1770803071.2866087,0.00076,-0.003144,0.000995,-0.075904,-0.104786,9.804452
1770803071.2919304,0.001026,-0.005008,-7e-05,-0.035203,-0.076056,9.798466
1770803071.299527,-0.000838,0.000585,-0.000336,-0.010063,-0.089224,9.80086
1770803071.3009503,-0.000838,0.00165,0.000196,-0.023231,-0.089224,9.814028
1770803071.310622,-0.001637,0.001117,0.000463,-0.057947,-0.095209,9.81762
1770803071.3109977,0.001825,-0.007671,-0.000869,-0.055555,-0.090421,9.806845
1770803071.317365,-0.002436,-0.000214,-0.000336,-0.013654,-0.091618,9.804452
1770803071.3220134,-0.001903,0.003514,0.000463,-0.011261,-0.08683,9.804451
1770803071.3277957,0.001026,-0.002078,-0.000336,-0.031611,-0.0988,9.796072
1770803071.333862,-0.000572,-0.000747,0.000196,-0.075904,-0.094012,9.821211
1770803071.3368766,-3.9e-05,-0.002345,0.000196,-0.075904,-0.10718,9.830788
1770803071.3443713,-0.001104,0.000585,-0.000336,-0.031611,-0.101195,9.824802
1770803071.3471737,0.001559,-0.000747,-7e-05,-0.020837,-0.089224,9.820014
1770803071.354132,-3.9e-05,0.002715,0.000196,-0.020837,-0.083238,9.802057
1770803071.3565664,-3.9e-05,-0.000747,0.000196,-0.038793,-0.088026,9.797269
1770803071.3621228,0.001026,-0.003144,-0.000603,-0.055553,-0.080844,9.803254
1770803071.366951,0.000227,-0.002078,0.000463,-0.039991,-0.07845,9.81762
1770803071.3718805,0.000494,0.000851,0.000196,-0.018443,-0.083238,9.821211
1770803071.3797486,0.001026,0.004579,-7e-05,-0.038794,-0.09042,9.822408
1770803071.392734,0.00289,-0.005008,-7e-05,-0.057948,-0.103589,9.817619
1770803071.3927794,0.003157,-0.00341,0.000463,-0.062736,-0.08683,9.797269
1770803071.3944426,0.002358,-0.003676,0.000995,-0.030414,-0.10718,9.790086
1770803071.3972578,-0.002436,0.004047,0.000463,-0.006472,-0.08683,9.804451
1770803071.4025316,0.001293,-0.003144,-0.000869,-0.013655,-0.0988,9.806845
1770803071.4118853,-0.001637,-0.000214,-0.000336,-0.039991,-0.086829,9.820014
1770803071.4129438,-3.9e-05,-0.003676,-7e-05,-0.049568,-0.099997,9.818816
1770803071.4174151,-0.000572,0.002183,0.000463,-0.031611,-0.088026,9.815225
1770803071.4239278,0.000227,0.003781,0.000729,-0.020838,-0.068873,9.785298
1770803071.4291244,-0.000305,0.001384,-0.000336,-0.044779,-0.080844,9.810437
1770803071.4328926,-0.000572,0.000851,0.000995,-0.067524,-0.083238,9.810437
1770803071.4379368,-0.000838,0.002449,0.000729,-0.047174,-0.103589,9.824802
1770803071.4462433,-0.000572,-0.000481,0.000196,-0.025625,-0.092815,9.828393
1770803071.447439,0.00076,0.000318,0.000729,-0.02802,-0.090421,9.804451
1770803071.456058,-0.001104,0.001916,0.000729,-0.041188,-0.084435,9.798466
1770803071.4580276,-3.9e-05,0.004313,0.000463,-0.043583,-0.090421,9.802057
1770803071.4647007,-0.000305,-0.002877,0.000196,-0.031611,-0.095209,9.787692
1770803071.4682457,0.001293,-0.001812,-0.000336,-0.012457,-0.084435,9.803254
1770803071.4743216,0.002624,-0.002611,-0.000869,-0.02802,-0.089224,9.816422
1770803071.4778259,0.002358,-0.003943,-0.001135,-0.045977,-0.097603,9.823605
1770803071.4838254,0.00289,-0.006073,0.000463,-0.057948,-0.09521,9.825999
1770803071.4885042,0.000494,-0.001812,0.000729,-0.045976,-0.0988,9.796072
1770803071.493104,0.00076,-0.000747,0.000196,-0.01964,-0.090421,9.808043
1770803071.4995117,-0.000838,0.001916,-7e-05,-0.022034,-0.086829,9.791283
1770803071.5063934,-3.9e-05,-0.000214,-7e-05,-0.053159,-0.086829,9.798466
1770803071.5143862,-0.000838,0.002449,-0.000603,-0.061539,-0.089224,9.830788
1770803071.5157833,-0.002702,0.006976,0.000995,-0.062737,-0.092815,9.82959
1770803071.5199642,0.00076,-0.001279,0.000463,-0.016049,-0.086829,9.815225
1770803071.5243556,0.003157,-0.00341,-0.000336,-0.006472,-0.096406,9.790086
1770803071.5286818,0.000494,-0.00341,-0.000869,-0.034006,-0.084435,9.805648
1770803071.5335686,0.001293,-0.004475,-0.001135,-0.069919,-0.099998,9.797268
1770803071.5398417,0.001026,-0.006073,-0.000869,-0.06154,-0.101195,9.823604
1770803071.5433931,-0.002702,0.002715,0.000995,-0.023232,-0.084435,9.815225
1770803071.5506773,-0.003501,0.008841,0.000463,-0.001686,-0.090422,9.805647
1770803071.5566177,0.001825,0.000851,0.000196,-0.029217,-0.099997,9.825999
1770803071.5590692,-3.9e-05,0.000851,0.000196,-0.059144,-0.104786,9.811634
1770803071.5641198,0.001825,-0.004475,0.000196,-0.055554,-0.102392,9.806845
1770803071.5692196,0.000494,-0.000481,-7e-05,-0.020837,-0.102392,9.805649
1770803071.5749638,-0.001371,0.002715,0.000463,-0.004078,-0.077253,9.802057
1770803071.579026,0.00076,-0.000214,-7e-05,-0.035202,-0.084435,9.821211
1770803071.5849621,0.001026,-0.002078,-0.000869,-0.05675,-0.088026,9.827196
1770803071.5894349,0.002624,-0.004742,-7e-05,-0.05316,-0.099998,9.815225
1770803071.5961351,-0.001637,0.002715,0.000463,-0.034005,-0.088027,9.797269
1770803071.5996754,-0.001104,0.004579,0.000196,-0.013655,-0.091618,9.802057
1770803071.607199,0.000227,-0.001812,-0.000603,-0.035202,-0.094012,9.806846
1770803071.6180577,0.001293,-0.00341,-0.001135,-0.051962,-0.095209,9.798466
1770803071.6182709,-0.000838,-0.000214,0.000729,-0.061539,-0.092815,9.825999
1770803071.6196582,0.00076,-0.000214,0.000196,-0.034005,-0.092815,9.805649
1770803071.627005,0.000494,-0.000747,-0.000603,-0.017246,-0.086829,9.810437
1770803071.6361818,0.002624,-0.003676,-0.000603,-0.0364,-0.088027,9.806845
1770803071.6363158,-0.000572,-0.000214,-7e-05,-0.063933,-0.095209,9.796072
1770803071.6408935,0.000494,-0.002611,-0.000869,-0.045976,-0.090421,9.80086
1770803071.647282,0.001825,-0.001546,-0.000603,-0.029217,-0.095209,9.810437
1770803071.652847,0.001026,0.001384,-0.000603,-0.01964,-0.091618,9.81762
1770803071.6549947,-0.00217,0.003781,-0.000603,-0.042385,-0.08683,9.794874
1770803071.6641874,-0.000572,-0.002078,-7e-05,-0.053159,-0.099997,9.827196
1770803071.667364,-0.000305,-0.001546,-0.000336,-0.042385,-0.0988,9.803254
1770803071.670964,-0.001637,0.001916,0.000463,-0.037597,-0.092815,9.784101
1770803071.6757357,-3.9e-05,0.002982,0.000729,-0.013655,-0.092815,9.808043
1770803071.6803057,-0.000305,0.002715,0.000463,-0.02802,-0.089224,9.821211
1770803071.6891627,0.00076,-0.000747,-7e-05,-0.060341,-0.095209,9.836773
1770803071.6974118,0.001026,-0.004209,0.000995,-0.053159,-0.096406,9.821211
1770803071.697928,0.001825,-0.007138,-0.000869,-0.037598,-0.080844,9.808042
1770803071.7012432,-0.000838,0.004846,0.000463,-0.031612,-0.089224,9.798465
1770803071.7229042,-3.9e-05,0.004047,0.000729,-0.038794,-0.088026,9.787691
1770803071.7229784,0.001825,-0.001013,-0.000336,-0.038794,-0.092815,9.798466
1770803071.723015,0.001559,0.001916,0.000995,-0.055553,-0.0988,9.831984
1770803071.7241535,0.00076,0.003514,0.000995,-0.049568,-0.089223,9.817619
1770803071.7253807,0.001292,0.000318,-7e-05,-0.0364,-0.086829,9.817619
1770803071.7374263,-0.001903,0.003514,0.000995,-0.026823,-0.099998,9.799662
1770803071.737525,-3.9e-05,-0.002078,0.000196,-0.0364,-0.089224,9.793677
1770803071.7473536,-0.003501,0.00165,0.000196,-0.043582,-0.094012,9.796071
1770803071.7562313,-0.000838,0.001916,0.000196,-0.042385,-0.094012,9.803254
1770803071.757965,0.001026,0.002982,0.001262,-0.029217,-0.089223,9.818816
1770803071.758233,0.000494,0.002715,0.000463,-0.038794,-0.091618,9.827196
1770803071.7616274,0.000494,0.001117,0.000196,-0.050765,-0.091618,9.820013
1770803071.765837,-0.001371,-0.000214,-0.000869,-0.044779,-0.083238,9.816422
1770803071.7713993,0.001026,-0.000747,-0.000603,-0.041188,-0.091618,9.793677
1770803071.7766206,0.000227,0.000585,0.000463,-0.024429,-0.082041,9.799663
1770803071.7813473,-0.000572,0.002183,-0.000336,-0.029217,-0.088027,9.808042
1770803071.7878764,-0.002969,0.005645,0.000196,-0.047174,-0.104786,9.824801
1770803071.7913163,-3.9e-05,0.001384,0.000196,-0.054356,-0.0988,9.828393
1770803071.797218,0.000227,-0.002611,0.000463,-0.049568,-0.089224,9.804451
1770803071.80107,0.003157,-0.003144,-0.000336,-0.025626,-0.083238,9.805648
1770803071.80635,0.00076,0.000585,0.000463,-0.013655,-0.091618,9.796071
1770803071.814821,-0.000572,-0.009269,-0.001668,-0.051965,-0.094012,9.805647
1770803071.8219094,0.003157,-0.005807,-0.000336,-0.075905,-0.09521,9.824801
1770803071.823414,-0.001104,0.003781,0.000995,-0.060342,-0.099998,9.82121
1770803071.8275104,-0.002436,0.003781,-0.000336,-0.017246,-0.102392,9.817619
1770803071.832678,-0.000838,0.000851,0.000463,-0.020837,-0.084435,9.815225
1770803071.8394742,-0.001104,0.008308,0.00206,-0.017248,-0.084435,9.798464
1770803071.8416648,-0.001104,0.004047,-7e-05,-0.056751,-0.089224,9.814028
1770803071.8471205,0.001825,-0.002345,-0.000336,-0.062736,-0.102392,9.814028
1770803071.8528872,-0.001104,0.00165,0.000729,-0.037597,-0.083238,9.810437
1770803071.8605182,-3.9e-05,0.001916,-0.000336,-0.016049,-0.088027,9.808042
1770803071.8623548,-0.001104,0.005112,0.000729,-0.023232,-0.079647,9.823604
1770803071.8680649,-0.000572,5.2e-05,0.000463,-0.071115,-0.086829,9.821211
1770803071.8726296,0.000494,-0.006339,-0.000869,-0.089073,-0.103589,9.809239
1770803071.8773937,0.001026,-0.007937,-0.001135,-0.050767,-0.092815,9.806844
1770803071.8828857,0.001026,0.002183,0.000196,-0.002881,-0.0988,9.814028
1770803071.8890798,0.000227,0.002715,-7e-05,0.003105,-0.097603,9.818816
1770803071.9033577,-0.000572,0.002449,0.000463,-0.025626,-0.094012,9.82959
1770803071.903647,0.001026,-0.005274,-0.000336,-0.080693,-0.098801,9.818816
1770803071.9038541,0.000494,-0.001013,-0.000603,-0.059144,-0.089224,9.815225
1770803071.907447,-0.000305,0.002183,0.000463,-0.007669,-0.085632,9.80086
1770803071.914801,-0.001104,0.003781,-0.000603,-0.010064,-0.074859,9.791283
1770803071.9249458,-0.000572,0.001117,0.000196,-0.044779,-0.077253,9.814028
1770803071.9249928,0.000227,0.00165,0.000729,-0.071116,-0.096406,9.818816
1770803071.9279475,0.000227,-0.001812,-7e-05,-0.054356,-0.097603,9.82121
1770803071.933447,0.001026,0.000585,0.000463,-0.008866,-0.105983,9.817619
1770803071.93797,-3.9e-05,0.002183,0.000463,0.005499,-0.094012,9.797268
1770803071.9431798,0.002624,-0.002345,-0.000869,-0.031611,-0.096406,9.803254
1770803071.9482186,-0.001637,-0.001812,0.000196,-0.080692,-0.094012,9.815225
1770803071.9538667,-0.000305,-0.001279,0.000463,-0.077101,-0.099997,9.823605
1770803071.960528,0.000227,-0.002345,0.000729,-0.031611,-0.082041,9.827196
1770803071.964478,0.001559,-0.000214,0.000729,-0.001684,-0.095209,9.814028
1770803071.969284,0.000227,5.2e-05,-0.000603,-0.020837,-0.089224,9.798465
1770803071.973954,-0.000838,0.001384,0.000729,-0.050765,-0.084435,9.806845
1770803071.9799933,0.001292,-0.003943,0.000463,-0.061539,-0.085633,9.81283
1770803071.985475,0.000227,-0.001279,-7e-05,-0.043582,-0.080844,9.798465
1770803071.9892552,0.00289,-0.006606,-0.000869,-0.018445,-0.104786,9.825998
1770803071.9948504,0.00289,-0.004742,-0.001135,-0.031612,-0.091618,9.816421
1770803072.001556,-3.9e-05,0.000585,-0.000603,-0.043582,-0.097603,9.822407
1770803072.004283,-0.000305,-0.00048,0.000196,-0.063933,-0.097603,9.806845
1770803072.010003,0.000493,-0.005807,0.000463,-0.049569,-0.084435,9.803253
1770803072.0168235,-0.000572,-0.003144,-0.001402,-0.032809,-0.0988,9.791283
1770803072.018958,0.001559,0.001117,0.000463,-0.022035,-0.095209,9.803254
1770803072.0268118,0.001292,-0.002345,0.000196,-0.030414,-0.103589,9.830787
1770803072.0287921,0.002091,-0.001279,-0.000603,-0.034006,-0.094012,9.818816
1770803072.0358782,0.002091,-0.006339,-0.000869,-0.031613,-0.085633,9.809238
1770803072.0391822,0.000493,0.000851,-0.000336,-0.030414,-0.086829,9.803254
1770803072.0456116,0.000493,-0.00048,-0.000869,-0.0364,-0.097603,9.808042
1770803072.0492382,-0.000572,-0.000214,0.000196,-0.047174,-0.082041,9.805648
1770803072.054284,0.00289,-0.003676,0.000729,-0.035203,-0.094012,9.804451
1770803072.0590549,0.00076,0.000585,0.000196,-0.025626,-0.096406,9.82959
1770803072.0642347,0.001559,-0.00048,-7e-05,-0.032808,-0.095209,9.820013
1770803072.071154,0.002358,-0.009535,-0.001402,-0.044783,-0.088027,9.817617
1770803072.076511,-0.002969,0.006444,0.000463,-0.03281,-0.088027,9.816421
1770803072.0805097,0.001292,-0.001546,-0.000336,-0.035203,-0.092815,9.790086
1770803072.086073,0.003423,-0.005807,-0.000603,-0.022036,-0.090421,9.793676
1770803072.0924618,0.000493,0.001117,0.000196,-0.032808,-0.091618,9.798465
1770803072.0949674,0.001825,-0.002078,-7e-05,-0.04478,-0.094012,9.82959
1770803072.1004798,-0.001637,0.003781,0.000463,-0.04478,-0.103589,9.818816
1770803072.1070828,0.00076,-0.002078,-7e-05,-0.034006,-0.090421,9.809239
1770803072.1118948,-0.000572,0.003248,0.000995,-0.032809,-0.095209,9.811633
1770803072.1145477,-3.9e-05,0.001384,0.000463,-0.025626,-0.091618,9.80086
1770803072.1199188,0.001026,-0.001279,-7e-05,-0.043582,-0.090421,9.79248
1770803072.1292129,-0.003235,0.006976,0.000463,-0.035204,-0.08683,9.81283
1770803072.1302629,0.001825,-0.001546,0.000463,-0.041188,-0.077253,9.817619
1770803072.143505,0.00076,5.2e-05,-7e-05,-0.018443,-0.080844,9.82121
1770803072.144339,0.00076,0.00165,-7e-05,-0.029217,-0.108377,9.800859
1770803072.1449564,-0.001637,0.002982,-0.000336,-0.047174,-0.091618,9.804451
1770803072.1510923,-0.000305,5.2e-05,-0.000869,-0.042385,-0.07845,9.798465
1770803072.1551373,0.001026,-0.00341,0.000196,-0.045977,-0.101195,9.793677
1770803072.1607661,-0.000305,-0.000214,-7e-05,-0.041188,-0.090421,9.804451
1770803072.1669512,-0.000838,-0.001812,0.000196,-0.025626,-0.089224,9.816422
1770803072.170716,-0.00217,0.005378,-7e-05,-0.032809,-0.08683,9.81283
1770803072.175253,-0.000838,0.000318,-0.000336,-0.049568,-0.083238,9.816422
1770803072.1809292,-0.000838,-0.00048,-7e-05,-0.042385,-0.085632,9.809239
1770803072.1856377,0.004488,-0.009003,-0.001668,-0.039994,-0.076057,9.804449
1770803072.1922116,0.001825,0.000851,0.000196,-0.031611,-0.089224,9.810436
1770803072.195905,-0.000838,0.002183,0.000196,-0.041188,-0.088027,9.798465
1770803072.2009022,-3.9e-05,-0.000214,-0.000869,-0.041188,-0.097603,9.811633
1770803072.2071328,0.002624,-0.002611,-0.000603,-0.055554,-0.091618,9.823604
1770803072.211849,-0.000838,-0.00048,-7e-05,-0.034006,-0.080844,9.799662
1770803072.2159913,-0.003235,0.001916,-0.000869,-0.026823,-0.10718,9.800859
1770803072.2215326,-0.001371,-0.00048,-0.000603,-0.0364,-0.094012,9.799662
1770803072.231105,-0.001104,0.000585,0.000196,-0.034006,-0.084435,9.805647
1770803072.2319632,-3.9e-05,5.2e-05,0.000463,-0.047174,-0.090421,9.80445
1770803072.2360914,0.002091,-0.002877,-0.000603,-0.0364,-0.094012,9.814027
1770803072.2412362,0.000493,-0.003943,-0.000603,-0.037597,-0.080844,9.83318
1770803072.2467434,-0.000305,0.00165,-0.000603,-0.039991,-0.088027,9.811633
1770803072.2525952,0.001026,-0.001279,0.000196,-0.043582,-0.096406,9.80445
1770803072.2580082,0.001292,5.2e-05,0.000196,-0.042385,-0.094012,9.806844
1770803072.2626984,0.001026,-0.002078,-0.000336,-0.035203,-0.096406,9.805647
1770803072.266637,0.00076,5.2e-05,-0.000336,-0.034006,-0.092815,9.81283
1770803072.2722397,0.00289,-0.001013,0.000196,-0.037597,-0.097603,9.830786
1770803072.277286,0.005021,-0.007937,-0.000603,-0.04119,-0.102393,9.812828
1770803072.2823129,0.005021,-0.008736,-0.000336,-0.032811,-0.097605,9.80804
1770803072.288087,-0.001903,0.004846,0.000729,-0.048372,-0.097604,9.802056
1770803072.29173,-0.001903,0.00165,0.000463,-0.0364,-0.097603,9.799662
1770803072.29718,0.000493,-0.000747,0.000463,-0.030414,-0.096406,9.817618
1770803072.3024533,0.000493,-0.000214,0.000463,-0.0364,-0.091618,9.811633
1770803072.3108819,0.000493,-0.001013,-7e-05,-0.041188,-0.094012,9.810436
1770803072.312117,0.001026,-0.002877,-7e-05,-0.049568,-0.091618,9.808041
1770803072.32044,0.00076,-0.00341,-0.000336,-0.042386,-0.090421,9.81283
1770803072.3233573,0.00076,-0.00048,-7e-05,-0.030414,-0.077253,9.809239
1770803072.3338275,-0.000305,0.002449,-0.000603,-0.022035,-0.095209,9.793676
1770803072.3338752,-0.001371,0.000585,-0.000336,-0.039991,-0.088027,9.820013
1770803072.3377423,0.001292,-0.003144,-7e-05,-0.043583,-0.095209,9.811633
1770803072.3424108,-3.9e-05,0.001916,0.000196,-0.039991,-0.094012,9.809239
1770803072.347386,0.001559,-0.003676,-0.000336,-0.043583,-0.091618,9.799662
1770803072.352904,-0.001371,-0.00048,-7e-05,-0.031611,-0.104786,9.80445
1770803072.3582098,-0.000572,-0.002078,-0.001402,-0.032809,-0.103589,9.803253
1770803072.3642476,-0.000572,5.2e-05,-7e-05,-0.039991,-0.092815,9.805647
1770803072.3722875,0.000227,-0.002078,0.000463,-0.039991,-0.098801,9.814027
1770803072.3772516,-0.000838,0.005379,0.000463,-0.047175,-0.094012,9.810435
1770803072.3779876,-0.001104,-0.000747,0.000729,-0.039991,-0.095209,9.816421
1770803072.3839235,0.002624,-0.002345,-7e-05,-0.039991,-0.088027,9.799662
1770803072.3893023,-0.004034,0.008042,0.000196,-0.037599,-0.090422,9.809237
1770803072.3932111,-0.001903,0.005645,0.000729,-0.030415,-0.084436,9.820012
1770803072.4031837,-0.000572,5.2e-05,-0.000603,-0.037597,-0.0988,9.810436
1770803072.4042044,-0.001637,0.002982,0.000729,-0.037597,-0.101195,9.820012
1770803072.4087148,-0.001903,0.000585,-0.000869,-0.032809,-0.088027,9.824801
1770803072.4134398,-0.000838,-0.001013,-0.001402,-0.0364,-0.077253,9.806845
1770803072.4194674,-0.001637,0.004047,0.000729,-0.039992,-0.084435,9.810435
1770803072.4262543,-0.001104,0.001117,0.000463,-0.051962,-0.098801,9.808042
1770803072.4299588,-0.001104,0.000319,-0.000336,-0.041188,-0.095209,9.808042
1770803072.4373834,-0.000305,5.2e-05,-0.000603,-0.034006,-0.090421,9.817618
1770803072.4385834,-0.003235,0.002183,-7e-05,-0.037597,-0.098801,9.814027
1770803072.443617,-0.003501,0.002715,-7e-05,-0.04478,-0.089224,9.822407
1770803072.4485269,-0.002436,0.001117,-0.000336,-0.029217,-0.08683,9.817618
1770803072.4540708,-0.003235,0.006976,0.000196,-0.038796,-0.098801,9.791281
1770803072.4595802,-0.002436,0.000319,0.000463,-0.025626,-0.082041,9.798464
1770803072.4644692,-0.001637,-0.002877,-0.000336,-0.029218,-0.090421,9.800859
1770803072.4719372,0.000493,-0.00341,-7e-05,-0.039992,-0.089224,9.809238
1770803072.4741724,-0.001637,-0.001546,-7e-05,-0.0364,-0.077253,9.810435
1770803072.4796598,0.001559,-0.001013,0.000729,-0.042386,-0.096406,9.814027
1770803072.4850473,-0.002969,0.010172,0.000995,-0.029221,-0.09521,9.822405
1770803072.4920213,0.000493,-0.00341,-0.000336,-0.030415,-0.095209,9.811632
1770803072.4945374,-0.000838,0.001118,-0.000336,-0.039991,-0.097603,9.810435
1770803072.4995062,0.00076,-0.002611,0.000196,-0.0364,-0.092815,9.814027
1770803072.5060358,0.000227,-0.001812,0.000196,-0.043583,-0.098801,9.815224
1770803072.5115652,-0.000838,0.00165,-0.000603,-0.038794,-0.091618,9.815224
1770803072.51586,0.001026,-0.002611,0.000196,-0.039992,-0.090421,9.820012
1770803072.522209,-0.000838,0.000851,-0.000336,-0.039991,-0.095209,9.805647
1770803072.5287669,0.002624,-0.007937,-0.000869,-0.037599,-0.091618,9.815223
1770803072.5293362,-0.004833,0.00964,-7e-05,-0.036403,-0.101196,9.815222
1770803072.5388246,-0.001637,0.002183,-0.000603,-0.026823,-0.090421,9.794873
1770803072.5409331,-3.9e-05,-0.001546,-7e-05,-0.031612,-0.095209,9.802056
1770803072.5457456,0.000227,-0.001546,-0.000336,-0.029217,-0.085632,9.802056
1770803072.5518105,0.002624,-0.004209,-0.000603,-0.036401,-0.09521,9.820012
1770803072.555101,-0.002702,0.005645,0.001262,-0.060343,-0.09521,9.804449
1770803072.5600486,0.001292,-0.003676,-0.000603,-0.04478,-0.092815,9.8248
1770803072.5665054,0.00076,-0.002345,-0.000336,-0.042386,-0.090421,9.803253
1770803072.5717616,0.000227,-0.000747,-0.000603,-0.030415,-0.099998,9.81283
1770803072.574756,-0.000572,0.002449,0.000463,-0.020838,-0.10718,9.800859
1770803072.5802171,-0.001903,0.004846,0.000196,-0.017247,-0.101195,9.821209
1770803072.5863588,-0.002436,0.000851,0.000463,-0.019641,-0.098801,9.809238
1770803072.5917113,-0.002436,0.002715,-0.000336,-0.039992,-0.090421,9.811632
1770803072.5980713,-0.000572,-0.002078,0.000463,-0.057948,-0.079647,9.788888
1770803072.6005924,0.002091,-0.00341,0.000196,-0.043583,-0.07007,9.772128
1770803072.6059494,0.000227,-0.001546,-7e-05,-0.0364,-0.079647,9.756566
1770803072.6108449,0.000227,0.002449,-0.000336,-0.010064,-0.086829,9.876276
1770803072.615672,-0.000838,0.008574,-0.000336,-0.016052,-0.105983,10.007956
1770803072.6210594,-0.000572,0.000851,-0.000869,-0.054357,-0.10718,9.952891
1770803072.6262786,-0.000838,-0.002345,-0.000603,-0.051962,-0.086829,9.782902
1770803072.630863,-3.9e-05,-0.002078,-7e-05,-0.041189,-0.083238,9.61052
1770803072.645333,0.000227,-0.002345,-0.000336,0.00071,-0.079647,9.626082
1770803072.6468995,-0.002702,0.00165,0.000196,-0.00767,-0.113166,9.742201
1770803072.6476738,-0.002436,0.000851,0.000463,-0.060342,-0.126334,9.864305
1770803072.6507328,-0.000838,0.000585,0.000729,-0.078299,-0.11556,9.945708
1770803072.6562576,-0.001104,-0.005008,-0.000869,-0.047175,-0.109574,9.937328
1770803072.6610785,0.00289,-0.002078,-0.000869,-0.026823,-0.096406,9.775719
1770803072.6664703,-0.000306,0.000319,0.000196,-0.000487,-0.084435,9.723047
1770803072.676436,0.000227,-0.004741,-7e-05,-0.018444,-0.080844,9.735018
1770803072.6765301,-0.001637,-0.001013,-7e-05,-0.045977,-0.101195,9.746989
1770803072.6854005,-0.000838,-0.001546,-7e-05,-0.045977,-0.084435,9.861911
1770803072.686538,0.000493,-0.001013,-7e-05,-0.048371,-0.092815,9.852334
1770803072.6918168,0.000493,0.000319,-0.000336,-0.026823,-0.086829,9.888247
1770803072.6969874,0.000493,-0.001546,-0.000869,-0.038794,-0.110772,9.848743
1770803072.7017887,-0.000572,0.000585,-0.000603,-0.047174,-0.095209,9.780508
1770803072.7091665,0.001026,0.001384,-7e-05,-0.042386,-0.101195,9.77572
1770803072.7117035,-0.00217,0.004846,0.000196,-0.031612,-0.108378,9.763748
1770803072.7163985,0.000227,-0.001013,-0.000336,-0.013655,-0.096406,9.781705
1770803072.7224066,0.002091,-0.001546,0.000463,-0.041188,-0.109575,9.81283
1770803072.727382,0.005021,-0.009002,-0.000603,-0.048374,-0.097605,9.83677
1770803072.7327769,-0.000306,-0.002877,0.000196,-0.037598,-0.10718,9.846348
1770803072.743912,0.001559,-0.004475,-0.000336,-0.014853,-0.098801,9.817617
1770803072.7443187,-0.000306,0.001917,-7e-05,0.00071,-0.085632,9.790084
1770803072.7467628,0.000493,-0.002344,-0.000336,-0.030415,-0.067676,9.798464
1770803072.7528725,-0.003768,0.005112,-7e-05,-0.063934,-0.085633,9.799661
1770803072.7612913,-0.000572,-0.002877,-0.000869,-0.087876,-0.082041,9.814026
1770803072.762356,-0.002969,-0.00048,-0.000336,-0.048371,-0.082041,9.8248
1770803072.7708604,0.000227,0.000585,0.000995,-0.014852,-0.099998,9.8248
1770803072.7721004,0.000227,-0.001545,-0.000603,0.001907,-0.109574,9.816421
1770803072.7794642,-0.001371,0.001384,-7e-05,-0.00767,-0.099998,9.79607
1770803072.7833927,-0.000306,0.000319,0.000729,-0.055554,-0.108377,9.799661
1770803072.789294,-0.000572,0.001118,0.000196,-0.062736,-0.103589,9.820012
1770803072.7926598,-0.000838,0.002183,-0.000603,-0.032809,-0.11556,9.814026
1770803072.7989082,0.003157,-0.003942,-7e-05,-0.022035,-0.088027,9.812829
1770803072.8035145,0.002624,-0.008203,-0.000603,-0.0376,-0.08683,9.809237
1770803072.808844,0.00076,-0.002078,-0.000336,-0.057948,-0.092815,9.816421
1770803072.8128746,-0.000572,-0.002078,-0.000336,-0.056751,-0.088027,9.798464
1770803072.818866,-0.001105,-0.003143,-0.001135,-0.023232,-0.084435,9.805647
1770803072.824636,0.000227,0.002716,0.000196,-0.011261,-0.082041,9.79607
1770803072.8301852,-0.000838,0.001384,-0.000603,-0.012458,-0.096406,9.816421
1770803072.8372664,-0.000572,0.001384,-7e-05,-0.042386,-0.104786,9.797267
1770803072.8379412,0.001292,-0.00341,-0.000603,-0.059145,-0.101195,9.812829
1770803072.8474052,0.000227,0.001917,-7e-05,-0.023232,-0.108377,9.812829
1770803072.8476956,-0.001637,0.003248,0.000995,-0.020838,-0.092815,9.808041
1770803072.8568468,0.003689,-0.007138,-0.000869,-0.035205,-0.096407,9.80804
1770803072.8578517,0.00289,-0.006073,-0.000869,-0.061541,-0.097604,9.825997
1770803072.8642197,-0.000572,-0.001545,-7e-05,-0.059145,-0.10718,9.808041
1770803072.8695023,-0.004034,0.006444,0.000463,-0.030416,-0.078451,9.806843
1770803072.8735595,0.003157,-0.004741,-7e-05,-0.020839,-0.098801,9.814026
1770803072.8785837,0.002624,-0.003676,0.000196,-0.034006,-0.098801,9.810435
1770803072.8844392,0.003689,-0.009801,-0.000869,-0.047177,-0.091619,9.809236
1770803072.8913653,0.001559,-0.00048,0.000196,-0.049568,-0.104786,9.817618
1770803072.897862,0.002358,-0.002611,-0.000336,-0.023232,-0.088027,9.810435
1770803072.8995817,-0.001903,0.003781,0.000196,-0.032809,-0.092815,9.810435
1770803072.9067366,0.00076,-0.003942,-0.000869,-0.054357,-0.089224,9.817618
1770803072.9091823,-0.000572,0.001118,0.000729,-0.043583,-0.103589,9.817618
1770803072.9135578,-0.002969,0.007509,0.000196,-0.029219,-0.10359,9.825996
1770803072.9191968,0.000493,0.000851,-0.000336,-0.012458,-0.095209,9.798464
1770803072.9241579,-0.003768,0.009906,0.000995,-0.029221,-0.098802,9.798462
1770803072.9290798,0.002624,0.000585,0.000196,-0.047174,-0.088027,9.80445
1770803072.9362442,0.000493,0.001917,-0.000336,-0.061539,-0.096406,9.800858
1770803072.9484782,0.00076,0.001118,-0.000336,-0.031612,-0.083238,9.803253
1770803072.950765,0.000493,0.001917,-7e-05,-0.005276,-0.101195,9.791282
1770803072.9508295,-0.000838,0.005645,-7e-05,-0.008868,-0.092815,9.809238
1770803072.9543865,0.000227,-0.002078,-0.000603,-0.057948,-0.096406,9.810435
1770803072.9590814,-0.000838,-0.000214,-7e-05,-0.085481,-0.0988,9.83318
1770803072.96427,-0.001903,0.001118,-7e-05,-0.049568,-0.096406,9.808041
1770803072.9696493,-0.000306,0.000851,0.000196,-0.005276,-0.092815,9.802055
1770803072.9763675,0.001026,0.004047,0.000463,0.003104,-0.101195,9.791281
1770803072.9807944,0.002624,-0.001013,-0.000336,-0.043583,-0.102392,9.799661
1770803072.9849153,-0.001105,0.000585,-0.000336,-0.055554,-0.095209,9.811632
1770803072.9914668,-0.000306,0.000585,-0.000603,-0.065131,-0.103589,9.827195
1770803072.9948153,0.001559,-0.000747,-0.000869,-0.017247,-0.08683,9.816421
1770803072.9997098,0.001026,-0.001812,-0.000336,-0.006473,-0.082041,9.806844
1770803073.008014,0.00076,0.000585,0.000463,-0.0364,-0.099998,9.808041
1770803073.0098486,0.000493,-0.004209,-0.000603,-0.051963,-0.099998,9.800858
1770803073.015453,0.001292,-0.002877,0.000196,-0.042386,-0.076056,9.803252
1770803073.0202887,-0.001904,-0.00048,-0.000603,-0.023232,-0.091618,9.822406
1770803073.0252397,-0.000306,0.005379,0.001262,-0.014854,-0.092815,9.799661
1770803073.0318768,0.002091,-0.002344,-0.000869,-0.032809,-0.096406,9.805646
1770803073.0359228,-0.001105,0.00458,0.000995,-0.056752,-0.08683,9.802055
1770803073.0420985,-0.002436,0.004047,0.000196,-0.041189,-0.101195,9.803252
1770803073.0514603,-0.000838,-0.001013,-0.000336,-0.043583,-0.101195,9.814026
1770803073.0518997,0.001559,-0.002611,-0.000603,-0.004079,-0.103589,9.810435
1770803073.0557158,-0.000838,0.00165,-0.000336,-0.022035,-0.102392,9.799661
1770803073.0604281,-0.002969,0.008308,0.000729,-0.057951,-0.091619,9.822405
1770803073.065935,0.000227,0.00165,0.000995,-0.048371,-0.105983,9.821209
1770803073.07074,0.001825,-0.004741,0.000729,-0.048372,-0.103589,9.810435
1770803073.0756083,-0.001105,-0.00048,0.000463,-0.005276,-0.096406,9.803252
1770803073.0806046,-3.9e-05,-0.000214,-7e-05,-0.004079,-0.080844,9.802055
1770803073.086776,-0.000306,0.002982,0.000196,-0.035204,-0.088027,9.810435
1770803073.091403,-0.000838,0.001384,0.000196,-0.079496,-0.092815,9.812829
1770803073.0961647,-0.001904,-0.00048,-7e-05,-0.063934,-0.091618,9.822406
1770803073.1014633,0.000227,-0.000214,0.000196,-0.035203,-0.097603,9.812829
1770803073.1071162,0.000493,0.000851,0.000463,-0.001684,-0.099998,9.804449
1770803073.111293,0.002091,-0.002611,-7e-05,-0.020838,-0.095209,9.805646
1770803073.116713,-0.00217,-0.002877,0.000196,-0.060343,-0.10718,9.81642
1770803073.1229346,0.001292,-0.005007,-7e-05,-0.077103,-0.098801,9.820011
1770803073.1260426,0.001825,-0.00554,-0.000869,-0.035204,-0.085633,9.811631
1770803073.1314826,-0.000838,-0.000214,-7e-05,-0.005276,-0.094012,9.808041
1770803073.1405232,0.001026,-0.000746,0.000463,-0.020838,-0.090421,9.810435
1770803073.1545186,-0.001371,-0.000214,-0.000336,-0.056751,-0.091618,9.798464
1770803073.1558259,0.001559,-0.004209,-7e-05,-0.048372,-0.092815,9.809237
1770803073.1562564,-0.001904,0.000319,0.000196,-0.031612,-0.090421,9.802055
1770803073.1563141,0.000493,0.000851,-0.000869,-0.024429,-0.085632,9.805646
1770803073.1615427,-0.000838,0.002982,-7e-05,-0.025627,-0.091618,9.812829
1770803073.1718595,-0.002969,0.004314,-7e-05,-0.047175,-0.109575,9.81642
1770803073.1720765,0.002358,-0.003143,-7e-05,-0.06154,-0.11556,9.814026
1770803073.1768317,0.001026,-0.002877,-0.000603,-0.036401,-0.114363,9.820012
1770803073.182592,-0.000306,0.002716,0.000995,-0.035204,-0.092815,9.803252
1770803073.1880379,0.001026,-0.001545,-0.000603,-0.030415,-0.104786,9.802055
1770803073.191317,-0.001904,-0.001013,-7e-05,-0.047174,-0.097603,9.817617
1770803073.196739,0.002091,-0.007937,-0.000869,-0.047176,-0.088027,9.854726
1770803073.202368,0.001825,-0.002344,-0.000603,-0.025627,-0.096406,9.760156
1770803073.2084894,-0.003501,0.004846,-0.000603,0.006695,-0.071268,9.827194
1770803073.213589,0.003689,5.3e-05,-0.000336,-0.00767,-0.077253,9.785296
1770803073.2201612,-0.001105,-0.002344,0.000196,-0.04478,-0.088026,9.806843
1770803073.2222948,0.00289,-0.008736,-0.001135,-0.080696,-0.120349,9.809236
1770803073.2291057,-0.000306,-0.001812,0.000196,-0.050766,-0.0988,9.827194
1770803073.234771,-3.9e-05,0.000585,-0.000336,-0.011261,-0.091618,9.818815
1770803073.238331,0.00076,0.000851,0.000196,-0.012458,-0.102392,9.802055
1770803073.2454333,-0.000306,0.00165,0.000463,-0.04478,-0.104786,9.812829
1770803073.2550669,0.002358,-0.003942,0.000196,-0.071117,-0.109575,9.805646
1770803073.2551703,0.000227,-0.002078,-7e-05,-0.04478,-0.089224,9.812829
1770803073.2574415,-0.001371,0.002982,-0.000869,-0.022035,-0.07845,9.798464
1770803073.2628846,0.000227,5.3e-05,-7e-05,-0.011261,-0.084435,9.815223
1770803073.2678518,0.001026,-0.003676,-0.000869,-0.035204,-0.076056,9.809238
1770803073.2756126,-0.001637,0.002716,0.000729,-0.072314,-0.096406,9.815223
1770803073.2777236,-0.000306,0.001118,0.000463,-0.059145,-0.094012,9.805646
1770803073.2827387,-0.001904,0.002183,-0.000603,-0.019641,-0.083238,9.799661
1770803073.2909822,-0.001371,0.002716,0.000463,-0.022036,-0.082041,9.794872
1770803073.2930748,-0.002436,0.00458,-7e-05,-0.030416,-0.099998,9.812828
1770803073.2987258,-3.9e-05,-0.001812,-0.000603,-0.057948,-0.109574,9.815223
1770803073.304779,-0.000838,-0.000214,0.000196,-0.048372,-0.092815,9.814026
1770803073.3097947,0.000493,-0.00048,-7e-05,-0.014853,-0.110771,9.806843
1770803073.3136506,-0.000838,0.000585,-7e-05,-0.008867,-0.0988,9.803252
1770803073.3189135,-0.001371,0.002716,0.000463,-0.02443,-0.10718,9.797266
1770803073.3232002,-0.001904,0.002183,0.000463,-0.049569,-0.094012,9.806843
1770803073.3285387,-0.002436,0.001118,0.000463,-0.06154,-0.076056,9.805646
1770803073.3335612,-3.9e-05,0.002716,0.000196,-0.039992,-0.082041,9.814026
1770803073.338925,0.000227,0.002183,-7e-05,-0.032809,-0.092815,9.802055
1770803073.349179,0.000493,-0.001812,0.000196,-0.029218,-0.077253,9.806843
1770803073.3500578,0.001026,-0.007138,-0.000336,-0.044782,-0.090421,9.79966
1770803073.3577564,0.000493,0.001651,0.000463,-0.048372,-0.095209,9.815223
1770803073.3587413,0.000227,-0.003143,-0.001135,-0.038795,-0.101195,9.80804
1770803073.3640046,0.000227,0.001384,-0.000336,-0.018444,-0.096406,9.797267
1770803073.3690495,0.003156,-0.002877,-0.000336,-0.02443,-0.097604,9.8248
1770803073.3747754,0.002624,-0.004741,-0.000603,-0.060343,-0.113166,9.821208
1770803073.3808415,0.000493,-0.003942,0.000196,-0.067526,-0.105983,9.823603
1770803073.3837078,0.003156,-0.002344,-0.000336,-0.034006,-0.103589,9.805646
1770803073.3913984,-0.001637,0.003781,0.000729,-0.012459,-0.095209,9.80804
1770803073.394225,-0.001105,0.002716,0.000463,-0.018444,-0.092815,9.794872
1770803073.399746,0.000227,-0.004475,-0.000603,-0.034007,-0.086829,9.818814
1770803073.4055028,0.00076,-0.003143,-0.000603,-0.039992,-0.091618,9.823603
1770803073.410735,0.001026,-0.002611,0.000196,-0.038795,-0.099998,9.810435
1770803073.4151554,-0.00217,0.004047,0.000995,-0.02443,-0.089224,9.812828
1770803073.4201398,0.001292,0.001917,-7e-05,-0.020838,-0.094012,9.818814
1770803073.4251149,-0.001904,0.003781,-7e-05,-0.039992,-0.095209,9.802055
1770803073.431434,-0.001371,0.000852,0.000196,-0.045977,-0.102392,9.814026
1770803073.4348822,0.000227,0.002183,0.000463,-0.047175,-0.096406,9.800858
1770803073.4404898,-0.001105,5.3e-05,-0.000336,-0.028021,-0.0988,9.812829
1770803073.444839,-0.00217,0.003781,0.000463,-0.035204,-0.092815,9.79966
1770803073.450673,-0.002436,0.005379,0.000196,-0.037599,-0.092815,9.809237
1770803073.4606605,-0.000306,-0.001545,-0.000336,-0.042386,-0.101195,9.798464
1770803073.4607205,0.001825,-0.003942,-0.000336,-0.047175,-0.092815,9.810434
1770803073.4653654,0.00076,-0.002344,-0.000336,-0.037598,-0.097603,9.806843
1770803073.4840004,-0.001637,0.008042,0.000995,-0.02922,-0.079647,9.805645
1770803073.4843986,-0.000306,0.005113,0.000196,-0.034007,-0.094012,9.818814
1770803073.48441,0.00076,-0.002344,-0.000869,-0.039992,-0.089224,9.818814
1770803073.4891896,-0.002703,0.00458,0.000196,-0.035204,-0.083239,9.823602
1770803073.4912665,0.000493,0.002183,-7e-05,-0.029218,-0.102392,9.803252
1770803073.495393,0.000227,0.000319,0.000196,-0.025627,-0.105983,9.80804
1770803073.50077,0.000493,5.3e-05,0.000196,-0.026824,-0.099998,9.810435
1770803073.5053954,-0.000838,0.004047,0.000463,-0.03281,-0.097603,9.818814
1770803073.5109286,-0.000306,0.001118,-7e-05,-0.038795,-0.101195,9.81642
1770803073.5166996,0.000227,-0.001545,0.000729,-0.036401,-0.099998,9.812829
1770803073.520782,-3.9e-05,-0.002344,-0.000603,-0.035204,-0.097603,9.809238
1770803073.5269601,0.001292,0.000852,-0.000336,-0.02443,-0.091618,9.806843
1770803073.5320537,-0.002436,0.002183,0.000463,-0.038795,-0.088027,9.812829
1770803073.5364223,-0.001904,0.001384,0.000196,-0.038795,-0.090421,9.805646
1770803073.542851,-0.00217,0.001651,-7e-05,-0.026824,-0.08683,9.81642
1770803073.5455062,-0.000306,-0.002877,0.000196,-0.029218,-0.088027,9.812829
1770803073.5527935,0.000493,0.002183,0.000196,-0.043585,-0.079647,9.815222
1770803073.5625348,0.003955,-0.004741,-7e-05,-0.069922,-0.098801,9.800857
1770803073.5634336,-0.000572,0.002716,0.000462,-0.044782,-0.094012,9.815222
1770803073.5659606,-3.9e-05,0.002716,0.000729,-0.028023,-0.103589,9.797266
1770803073.5720592,-0.000572,0.002183,-0.000337,-0.02084,-0.095209,9.803251
1770803073.5762713,-0.000572,0.003515,0.000196,-0.028023,-0.092815,9.805645
1770803073.5820928,-3.9e-05,-0.002877,-7e-05,-0.056753,-0.098801,9.814025
1770803073.5865083,0.000759,-0.005007,-0.001402,-0.043586,-0.101195,9.824799
1770803073.5938542,-0.000838,0.003515,0.000196,-0.019643,-0.090421,9.811631
1770803073.5961597,0.002091,-0.00048,-7e-05,-0.02084,-0.102392,9.802054
1770803073.601849,-0.000838,0.00245,0.000729,-0.031614,-0.090421,9.810434
1770803073.6082375,0.000493,-0.001811,-0.000603,-0.050768,-0.085633,9.804448
1770803073.612338,-0.001904,0.003515,0.000196,-0.054359,-0.073662,9.810434
1770803073.6170533,-0.001105,0.004314,-7e-05,-0.039994,-0.082041,9.802054
1770803073.6232204,-0.000572,-0.004208,-0.000603,-0.019643,-0.090421,9.79966
1770803073.6266553,-0.001105,0.001384,0.000196,-0.02084,-0.103589,9.80804
1770803073.6324341,-0.000306,0.000319,0.000729,-0.043585,-0.089224,9.816419
1770803073.6401663,-3.9e-05,0.001118,-0.000869,-0.04957,-0.098801,9.814025
1770803073.6462984,0.000493,-0.000214,-7e-05,-0.035205,-0.102392,9.817617
1770803073.6468709,0.001292,0.000319,0.000196,-0.024431,-0.117954,9.79966
1770803073.655203,0.000759,0.002716,0.000462,-0.025629,-0.094012,9.80804
1770803073.6572044,-3.9e-05,-0.001545,-7e-05,-0.043585,-0.102392,9.798463
1770803073.6654818,0.002624,-0.003143,-7e-05,-0.056753,-0.101195,9.814025
1770803073.6674905,-0.00217,0.005912,0.001261,-0.035206,-0.098801,9.808039
1770803073.6721194,0.00289,-0.006605,-0.000869,-0.018447,-0.094013,9.808039
1770803073.6772091,-0.000572,0.004314,0.000729,-0.018446,-0.090421,9.810434
1770803073.6836066,-0.004567,0.005645,-0.000337,-0.0376,-0.099999,9.818813
1770803073.6873753,0.002357,-0.004475,0.000462,-0.054359,-0.09521,9.808039
1770803073.696235,0.00289,-0.004475,-7e-05,-0.034009,-0.090421,9.818813
1770803073.6971486,0.001026,-0.003409,-0.001136,-0.022037,-0.094012,9.802054
1770803073.7030818,-0.002436,0.005113,0.000196,-0.020841,-0.090421,9.811631
1770803073.7095299,0.001026,0.000585,0.000462,-0.028022,-0.094012,9.806843
1770803073.7126098,-3.9e-05,-0.000746,-7e-05,-0.056753,-0.095209,9.822405
1770803073.719187,0.000227,-0.003942,-7e-05,-0.047177,-0.105983,9.818813
1770803073.7224689,-0.000838,0.001118,0.000729,-0.044782,-0.088027,9.806843
1770803073.7282898,-0.000306,0.004314,0.000462,-0.023235,-0.092815,9.804448
1770803073.732968,-0.003235,0.001917,-0.000869,-0.028023,-0.079647,9.802054
1770803073.7401993,-0.004567,0.008309,0.000462,-0.045981,-0.090422,9.805644
1770803073.743196,-0.001105,0.001651,-0.000337,-0.056753,-0.092815,9.815222
1770803073.7532167,-0.000838,-0.001545,-0.000337,-0.048373,-0.103589,9.814025
1770803073.7570536,0.001558,-0.003676,-7e-05,-0.016052,-0.088027,9.814025
1770803073.767056,-0.000306,0.005379,0.000729,-0.007673,-0.07845,9.815222
1770803073.7676337,-0.000572,-0.000746,0.000196,-0.042388,-0.082041,9.80804
1770803073.7684214,0.000493,-0.003942,-7e-05,-0.067527,-0.108378,9.817616
1770803073.7771106,-0.000306,-0.001545,0.000462,-0.061541,-0.096406,9.80804
1770803073.778431,-0.000306,-0.00048,-7e-05,-0.016051,-0.097604,9.802054
1770803073.7847457,-0.000306,0.002982,-0.000603,-0.004081,-0.097604,9.802054
1770803073.788248,0.001292,0.000852,-0.000337,-0.038796,-0.096406,9.803251
1770803073.794817,0.001026,-0.006072,-0.000603,-0.065134,-0.094012,9.810433
1770803073.7993498,-3.9e-05,-0.005274,-0.000603,-0.055557,-0.098801,9.818813
1770803073.8046024,-0.001637,0.000585,-0.000869,-0.006475,-0.102392,9.79966
1770803073.8098223,-0.002436,0.004048,-0.000603,-0.002884,-0.089224,9.811631
1770803073.8155887,-0.001904,0.003781,-7e-05,-0.038797,-0.089224,9.80804
1770803073.8209395,-0.001105,-0.002344,-0.001136,-0.06154,-0.086829,9.823602
1770803073.82668,0.001292,-0.000746,0.000196,-0.055555,-0.084435,9.827193
1770803073.8293312,-0.001904,-0.002344,-0.00087,-0.022036,-0.085632,9.806842
1770803073.8344748,-0.000306,0.000852,-7.1e-05,-0.007671,-0.091618,9.792477
1770803073.8407977,0.00076,-0.002078,0.000196,-0.017248,-0.101195,9.814025
1770803073.845265,0.001026,-0.003143,-0.001136,-0.053161,-0.120348,9.822405
1770803073.8507462,0.001558,-0.003942,-0.000603,-0.048373,-0.110772,9.812828
1770803073.8574617,0.001292,0.000585,0.000462,-0.018445,-0.111969,9.814025
1770803073.8613138,-0.000306,0.005379,0.000462,-0.011263,-0.085633,9.796068
1770803073.8698676,-0.000572,0.003249,0.000196,-0.026825,-0.102392,9.79966
1770803073.8700395,0.000493,0.001917,0.000462,-0.066329,-0.103589,9.811631
1770803073.8797238,-0.002969,0.005379,0.000995,-0.061541,-0.085633,9.817616
1770803073.8798747,0.001292,-0.002078,0.000462,-0.020839,-0.084436,9.804448
1770803073.8848722,-0.003768,0.007243,0.000728,0.004299,-0.077254,9.817615
1770803073.8925622,-0.001371,0.003249,0.000462,-0.016051,-0.082041,9.810434
1770803073.894783,0.001292,-0.003143,-0.000603,-0.057949,-0.091618,9.82001
1770803073.9010832,0.000227,-0.002344,0.000196,-0.042387,-0.097604,9.793674
1770803073.9086814,0.000227,-0.00261,-0.000337,-0.03281,-0.098801,9.79966
1770803073.9101627,-0.000838,0.000852,-0.000603,-0.008868,-0.097604,9.800857
1770803073.9163842,-0.000572,0.005645,0.000728,-0.025628,-0.094012,9.810433
1770803073.9224145,0.001825,-0.003409,0.000196,-0.051964,-0.107181,9.822405
1770803073.924904,-0.000306,-0.002078,-0.000337,-0.073511,-0.108377,9.823602
1770803073.9306962,-0.000572,0.00458,0.001261,-0.044782,-0.097604,9.811631
1770803073.9363356,0.000227,0.000585,-0.000337,-0.012459,-0.094012,9.810434
1770803073.9420643,-0.001371,0.004314,0.000728,-0.005277,-0.092815,9.798462
1770803073.9454296,-0.004034,0.006178,0.000462,-0.034008,-0.084436,9.80325
1770803073.9504352,-3.9e-05,-0.003942,-0.001402,-0.039993,-0.088027,9.818813
1770803073.9564908,-0.00217,0.002183,-7.1e-05,-0.050766,-0.080844,9.820011
1770803073.9637403,0.000493,0.001118,-7.1e-05,-0.026824,-0.080844,9.80804
1770803073.9714358,-0.000306,0.000319,0.000196,-0.035204,-0.092815,9.805645
1770803073.9717321,0.001026,-0.002078,-0.000603,-0.049569,-0.097604,9.805645
1770803073.9770162,-0.00217,0.004314,0.000196,-0.048373,-0.097604,9.805645
1770803073.9833777,0.003156,-0.001279,0.000462,-0.039992,-0.109575,9.797266
1770803073.9861069,0.000493,-0.001012,-7.1e-05,-0.020839,-0.096406,9.792477
1770803073.9968846,-0.001105,0.005113,0.000728,-0.02084,-0.103589,9.818813
1770803073.9971955,0.000227,5.3e-05,0.000462,-0.034007,-0.121546,9.823602
1770803074.0008156,0.000493,-0.002078,-7.1e-05,-0.025627,-0.105983,9.80804
1770803074.008255,-3.9e-05,-0.001811,0.000995,-0.019642,-0.084435,9.80804
1770803074.010778,-0.000306,0.004048,0.000196,-0.031613,-0.092815,9.79966
1770803074.021723,0.001558,-0.002344,-7.1e-05,-0.053161,-0.085633,9.79966
1770803074.0218005,-0.001637,0.001118,0.000196,-0.048372,-0.090421,9.818813
1770803074.0308394,0.001558,-0.00261,-0.000603,-0.042387,-0.092815,9.823602
1770803074.0311446,0.001825,-0.002877,-7.1e-05,-0.03281,-0.098801,9.816419
1770803074.0364392,-0.001105,0.002716,0.000196,-0.035204,-0.096407,9.804448
1770803074.0438144,0.000227,0.000585,0.000462,-0.04119,-0.091618,9.793674
1770803074.049126,0.001026,-0.001012,0.000728,-0.026824,-0.095209,9.805645
1770803074.0555072,0.001292,-0.002344,0.000462,-0.028022,-0.080844,9.806842
1770803074.0564413,-0.000306,0.004314,-7.1e-05,-0.039993,-0.101195,9.803251
1770803074.0646863,0.00076,-0.001811,-0.001136,-0.029219,-0.089224,9.827193
1770803074.0694456,-0.000572,0.002716,0.000728,-0.051964,-0.089224,9.810434
1770803074.0747762,-0.001904,0.005912,0.001261,-0.039994,-0.090421,9.805645
1770803074.076776,-0.001105,0.002183,-7.1e-05,-0.013656,-0.07845,9.806842
1770803074.08193,-0.000306,0.000319,0.000462,-0.018445,-0.090421,9.806843
1770803074.08778,0.00076,-0.002877,0.000196,-0.036401,-0.097604,9.815222
1770803074.0932965,-0.001105,0.000319,-0.000337,-0.04478,-0.098801,9.818813
1770803074.096498,0.001292,-0.002078,-7.1e-05,-0.063934,-0.101195,9.818813
1770803074.10423,-0.003235,0.004048,0.000462,-0.041189,-0.10359,9.829587
1770803074.1087742,0.001026,-0.004741,-0.000869,-0.011262,-0.098801,9.817616
1770803074.113418,-0.000838,0.002982,-7.1e-05,-0.025627,-0.101195,9.796068
1770803074.1206746,-0.000838,5.3e-05,-7.1e-05,-0.035203,-0.076056,9.796068
1770803074.1235516,0.001292,-0.002078,-7.1e-05,-0.069919,-0.090421,9.811631
1770803074.1281695,0.002357,-0.003942,-7.1e-05,-0.049569,-0.103589,9.81163
1770803074.132894,0.002357,-0.002877,-0.000869,-0.025627,-0.088027,9.804448
1770803074.141186,0.001558,-0.004475,-7.1e-05,-0.017247,-0.082042,9.7829
1770803074.1446688,0.000227,5.3e-05,-0.000603,-0.0364,-0.088027,9.814025
1770803074.14737,0.001026,-0.00048,0.000462,-0.072313,-0.104786,9.811631
1770803074.1533651,-0.001105,-0.001012,0.000462,-0.057948,-0.103589,9.824799
1770803074.15728,-0.000572,0.001118,0.000462,-0.013655,-0.095209,9.809236
1770803074.163039,-0.000306,0.009108,0.001527,-0.013658,-0.096406,9.793673
1770803074.1676538,-0.000572,0.002982,-0.000337,-0.035204,-0.098801,9.815222
1770803074.1765997,0.000493,-0.00261,-7.1e-05,-0.057948,-0.08683,9.809236
1770803074.1785262,0.004488,-0.012198,-0.000869,-0.053165,-0.095211,9.804445
1770803074.1838105,-0.000306,-0.001012,-0.000337,-0.010064,-0.094012,9.806842
1770803074.189014,0.001825,-0.005274,-0.000337,-0.018445,-0.102392,9.810433
1770803074.1925113,-0.001105,0.00245,-0.000869,-0.030415,-0.094012,9.808039
1770803074.199809,0.003156,-0.00767,-0.000869,-0.061541,-0.102393,9.81163
1770803074.2030163,0.000227,-0.001012,0.000462,-0.055554,-0.097604,9.802054
1770803074.211618,0.002624,5.3e-05,-7.1e-05,-0.014853,-0.092815,9.79966
1770803074.2128613,-0.00217,0.003249,-0.000337,-0.013656,-0.079647,9.803251
1770803074.219511,0.000493,0.000852,-0.000869,-0.034006,-0.08683,9.811631
1770803074.2232528,0.000227,-0.006072,-0.001668,-0.062738,-0.091618,9.830784
1770803074.2280967,0.003689,-0.006871,-7.1e-05,-0.072315,-0.101196,9.823601
1770803074.2339928,-0.001371,0.002183,0.000462,-0.030415,-0.088027,9.812828
1770803074.23846,-0.000838,0.004314,-7.1e-05,-0.008868,-0.088027,9.792477
1770803074.2462566,0.000493,0.005113,0.001261,-0.006474,-0.083238,9.79128
1770803074.249392,-3.9e-05,0.001917,-0.000337,-0.045977,-0.094012,9.818813
1770803074.2580109,0.002357,-0.00554,-0.000337,-0.062738,-0.10359,9.827192
1770803074.2593243,-0.000572,-0.003409,0.000196,-0.048372,-0.097604,9.815222
1770803074.2634463,-0.000838,0.002183,0.000196,-0.013656,-0.095209,9.810434
1770803074.271571,0.000759,0.003249,0.000196,-0.00767,-0.109575,9.808039
1770803074.2802284,-0.001105,0.002716,0.000196,-0.036401,-0.103589,9.806842
1770803074.2805274,-0.003768,0.003781,-7.1e-05,-0.062737,-0.107181,9.815222
1770803074.2856002,0.000493,-0.003409,-7.1e-05,-0.051963,-0.109575,9.798462
1770803074.2887995,0.000759,-0.005007,-7.1e-05,-0.029219,-0.079647,9.808039
1770803074.296797,0.003423,0.001651,0.000462,0.006695,-0.095209,9.79966
1770803074.2994287,-0.002436,0.008042,0.000728,-0.012461,-0.080845,9.80325
1770803074.3085015,-0.001371,-0.001811,-0.000337,-0.071116,-0.095209,9.822405
1770803074.3092856,-0.000306,5.3e-05,0.000196,-0.069919,-0.094012,9.811631
1770803074.3144124,0.000759,-0.002344,-0.000603,-0.028021,-0.07845,9.804448
1770803074.3206785,-0.000572,0.003781,-0.000603,0.007892,-0.082041,9.816419
1770803074.324363,0.001026,0.002982,-0.000337,-0.02443,-0.08683,9.814025
1770803074.3294995,-0.00217,0.002716,0.000728,-0.057948,-0.107181,9.821207
1770803074.338498,-0.002436,0.001118,-7.1e-05,-0.073511,-0.094012,9.825996
1770803074.3397417,0.000227,-0.001545,-7.1e-05,-0.054357,-0.097604,9.798463
1770803074.344909,-0.000838,0.000319,0.000728,-0.013655,-0.110772,9.805645
1770803074.3502154,-0.001904,0.004314,-7.1e-05,-0.013656,-0.109575,9.794871
1770803074.3549368,0.001558,-0.003143,-7.1e-05,-0.031612,-0.108378,9.802054
1770803074.3620055,-0.000838,-0.002344,-0.000869,-0.062737,-0.092815,9.800857
1770803074.3647506,-0.001904,-0.00048,0.000462,-0.050766,-0.103589,9.821207
1770803074.3713882,0.000759,5.3e-05,0.000728,-0.008867,-0.098801,9.830784
1770803074.3822403,0.000227,0.002183,0.000196,-0.001685,-0.080844,9.824799
1770803074.3823078,-3.9e-05,0.001384,-0.00087,-0.034007,-0.085633,9.79128
1770803074.3869872,-3.9e-05,-0.001811,-0.000337,-0.078299,-0.084436,9.788886
1770803074.3927176,0.000227,-0.003409,-0.000337,-0.068723,-0.088027,9.834375
1770803074.3948843,-0.000306,5.3e-05,-7.1e-05,-0.038795,-0.11556,9.815222
1770803074.4006486,-0.003768,0.010439,0.000462,-0.001688,-0.113167,9.814023
1770803074.404881,0.00076,0.005379,0.000728,0.003103,-0.096406,9.790082
1770803074.4106517,0.006086,-0.007138,-0.000603,-0.047176,-0.104788,9.829585
1770803074.4155858,0.002091,5.3e-05,0.000728,-0.072314,-0.097604,9.809236
1770803074.4209325,0.001026,-0.008469,-0.00087,-0.044783,-0.097604,9.820009
1770803074.425871,0.001292,0.001651,0.000462,-0.002882,-0.091618,9.808039
1770803074.4315534,0.002624,-0.001545,-0.000337,-0.022036,-0.096407,9.797265
1770803074.4360747,-0.000306,-0.001545,-0.000337,-0.051963,-0.092815,9.799659
1770803074.4410424,-0.000306,-0.001545,0.000196,-0.079496,-0.08683,9.800857
1770803074.4458735,-0.000572,-0.000746,0.000196,-0.04478,-0.079647,9.809236
1770803074.4538202,-3.9e-05,-0.00048,0.000196,0.003104,-0.094012,9.79128
1770803074.4561074,-0.002436,0.00751,0.001261,0.012679,-0.082042,9.827192
1770803074.46471,-0.003235,0.00458,-7.1e-05,-0.028022,-0.089224,9.828389
1770803074.4661348,0.000227,-0.004475,-0.000337,-0.06154,-0.085633,9.82839
1770803074.4782674,-0.000572,0.004047,0.000995,-0.063935,-0.088027,9.824798
1770803074.4793327,-0.001371,0.006444,-7.1e-05,-0.029219,-0.103589,9.814024
1770803074.484206,0.00076,0.003781,0.000995,-0.012459,-0.10718,9.793674
1770803074.4864328,-0.000572,-0.00261,0.000196,-0.023233,-0.103589,9.816419
1770803074.4911618,0.001026,-0.002078,-7.1e-05,-0.047175,-0.097604,9.810433
1770803074.4960668,0.000493,0.006711,0.001527,-0.061541,-0.094012,9.816418
1770803074.5053608,0.000493,-0.004741,-0.001668,-0.036402,-0.094012,9.815221
1770803074.5070622,0.000227,-0.003942,-0.000603,-0.008868,-0.092815,9.805645
1770803074.5112507,-0.000838,0.001917,-7.1e-05,-0.029218,-0.089224,9.808039
1770803074.5170202,0.001558,-0.002344,0.000728,-0.037598,-0.07845,9.804448
1770803074.5218687,-0.001105,-0.000746,-7.1e-05,-0.055554,-0.084435,9.805645
1770803074.5285006,-0.001371,-0.000746,-0.000337,-0.051963,-0.088027,9.808039
1770803074.5315123,-0.001637,-0.000214,-7.1e-05,-0.034006,-0.085633,9.799659
1770803074.5390706,-0.001371,0.000319,0.000462,-0.032809,-0.083238,9.814025
1770803074.5416546,0.003955,-0.00767,-0.001668,-0.031614,-0.10359,9.808038
1770803074.547046,0.000227,-0.000214,0.000462,-0.030415,-0.091618,9.812828
1770803074.5521924,-0.002436,0.00458,-7.1e-05,-0.026825,-0.096407,9.818813
1770803074.5591893,-0.000572,-0.000746,0.000462,-0.029218,-0.095209,9.82001
1770803074.5640748,-0.000306,5.3e-05,-0.001136,-0.022035,-0.08683,9.824799
1770803074.570995,0.001825,-0.00261,-0.00087,-0.036401,-0.090421,9.829587
1770803074.5720692,0.001825,-0.003143,-7.1e-05,-0.055555,-0.091618,9.829587
1770803074.5776436,0.001026,-0.00048,-0.000337,-0.04478,-0.095209,9.806842
1770803074.5885844,-0.000838,0.002982,0.000462,-0.030415,-0.077253,9.798462
1770803074.5887325,-0.001105,0.001917,0.000462,-0.034007,-0.08683,9.796068
1770803074.5924037,0.000493,5.3e-05,-0.000337,-0.036401,-0.072465,9.806842
1770803074.598942,-0.000572,0.001917,-0.00087,-0.035204,-0.088027,9.82001
1770803074.6030986,0.001026,-0.00261,-0.000337,-0.037598,-0.090421,9.805645
1770803074.6099346,0.001026,-0.005274,-0.00087,-0.025628,-0.098801,9.825995
1770803074.613038,-0.000306,0.002716,0.000196,-0.035204,-0.091618,9.805645
1770803074.6223435,0.000493,0.002183,0.000995,-0.044781,-0.10718,9.814025
1770803074.6230514,-0.000306,0.000585,0.000196,-0.056751,-0.105983,9.780506
1770803074.6293645,-0.001105,-0.002078,0.000462,-0.034007,-0.094012,9.798462
1770803074.6328983,0.001292,-0.003676,-0.000337,-0.010064,-0.102392,9.802053
1770803074.6437044,-3.9e-05,-0.000746,-0.000337,-0.025626,-0.101195,9.822404
1770803074.6437998,-0.003768,0.006711,-7.1e-05,-0.036401,-0.090422,9.828389
1770803074.6490755,0.003156,-0.006073,-7.1e-05,-0.051963,-0.094013,9.837966
1770803074.6548498,-0.00217,0.003781,-0.000337,-0.048371,-0.082042,9.816418
1770803074.6605184,-0.000572,0.00458,0.000196,-0.028021,-0.085633,9.810433
1770803074.663463,0.001026,-0.00261,0.000196,-0.022035,-0.08683,9.794871
1770803074.668783,0.002091,-0.006871,-0.001136,-0.043584,-0.088027,9.80325
1770803074.675099,0.001026,-0.003942,-0.000337,-0.051963,-0.109575,9.805645
1770803074.6810973,0.001026,-0.00261,-0.000869,-0.054357,-0.092815,9.821207
1770803074.6892855,0.00076,0.001118,0.000462,-0.031611,-0.098801,9.82001
1770803074.6893563,0.001026,-0.000746,0.000728,-0.022035,-0.096407,9.806842
1770803074.6941414,-0.001637,0.002183,-0.000337,-0.024429,-0.101195,9.829587
1770803074.6997204,0.002624,-0.000746,0.000196,-0.042385,-0.105984,9.790082
1770803074.7036798,-0.000838,0.004314,0.001527,-0.042386,-0.099998,9.809236
1770803074.7087667,-0.000572,-0.001811,-0.000869,-0.023232,-0.084436,9.804448
1770803074.7138045,-0.001371,0.005113,0.000462,-0.029218,-0.07845,9.822404
1770803074.719315,-0.000306,0.003781,0.000462,-0.034006,-0.107181,9.800856
1770803074.7243211,-0.001105,0.00458,0.000196,-0.028021,-0.082042,9.828389
1770803074.7318873,-0.001105,0.000852,0.000462,-0.047174,-0.08683,9.804448
1770803074.7335944,-0.000306,0.000319,-0.000603,-0.030414,-0.083239,9.823601
1770803074.7414193,-0.000838,0.001651,-7.1e-05,-0.02802,-0.096407,9.800856
1770803074.7443368,-0.000572,-0.001013,-7.1e-05,-0.022035,-0.096407,9.830784
1770803074.7514648,0.002357,-0.003942,-0.000603,-0.034006,-0.098801,9.815221
1770803074.7552133,0.000493,0.001118,-0.000337,-0.029217,-0.085633,9.814024
1770803074.7634065,-0.000838,0.001651,-0.000337,-0.032809,-0.091618,9.808039
1770803074.7648683,0.001558,-0.00554,-0.001402,-0.028021,-0.094013,9.800856
1770803074.7702866,-0.00217,0.00751,0.000728,-0.04119,-0.089224,9.811629
1770803074.7761493,-0.003768,0.00751,0.001794,-0.042387,-0.085633,9.796067
1770803074.7815423,-0.003502,0.002982,-0.000337,-0.051962,-0.088027,9.814024
1770803074.794244,-0.000572,-0.002078,-7.1e-05,-0.04478,-0.088027,9.812827
1770803074.7942963,-3.9e-05,0.000319,0.000728,-0.029217,-0.09521,9.808039
1770803074.795097,-0.001105,0.000852,-0.000337,-0.039991,-0.104786,9.806842
1770803074.8042996,-3.9e-05,0.001917,0.000196,-0.026823,-0.101195,9.818813
1770803074.8049333,-0.000306,-0.004475,-0.000337,-0.034006,-0.099998,9.812827
1770803074.8095348,0.001558,-0.00048,-7.1e-05,-0.042385,-0.107181,9.824798
1770803074.8158863,-0.001105,0.001917,0.000728,-0.032809,-0.103589,9.815222
1770803074.8206422,0.003423,-0.00261,0.000728,-0.038794,-0.096407,9.817616
1770803074.8251188,-3.9e-05,-0.00554,-0.000603,-0.032809,-0.102392,9.809236
1770803074.8548176,0.000493,-0.001545,-0.000337,-0.047174,-0.091618,9.800856
1770803074.8549078,-0.000838,0.000319,-7.1e-05,-0.034006,-0.079647,9.797265
1770803074.856419,-0.001105,0.001917,-7.1e-05,-0.025626,-0.092815,9.798462
1770803074.8572412,-3.9e-05,-0.00261,-0.000603,-0.032809,-0.089224,9.808039
1770803074.8575814,-0.000838,-0.000214,-7.1e-05,-0.0364,-0.092815,9.800856
1770803074.8578439,0.001558,-0.004741,-0.000869,-0.04478,-0.099998,9.809236
1770803074.860039,0.000227,-0.00048,-7.1e-05,-0.038794,-0.094012,9.810433
1770803074.8673527,0.001292,-0.003143,-0.000337,-0.029217,-0.096407,9.800856
1770803074.8719292,-0.000838,-0.00048,-0.000603,-0.045977,-0.09521,9.809236
1770803074.8750288,0.000227,-0.002078,0.000462,-0.030414,-0.090421,9.814024
1770803074.8844614,0.000227,0.003781,0.000728,-0.038794,-0.117954,9.82001
1770803074.8862011,-0.001904,0.00458,0.000728,-0.038795,-0.091618,9.810433
1770803074.8956954,-0.000572,-0.003143,-0.001136,-0.032809,-0.091618,9.816418
1770803074.895762,-0.001371,0.003515,0.000196,-0.041189,-0.098801,9.804447
1770803074.9004836,0.002357,-0.003143,-7e-05,-0.025626,-0.092816,9.821206
1770803074.9087226,-3.9e-05,-0.00261,-0.000603,-0.0364,-0.097604,9.802053
1770803074.9107015,0.001559,-0.003143,-0.000603,-0.035203,-0.101195,9.816418
1770803074.918015,-0.002703,0.00245,-0.000869,-0.042385,-0.090422,9.810433
1770803074.9248657,-0.000572,0.001917,-0.000337,-0.034006,-0.098801,9.814024
1770803074.9274166,0.001026,-0.001279,0.000728,-0.035203,-0.104787,9.802053
1770803074.9310482,0.000227,0.00245,0.000196,-0.037597,-0.09521,9.814024
1770803074.9388807,-0.000306,0.000852,-0.000869,-0.030414,-0.104786,9.814024
1770803074.9411266,0.000227,0.004047,0.000196,-0.031612,-0.083239,9.810432
1770803074.948698,0.001026,0.000852,0.000995,-0.032809,-0.085633,9.805644
1770803074.9545922,0.001292,-0.002344,-7e-05,-0.0364,-0.097604,9.80325
1770803074.9566507,-0.000306,-0.000214,-7e-05,-0.020837,-0.088027,9.825995
1770803074.9612842,-0.001371,0.001118,-0.000337,-0.038794,-0.097604,9.817615
1770803074.967542,0.002357,-0.001545,0.000196,-0.045977,-0.08683,9.818812
1770803074.9718323,0.001825,-0.004741,-0.000337,-0.039992,-0.091619,9.818812
1770803074.979013,-0.000838,0.00245,0.000196,-0.048371,-0.082042,9.81163
1770803074.9824154,-0.001105,0.002183,-7e-05,-0.039991,-0.094013,9.808038
1770803074.9877627,-0.001904,0.002982,-0.000337,-0.016049,-0.097604,9.816418
1770803074.9989903,-3.9e-05,0.001384,0.000728,-0.02802,-0.098801,9.81163
1770803074.9994721,-0.001637,-0.000214,0.000462,-0.050765,-0.094013,9.814024
1770803075.0020294,0.000493,0.000319,-0.000603,-0.0364,-0.090421,9.809236
1770803075.0087218,0.002357,-0.003143,-0.000869,-0.030415,-0.10359,9.802053
1770803075.0130935,0.002357,-0.003942,-0.000337,-0.020838,-0.096407,9.805644
1770803075.0167298,0.00076,-0.005274,-0.000869,-0.035204,-0.083239,9.816418
1770803075.0257928,-3.9e-05,-0.00261,-0.001136,-0.06513,-0.099998,9.814024
1770803075.0267146,-3.9e-05,-0.000746,0.000728,-0.053159,-0.098801,9.817615
1770803075.032777,-3.9e-05,-0.001279,-0.000337,-0.034006,-0.094013,9.799659
1770803075.0373607,0.000493,-0.000746,-0.000869,-0.006472,-0.098801,9.797265
1770803075.0419762,-0.000306,0.00245,-0.000337,-0.022035,-0.092815,9.81163
1770803075.0481215,0.001559,0.002982,-7e-05,-0.059145,-0.094012,9.817615
1770803075.0522885,-0.000306,0.000319,0.000196,-0.054356,-0.109575,9.828389
1770803075.0588632,-0.003501,0.002183,0.000196,-0.038794,-0.096407,9.806841
1770803075.0625885,-0.000306,0.002716,-7e-05,-0.030415,-0.091618,9.802053
1770803075.0674665,-0.001105,-0.000214,0.000196,-0.032808,-0.094013,9.802053
1770803075.0768597,-0.003501,0.005379,0.000728,-0.050766,-0.101196,9.793673
1770803075.07773,0.002091,-0.00554,-0.000337,-0.037598,-0.091619,9.815221
1770803075.0830326,0.002091,-0.002877,-0.000603,-0.016049,-0.097604,9.802053
1770803075.0889416,0.001559,-0.002344,-7e-05,-0.013655,-0.105984,9.821206
1770803075.099999,-0.003235,0.005912,0.000728,-0.039992,-0.097604,9.810432
1770803075.1001582,0.001559,5.3e-05,0.000196,-0.047174,-0.08683,9.80325
1770803075.105131,0.001825,-0.00048,0.000196,-0.0364,-0.082042,9.805644
1770803075.1078577,-0.000572,-0.001812,-7e-05,-0.031612,-0.089224,9.800856
1770803075.1165993,0.002357,-0.002344,-7e-05,-0.04478,-0.084436,9.808038
1770803075.1223166,-0.000306,-0.000214,-0.000603,-0.04478,-0.09521,9.816418
1770803075.1282542,-0.000572,0.000585,-7e-05,-0.034006,-0.089224,9.827192
1770803075.1298761,-0.000838,0.001651,0.000196,-0.026823,-0.090421,9.816418
1770803075.134165,-0.000572,0.001651,0.000728,-0.026823,-0.101195,9.805644
1770803075.1408064,-0.000838,-0.000746,0.000196,-0.031611,-0.098801,9.802053
1770803075.1441088,-0.001371,0.001651,-7e-05,-0.047174,-0.098801,9.812827
1770803075.1519544,-3.9e-05,-0.00048,-0.000603,-0.0364,-0.088027,9.804447
1770803075.153481,-0.000306,0.000852,0.000196,-0.039991,-0.091618,9.818812
1770803075.158619,0.000227,-0.000746,0.000196,-0.031611,-0.094013,9.817615
1770803075.1642058,-0.000838,0.001118,0.000462,-0.054356,-0.088027,9.802053
1770803075.1711602,-0.001105,5.3e-05,-0.000603,-0.0364,-0.092815,9.808039
1770803075.173935,0.001825,-0.000746,0.000462,-0.017246,-0.085633,9.814024
1770803075.1818707,-0.001637,0.006711,0.000196,-0.016051,-0.084436,9.810432
1770803075.1834996,-3.9e-05,0.001118,-7e-05,-0.022034,-0.08683,9.816418
1770803075.1905367,-0.000838,5.3e-05,-0.001136,-0.053159,-0.092816,9.818812
1770803075.203984,0.000227,-0.001279,-7e-05,-0.054356,-0.094013,9.825995
1770803075.2047744,0.000227,-0.002611,-0.000603,-0.051962,-0.08683,9.809235
1770803075.2048392,0.001559,-0.000214,-0.000337,-0.032808,-0.092816,9.793673
1770803075.2092106,0.001026,0.001917,-0.000869,-0.023232,-0.097604,9.820009
1770803075.2141159,-0.001371,0.002449,-7e-05,-0.039991,-0.102393,9.814023
1770803075.2223272,0.00076,-0.001545,-7e-05,-0.043582,-0.092816,9.820009
1770803075.2242146,0.000227,-0.002877,0.000196,-0.014852,-0.101195,9.8236
1770803075.2292647,0.000493,0.003248,0.000462,-0.016049,-0.096407,9.825994
1770803075.2347655,-0.002969,-0.000214,-0.000337,-0.026823,-0.089224,9.811629
1770803075.2418406,0.003689,-0.005007,-0.000869,-0.059145,-0.088028,9.800855
1770803075.2470446,0.001292,-0.003143,-7e-05,-0.059145,-0.09521,9.812826
1770803075.2498906,0.001559,-0.000214,0.000462,-0.026823,-0.099998,9.808038
1770803075.2555282,-0.000306,0.001118,-0.001136,-0.023232,-0.094013,9.804447
1770803075.2607555,-0.001105,0.000852,-0.000337,-0.047174,-0.102392,9.820009
1770803075.2667096,-0.001105,0.001917,-7e-05,-0.057948,-0.102393,9.817615
1770803075.2697074,-0.000306,5.3e-05,0.000196,-0.038794,-0.104787,9.814024
1770803075.2750232,0.001559,0.002183,0.000196,0.005499,-0.097604,9.812826
1770803075.2809381,-3.9e-05,0.002982,0.000462,0.004301,-0.08683,9.796067
1770803075.2861578,0.000493,-0.001279,-0.000603,-0.031611,-0.089224,9.816418
1770803075.2969377,-0.000838,-0.001279,0.000196,-0.067524,-0.101195,9.822403
1770803075.2998598,-0.000306,-0.002344,-0.000603,-0.050765,-0.098801,9.814024
1770803075.3039055,0.001292,0.000585,-0.000337,-0.006472,-0.088027,9.796067
1770803075.305376,-0.003768,0.009107,0.000729,-0.008869,-0.079649,9.796065
1770803075.312118,-0.001637,0.005379,0.000196,-0.043583,-0.084436,9.805643
1770803075.31829,-0.001904,-0.003409,-0.000337,-0.072313,-0.103589,9.818812
1770803075.3212104,-0.000306,-0.000746,0.000462,-0.05675,-0.105984,9.83198
1770803075.326365,-0.001371,0.000852,-0.000603,-0.005275,-0.09521,9.816418
1770803075.3305264,-0.002969,0.006711,0.000462,0.001906,-0.09521,9.80684
1770803075.3360102,-0.002436,0.003248,0.000462,-0.032809,-0.094013,9.81522
1770803075.3411968,-3.9e-05,-0.003409,-0.000337,-0.077101,-0.105984,9.812826
1770803075.3506496,0.003689,-0.005806,0.000462,-0.05316,-0.092816,9.811629
1770803075.3512747,-0.001105,-0.00048,0.000196,-0.01964,-0.090421,9.792476
1770803075.3557618,-0.001105,0.003781,0.000729,0.010287,-0.083239,9.810432
1770803075.3621614,0.003689,-0.000214,0.000196,-0.022034,-0.091619,9.818812
1770803075.3658698,-0.001904,0.001384,0.000196,-0.067524,-0.102393,9.824797
1770803075.375981,-0.001637,-0.002344,-0.000337,-0.054356,-0.098801,9.818812
1770803075.3766658,-0.000572,0.000319,-0.000337,-0.016049,-0.091619,9.808038
1770803075.3811796,0.001292,0.001384,-7e-05,-0.001684,-0.094013,9.780505
1770803075.3865018,0.001026,0.000585,-0.000337,-0.039991,-0.096407,9.828389
1770803075.3958178,-0.000572,-0.001545,-7e-05,-0.059145,-0.10359,9.814024
1770803075.3963008,-3.9e-05,-0.000746,0.000196,-0.061539,-0.098801,9.842754
1770803075.4057064,0.000493,-0.001279,-0.000337,-0.01964,-0.094013,9.808038
1770803075.4068446,-0.001904,0.008042,0.000462,0.000708,-0.09521,9.808037
1770803075.417025,0.001825,-0.002078,-0.000337,-0.012458,-0.090422,9.797264
1770803075.417251,-0.000838,-0.003409,-0.000869,-0.050765,-0.109575,9.788884
1770803075.421384,0.001026,-0.002877,-0.000869,-0.067525,-0.104787,9.816418
1770803075.4282794,-0.001105,0.002449,0.000995,-0.0364,-0.094013,9.814023
1770803075.4319935,0.001825,-0.002344,-0.000337,-0.010064,-0.096407,9.827192
1770803075.438442,0.000493,0.001384,-7e-05,-0.016049,-0.109575,9.811629
1770803075.4413416,-0.000838,0.003248,0.000196,-0.054356,-0.098801,9.812826
1770803075.449231,-0.000306,0.000319,0.000196,-0.059144,-0.092816,9.799658
1770803075.4520788,-3.9e-05,0.000585,-7e-05,-0.042385,-0.098801,9.798461
1770803075.4612021,0.002357,0.001651,0.000462,-0.020837,-0.097604,9.785293
1770803075.4632823,-0.001637,0.004047,-0.000869,-0.013655,-0.094013,9.800855
1770803075.4677253,0.001559,-0.001279,-0.000603,-0.025626,-0.094013,9.827191
1770803075.4754314,-0.002436,0.002716,0.000462,-0.054356,-0.104787,9.821206
1770803075.477911,0.000493,-0.001279,0.000462,-0.050765,-0.096407,9.81522
1770803075.4829094,-0.001904,0.005912,0.000462,-0.025627,-0.094013,9.808037
1770803075.4876966,0.000493,0.001118,-0.000603,-0.025626,-0.084436,9.800855
1770803075.4920785,0.001559,-0.005007,-0.001136,-0.04478,-0.074859,9.796066
1770803075.500777,0.000227,-0.001279,0.000728,-0.07351,-0.092816,9.816417
1770803075.5083332,0.004754,-0.013796,-0.001402,-0.041194,-0.096409,9.808034
1770803075.508739,-0.000306,-0.006339,-0.000603,-0.025627,-0.067677,9.803249
1770803075.5148485,0.00076,-0.001812,-0.000869,-0.013655,-0.107181,9.851133
1770803075.517435,-0.001637,0.006178,0.000196,-0.032809,-0.09521,9.822402
1770803075.5270138,-0.000572,-0.004208,0.000196,-0.063933,-0.082042,9.816417
1770803075.5278132,-0.002436,5.3e-05,-0.000603,-0.055553,-0.090422,9.761351
1770803075.533325,0.001559,-0.002877,-0.000337,-0.004078,-0.092816,9.818811
1770803075.5392358,0.000493,0.003248,0.000196,-0.002881,-0.104787,9.796067
1770803075.5443451,-0.000572,-0.000746,-0.000603,-0.045976,-0.090422,9.825994
1770803075.5491009,-0.000306,-0.003143,-0.001668,-0.06513,-0.107181,9.808038
1770803075.5529072,0.00076,-0.004208,-7e-05,-0.039991,-0.097604,9.820008
1770803075.560762,-3.9e-05,0.001651,0.000462,-0.012457,-0.08683,9.791278
1770803075.5627694,0.001825,-0.001279,0.000196,-0.000486,-0.084436,9.791278
1770803075.5727665,-3.9e-05,-0.00554,-0.001136,-0.026824,-0.085633,9.816417
1770803075.5731692,0.00076,-0.003143,-7e-05,-0.063933,-0.096407,9.814023
1770803075.5780313,0.003156,-0.001279,0.000728,-0.051962,-0.096407,9.814023
1770803075.5832584,0.002357,-0.00554,-0.000603,-0.008867,-0.089225,9.802052
1770803075.5923476,-0.002703,0.009107,0.001261,-0.004081,-0.078451,9.802051
1770803075.5937397,-3.9e-05,0.001917,0.000196,-0.032808,-0.088027,9.816417
1770803075.6039178,-3.9e-05,-0.003409,-7e-05,-0.05675,-0.094013,9.818811
1770803075.610505,-3.9e-05,-0.000214,0.000196,-0.04837,-0.109575,9.808038
1770803075.6115303,0.002357,-0.003942,-0.001136,-0.034006,-0.091619,9.809234
1770803075.6134114,0.001559,0.001651,0.000728,-0.014852,-0.099998,9.812826
1770803075.6239548,0.001559,-0.004208,-0.000337,-0.022035,-0.09521,9.812826
1770803075.62426,0.00076,0.001651,-7e-05,-0.057947,-0.098801,9.804446
1770803075.6286788,0.001825,-0.00048,0.000995,-0.059144,-0.090422,9.81522
1770803075.6392972,-0.000306,-0.00048,-0.000603,-0.044779,-0.098801,9.804446
1770803075.6410768,-0.001904,0.007243,0.000462,-0.014853,-0.089225,9.80684
1770803075.6451697,0.00076,0.002982,-0.000603,-0.013655,-0.085633,9.811629
1770803075.6523476,-0.00217,0.006444,0.000995,-0.049569,-0.079648,9.805643
1770803075.6549613,-0.001105,-0.001013,0.000462,-0.06513,-0.080845,9.806841
1770803075.6597269,-0.000572,0.001384,0.000462,-0.035202,-0.102393,9.804446
1770803075.6644294,-0.000838,0.000852,0.000196,-0.006472,-0.099998,9.79487
1770803075.671031,-0.000572,0.005379,0.000462,-0.004079,-0.085633,9.81522
1770803075.6750062,-0.000306,0.005379,0.00206,-0.034006,-0.092816,9.803249
1770803075.6797192,-0.002436,0.00458,0.000728,-0.087875,-0.094013,9.810431
1770803075.6843612,0.000493,-0.004208,-0.000869,-0.063933,-0.09521,9.814023
1770803075.6895838,-0.000572,0.001651,-7e-05,-0.02802,-0.097604,9.78649
1770803075.6947865,-0.001105,0.005379,0.000462,0.005498,-0.091619,9.794869
1770803075.7033796,0.00076,0.003515,0.000728,-0.020837,-0.098801,9.808038
1770803075.704716,-3.9e-05,0.002716,0.000728,-0.077101,-0.096407,9.817614
1770803075.7129855,-0.000838,0.000852,0.000196,-0.060341,-0.10359,9.825994
1770803075.7153533,0.001825,0.00165,0.000196,-0.039991,-0.101195,9.814023
1770803075.719961,0.001559,-0.001812,0.000196,0.011485,-0.088028,9.79846
1770803075.7267075,0.00289,-0.002344,-0.000337,-0.017246,-0.090422,9.796066
1770803075.730528,-0.000838,0.002183,-7.1e-05,-0.061539,-0.091619,9.814023
1770803075.7371137,0.001825,-0.004741,-0.001136,-0.072313,-0.080845,9.814022
1770803075.7411695,-0.001637,0.00165,0.000196,-0.036399,-0.084436,9.80684
1770803075.748098,-0.000838,0.004314,0.000462,0.003104,-0.089225,9.812825
1770803075.750292,0.00076,-0.00048,0.000196,-0.014852,-0.107181,9.804446
1770803075.7551427,0.001825,-0.002078,0.000196,-0.049568,-0.10359,9.817614
1770803075.760721,0.00076,-0.002611,-7.1e-05,-0.077101,-0.109575,9.818811
1770803075.7671037,-0.000572,0.000585,-7.1e-05,-0.041188,-0.097604,9.804446
1770803075.7707856,-0.006165,0.006444,-7.1e-05,0.001907,-0.102394,9.791276
1770803075.775765,-0.002436,0.00964,0.001794,-0.007672,-0.080845,9.808035
1770803075.7812498,-0.001105,0.004846,0.000196,-0.035203,-0.104787,9.815219
1770803075.786092,-3.9e-05,0.001118,-7.1e-05,-0.053159,-0.094013,9.827191
1770803075.7937567,0.001559,5.3e-05,0.000196,-0.050765,-0.083239,9.810431
1770803075.7953553,-3.9e-05,5.3e-05,0.000462,-0.029217,-0.08683,9.809234
1770803075.800703,0.000227,-0.001545,0.000196,-0.016049,-0.096407,9.811628
1770803075.806112,-0.003235,0.005113,0.000196,-0.037597,-0.099999,9.811628
1770803075.8153408,0.003955,-0.009801,-0.000603,-0.053162,-0.111971,9.814021
1770803075.815872,-0.001105,-0.00048,-0.000337,-0.060341,-0.102393,9.816417
1770803075.820998,-0.000838,0.004846,0.000462,-0.041189,-0.092816,9.814022
1770803075.8300169,0.001559,0.000585,0.000462,-0.014852,-0.101196,9.804446
1770803075.8306956,-0.000572,0.002716,0.000462,-0.020837,-0.102393,9.804446
1770803075.837056,0.001026,0.004846,0.000728,-0.0364,-0.091619,9.803248
1770803075.8431191,-3.9e-05,-0.002611,0.000462,-0.039991,-0.099998,9.805643
1770803075.8466947,0.00289,-0.004741,-7.1e-05,-0.039991,-0.091619,9.815219
1770803075.8514144,0.001292,-0.000746,-0.000337,-0.022034,-0.078451,9.797263
1770803075.8573334,0.000493,0.000585,-0.000603,-0.000486,-0.098801,9.805643
1770803075.8622863,0.000493,-0.00048,-0.000337,-0.031611,-0.083239,9.804446
1770803075.8677435,0.000227,-0.001545,0.000196,-0.051962,-0.094013,9.818811
1770803075.8755429,-0.002436,0.001384,0.000462,-0.053159,-0.110772,9.81522
1770803075.877539,-0.002969,0.006977,0.000995,-0.017247,-0.105985,9.822401
1770803075.8826575,0.000227,0.000852,-7.1e-05,-0.006472,-0.089225,9.799657
1770803075.889691,0.001292,0.001917,0.000728,-0.034005,-0.085633,9.799657
1770803075.892381,-0.000838,-0.004208,-0.000869,-0.062736,-0.105984,9.818811
1770803075.8970997,-3.9e-05,-0.003942,-7.1e-05,-0.060342,-0.084436,9.812825
1770803075.9017308,-3.9e-05,-0.00048,0.000196,-0.02802,-0.089225,9.803249
1770803075.9099383,0.002091,0.001384,-7.1e-05,-0.014852,-0.097604,9.793672
1770803075.917712,-0.001371,0.002183,0.000728,-0.024429,-0.098801,9.820008
1770803075.9260325,0.000493,-0.003676,-0.000337,-0.043582,-0.097604,9.825993
1770803075.926098,-0.000572,-0.001545,-0.000337,-0.050765,-0.096407,9.81522
1770803075.9273143,-0.00217,0.002982,-0.000603,-0.024429,-0.096407,9.809234
1770803075.9342804,0.000493,5.3e-05,0.000196,-0.010063,-0.092816,9.787686
1770803075.9412968,-0.001371,0.000319,-0.000337,-0.02802,-0.078451,9.785292
1770803075.9419773,-0.001371,-0.00048,-7.1e-05,-0.061538,-0.084436,9.797263
1770803075.9496365,-3.9e-05,-0.001545,0.000728,-0.053159,-0.105984,9.836768
1770803075.9528024,-0.002436,0.000852,0.000196,-0.013654,-0.10359,9.81522
1770803075.961353,0.000493,-0.002611,-0.001136,-0.006472,-0.096407,9.817614
1770803075.963462,-0.001105,0.000319,-0.000603,-0.037596,-0.091619,9.784095
1770803075.9676247,0.002357,-0.005274,-7.1e-05,-0.051963,-0.107181,9.808037
1770803075.9752235,-3.9e-05,0.00165,0.000995,-0.049568,-0.092816,9.814023
1770803075.977613,-0.000838,-0.000214,0.000196,-0.042385,-0.107181,9.799657
1770803075.9830706,0.002091,-0.00048,-0.000337,-0.019641,-0.094013,9.820008
1770803075.9921112,0.001292,-0.002078,0.000196,-0.0364,-0.104787,9.822402
1770803075.993564,0.001292,-0.000214,0.000995,-0.063933,-0.079648,9.829585
1770803075.998634,0.001825,-0.000214,0.000728,-0.047174,-0.104787,9.802051
1770803076.007724,-0.001371,0.007776,0.000995,-0.037599,-0.099999,9.794868
1770803076.010439,0.002624,-0.004475,-7e-05,-0.011261,-0.097605,9.793671
1770803076.0130463,-0.001105,0.002982,0.000462,-0.026823,-0.09521,9.814022
1770803076.020332,-0.001904,0.002449,-7e-05,-0.035203,-0.101196,9.814022
1770803076.0231888,0.001026,-0.006605,-0.000603,-0.044781,-0.09521,9.824796
1770803076.030682,-0.000306,0.002449,0.000462,-0.035203,-0.09521,9.804446
1770803076.0335221,-0.0043,0.010439,0.000995,-0.02563,-0.09162,9.805641
1770803076.0418262,0.00076,-0.002078,-7e-05,-0.02802,-0.085633,9.784095
1770803076.0430505,0.001825,-0.001279,-0.000603,-0.030415,-0.085633,9.794869
1770803076.0516598,0.001292,-0.005007,-0.000337,-0.031612,-0.10359,9.81881
1770803076.053711,-0.001637,0.000585,0.000196,-0.02802,-0.096407,9.818811
1770803076.0591946,0.000493,0.001384,0.000196,-0.011261,-0.094013,9.837964
1770803076.0650098,-0.001637,0.003781,0.000196,-0.028021,-0.084436,9.811628
1770803076.0719473,0.000493,-0.002611,-0.000603,-0.038794,-0.089225,9.815219
1770803076.0736613,-0.000306,0.00165,0.000462,-0.043583,-0.101196,9.794869
1770803076.079991,-0.001371,0.002716,-7e-05,-0.048371,-0.089225,9.812825
1770803076.0862303,-0.000306,0.001917,0.000462,-0.042386,-0.10359,9.808037
1770803076.0889895,-0.00217,0.004846,0.000196,-0.042386,-0.089225,9.810431
1770803076.0940585,0.000493,-0.003143,-0.000869,-0.048371,-0.109575,9.812825
1770803076.099109,0.00289,-0.003676,0.000196,-0.051963,-0.097605,9.802051
1770803076.1048694,-0.001637,0.009107,0.000995,-0.032811,-0.088028,9.815218
1770803076.114779,0.000227,0.002982,-0.000337,-0.011261,-0.094013,9.793672
1770803076.1151326,-0.003235,0.007509,0.000462,-0.029219,-0.08324,9.793671
1770803076.122811,0.002357,-0.001545,0.000462,-0.034006,-0.084436,9.818811
1770803076.1243856,-0.001371,0.00165,0.000728,-0.039991,-0.090422,9.812825
1770803076.1318283,0.000227,-0.004209,-0.000603,-0.042386,-0.090422,9.814022
1770803076.1373806,0.002357,-0.002344,0.000728,-0.023232,-0.092816,9.797263
1770803076.1418462,-0.001371,5.3e-05,-0.000337,-0.025626,-0.097604,9.814022
1770803076.1481748,-0.001904,-0.001545,0.000196,-0.035203,-0.097604,9.800854
1770803076.149283,0.001825,0.00165,0.000196,-0.042386,-0.102393,9.821205
1770803076.1551979,-0.002703,0.007243,0.000728,-0.034008,-0.107182,9.809233
1770803076.1597626,0.001559,-0.00048,-7e-05,-0.030414,-0.102393,9.810431
1770803076.1646953,-0.001371,0.007243,0.000728,-0.04119,-0.094013,9.805642
1770803076.1698864,-0.0043,0.008308,0.001527,-0.045979,-0.105985,9.810429
1770803076.174887,-0.003501,0.003248,-7e-05,-0.037597,-0.101196,9.804445
1770803076.179709,-3.9e-05,-0.002877,-0.001136,-0.05316,-0.084436,9.816417
1770803076.185177,-3.9e-05,-0.00048,-0.000603,-0.038794,-0.088028,9.80684
1770803076.1925032,0.001559,-0.001812,-7e-05,-0.0364,-0.077254,9.809234
1770803076.196448,-0.000572,0.001118,0.000462,-0.038794,-0.088028,9.824796
1770803076.1999397,0.002091,-0.003143,-0.000869,-0.038795,-0.098802,9.830782
1770803076.2065752,0.001559,0.000319,0.000995,-0.034006,-0.102393,9.811628
1770803076.2101347,0.002091,-0.00048,-0.000337,-0.025626,-0.089225,9.822402
1770803076.21609,-0.000572,-0.00048,-0.000603,-0.019641,-0.10359,9.803249
1770803076.2259858,-0.001105,0.001917,0.000196,-0.045977,-0.10359,9.810431
1770803076.227005,0.002357,-0.001013,0.000462,-0.045977,-0.098802,9.809234
1770803076.230485,-0.001105,0.002982,0.000196,-0.032809,-0.09521,9.812825
1770803076.2365437,-0.002969,0.003248,-7e-05,-0.034006,-0.107182,9.816416
1770803076.2409744,0.000493,-0.001812,0.000728,-0.030415,-0.101196,9.811628
1770803076.2473288,0.001026,5.3e-05,0.000196,-0.041188,-0.096407,9.802051
1770803076.2539523,0.000493,-0.002344,0.000729,-0.028021,-0.086831,9.816416
1770803076.255411,0.001559,0.002183,-7e-05,-0.034006,-0.088028,9.802051
1770803076.26328,0.000227,0.002982,0.000995,-0.017247,-0.090422,9.822402
1770803076.2661812,0.00076,0.005645,0.000462,-0.029219,-0.085633,9.824795
1770803076.2746358,0.00076,-0.00048,-7e-05,-0.037597,-0.097605,9.817613
1770803076.2757638,0.002091,-0.002078,-0.000869,-0.043583,-0.096408,9.796065
1770803076.2855053,-0.001371,0.000319,-0.000603,-0.037597,-0.108378,9.804445
1770803076.2859702,-0.000572,-0.001279,-0.000603,-0.031612,-0.092816,9.794868
1770803076.291203,0.000493,0.001118,-0.000337,-0.034006,-0.099999,9.812825
1770803076.2963746,0.000227,-0.001545,-0.000869,-0.042386,-0.109576,9.81881
1770803076.3020446,0.000493,-0.002078,-7e-05,-0.042386,-0.099999,9.811628
1770803076.307574,0.003689,-0.008736,-0.000603,-0.039994,-0.094014,9.817612
1770803076.314845,-0.000838,0.001118,0.000995,-0.032809,-0.096407,9.806839
1770803076.3171165,-0.001637,0.003248,-0.000337,-0.023232,-0.094013,9.803248
1770803076.3279839,0.003156,-0.002344,-0.000869,-0.024429,-0.086831,9.816416
1770803076.328283,0.001026,0.003515,0.000462,-0.029218,-0.092816,9.821204
1770803076.3333688,0.001026,0.000585,-7e-05,-0.0364,-0.084436,9.817613
1770803076.3395593,0.00289,-0.003942,-0.000869,-0.034007,-0.08324,9.835569
1770803076.341357,0.001026,0.001118,0.000196,-0.035203,-0.099999,9.79846
1770803076.3510106,0.001559,-0.000214,0.000196,-0.034006,-0.105984,9.792474
1770803076.3524468,-0.000572,0.005112,0.000995,-0.042387,-0.098802,9.775714
1770803076.3573904,0.001292,-0.002611,-7e-05,-0.045977,-0.107181,9.79846
1770803076.3634956,0.000227,0.001118,0.000196,-0.039992,-0.097605,9.805642
1770803076.368052,0.000227,0.000851,-0.000603,-0.039991,-0.092816,9.800854
1770803076.3743052,0.001559,-0.001279,0.000462,-0.038794,-0.09521,9.806839
1770803076.3790057,0.000227,-0.003942,-0.000603,-0.034006,-0.085634,9.822402
1770803076.3837197,-0.000306,0.00165,-0.000337,-0.037597,-0.072465,9.81881
1770803076.3899338,0.000227,-0.002877,-0.000337,-0.030415,-0.091619,9.812825
1770803076.392963,-0.005898,0.008575,0.000729,-0.026826,-0.095212,9.808035
1770803076.3971593,-0.003768,0.007776,-7e-05,-0.031614,-0.104788,9.80205
1770803076.4026904,0.002357,-0.001812,0.000196,-0.026823,-0.084437,9.830781
1770803076.4078994,0.002091,-0.005008,-0.000603,-0.039992,-0.090422,9.81043
1770803076.4139001,-0.000572,0.003781,-7e-05,-0.037598,-0.099999,9.814022
1770803076.4200587,0.001559,-0.002877,-0.000603,-0.035203,-0.102393,9.792474
1770803076.430065,-0.001904,0.002449,-7e-05,-0.034006,-0.095211,9.810431
1770803076.4302042,0.00076,5.2e-05,-0.000869,-0.035203,-0.104787,9.817613
1770803076.432621,0.000227,-0.001545,0.000729,-0.035203,-0.11197,9.815219
1770803076.4410596,0.001825,-0.000746,-0.000603,-0.049568,-0.101196,9.808036
1770803076.45271,0.001559,-0.002611,-7e-05,-0.035203,-0.088028,9.812825
1770803076.4554913,0.001559,-0.003143,-0.000603,-0.037598,-0.09521,9.811628
1770803076.4559085,0.000227,-0.00048,0.000462,-0.035203,-0.080845,9.797263
1770803076.45875,-0.000572,0.001118,0.000995,-0.034006,-0.090422,9.82719
1770803076.4633677,0.002091,-0.002078,-7e-05,-0.049568,-0.086831,9.804445
1770803076.4681134,0.001026,-0.001545,-7e-05,-0.0364,-0.073663,9.782897
1770803076.4752412,0.00076,0.001917,-7e-05,-0.045977,-0.079648,9.815219
1770803076.4779334,-0.000572,-0.00048,-0.000869,-0.029218,-0.088028,9.846344
1770803076.486254,-0.00217,0.001917,-0.000869,-0.022035,-0.102393,9.833176
1770803076.4882128,-0.001371,0.001917,0.000462,-0.041189,-0.098802,9.805642
1770803076.497159,0.002091,-0.000214,0.000729,-0.038794,-0.114364,9.776912
1770803076.498471,-3.9e-05,0.001118,0.000462,-0.018444,-0.10359,9.816416
1770803076.508357,0.002358,-0.000214,0.000462,-0.017247,-0.109576,9.804445
1770803076.5089517,0.00289,-0.005008,0.000995,-0.030416,-0.103591,9.809233
1770803076.513549,0.002624,-0.00554,0.000196,-0.055555,-0.099999,9.828386
1770803076.5225341,-0.001637,0.001118,-7e-05,-0.037597,-0.077254,9.81881
1770803076.523459,0.001825,-0.006339,-0.000603,-0.03281,-0.080846,9.800853
1770803076.5325098,0.000493,5.2e-05,0.000196,-0.029218,-0.077254,9.808036
1770803076.5338316,-0.002436,0.002716,-0.000603,-0.020838,-0.092817,9.80205
1770803076.5392232,-0.000838,-0.001279,-0.000337,-0.047174,-0.089225,9.797262
1770803076.5441737,-0.000306,-0.00341,-0.000869,-0.050766,-0.10359,9.814021
1770803076.5505567,-3.9e-05,-0.000747,-0.000603,-0.034006,-0.101196,9.806839
1770803076.5538824,-0.000572,0.001917,-0.000603,-0.018444,-0.098802,9.81043
1770803076.5591977,-0.001371,0.004047,-7e-05,-0.036401,-0.097605,9.814021
1770803076.5643115,0.001292,-0.001279,0.000196,-0.060342,-0.109576,9.797262
1770803076.5696065,0.001292,-0.004209,-0.000337,-0.049569,-0.102393,9.809233
1770803076.5758185,0.001026,-0.003143,-7e-05,-0.041189,-0.101196,9.809233
1770803076.5817218,-0.000306,-0.000747,0.000196,-0.0364,-0.083239,9.81043
1770803076.5841486,0.000227,0.00165,0.000729,-0.028021,-0.079648,9.804445
1770803076.590152,0.00076,-0.002611,0.000729,-0.034006,-0.098802,9.81043
1770803076.5954678,-0.002436,0.00165,-7e-05,-0.035203,-0.089225,9.816416
1770803076.5996468,-3.9e-05,0.002449,-7e-05,-0.014853,-0.077254,9.825993
1770803076.6055822,0.000227,0.001917,-0.000603,-0.037598,-0.086831,9.803248
1770803076.6126316,-0.001105,0.005112,0.000196,-0.034007,-0.082043,9.81881
1770803076.6159139,-0.000838,0.003248,-0.000337,-0.037598,-0.08324,9.806839
1770803076.6249692,-0.001371,0.003515,0.000196,-0.034007,-0.085634,9.808036
1770803076.6260977,-3.9e-05,0.000585,-0.000337,-0.034006,-0.092816,9.791277
1770803076.6350079,0.00076,-0.00048,-0.000603,-0.030415,-0.096408,9.785291
1770803076.6362667,0.001825,-0.00341,-0.000603,-0.028021,-0.10359,9.798459
1770803076.6430333,-0.000838,0.000851,-7e-05,-0.043583,-0.108379,9.808036
1770803076.644958,-0.001105,0.001917,0.000196,-0.043583,-0.102393,9.820007
1770803076.6533546,-0.001637,0.004313,0.000729,-0.02443,-0.08324,9.80205
1770803076.6552317,-0.004567,0.005645,0.000196,-0.02443,-0.098803,9.811627
1770803076.6605964,0.002358,-0.005008,-0.000603,-0.02443,-0.084437,9.812824
1770803076.6670423,0.000493,-0.002611,-0.000603,-0.047175,-0.086831,9.81881
1770803076.671419,0.001292,-0.001279,0.000462,-0.050766,-0.078451,9.824796
1770803076.6787798,0.00076,0.001384,0.000462,-0.042386,-0.084437,9.799656
1770803076.6805851,-0.0043,0.005112,-7e-05,-0.04119,-0.09162,9.812824
1770803076.685622,0.001026,0.000585,0.000729,-0.029218,-0.092816,9.81043
1770803076.693331,-0.00217,0.001917,0.000196,-0.0364,-0.105985,9.794868
1770803076.6952477,0.00076,-0.000747,-0.001402,-0.034006,-0.096408,9.800854
1770803076.7004979,0.001026,-0.003143,-0.000337,-0.023233,-0.101196,9.809233
1770803076.7108045,0.005553,-0.008736,-0.001136,-0.025629,-0.094015,9.804443
1770803076.7111418,-0.001371,0.003781,0.000196,-0.043583,-0.101196,9.808036
1770803076.7186375,0.00076,0.000319,0.000196,-0.045977,-0.104787,9.798459
1770803076.720602,0.001559,-0.002877,0.000196,-0.051963,-0.097605,9.806839
1770803076.7269654,-0.000572,0.000319,-0.000337,-0.039992,-0.099999,9.81881
1770803076.7373402,-3.9e-05,0.002183,0.000462,-0.028021,-0.094013,9.802051
1770803076.738066,0.001026,-0.001812,-0.000337,-0.031612,-0.078451,9.812824
1770803076.743232,-3.9e-05,0.000319,-0.000337,-0.043583,-0.091619,9.809233
1770803076.7466562,-0.000306,0.000319,-7e-05,-0.042386,-0.091619,9.809233
1770803076.7543964,0.000493,5.2e-05,0.000462,-0.045977,-0.090422,9.816416
1770803076.7561328,0.001026,-0.000747,-0.000337,-0.028021,-0.094013,9.800854
1770803076.765196,0.003423,-0.007404,-0.001935,-0.014855,-0.089226,9.802049
1770803076.7665353,-0.000572,0.003248,0.000729,-0.043583,-0.084437,9.821204
1770803076.7760146,0.001292,-0.001279,-7e-05,-0.05316,-0.089225,9.814022
1770803076.7761366,0.001026,-0.00341,-7e-05,-0.050766,-0.097605,9.817612
1770803076.7874916,0.002358,-0.002611,-0.001136,-0.038795,-0.094014,9.814021
1770803076.7876616,0.003156,-0.000214,0.000462,-0.029218,-0.096408,9.81881
1770803076.7914937,-0.000306,0.001917,-7e-05,-0.034006,-0.091619,9.81043
1770803076.7982476,0.001825,-0.00048,-0.000337,-0.034006,-0.097605,9.812824
1770803076.801853,-3.9e-05,0.002982,0.000729,-0.037598,-0.086831,9.81881
1770803076.8097255,-0.002969,0.005911,-7e-05,-0.017248,-0.068875,9.800853
1770803076.8120625,-0.001371,0.002716,0.000196,-0.055554,-0.102393,9.740998
1770803076.819884,-0.002703,0.005911,-0.000603,0.010285,-0.073663,9.928942
1770803076.821991,-0.001637,0.00165,0.000462,-0.04478,-0.098802,9.757757
1770803076.8314974,-0.000306,0.001384,0.000462,-0.060343,-0.088028,9.872679
1770803076.8322604,0.001825,-0.003143,-0.000869,-0.049569,-0.10359,9.770925
1770803076.8400445,0.001026,0.001917,0.000196,-0.001685,-0.0581,9.85592
1770803076.8423898,0.004754,-0.007671,-0.000337,-0.042388,-0.098803,9.755362
1770803076.8472726,-0.000572,-0.002344,-0.000337,-0.04478,-0.090422,9.806839
1770803076.8524926,0.000493,-0.002078,-0.000337,-0.049569,-0.096408,9.824795
1770803076.8577242,-0.001371,0.00458,0.001527,-0.047175,-0.098802,9.798459
1770803076.8669124,-0.001105,0.00165,-0.000603,-0.026824,-0.089225,9.793671
1770803076.8693645,0.00076,0.000851,-7e-05,-0.022035,-0.094013,9.811627
1770803076.8727484,-0.000306,5.2e-05,-0.000337,-0.038795,-0.091619,9.81043
1770803076.87884,-0.001371,0.000851,0.000196,-0.066328,-0.102393,9.803247
1770803076.8835914,-0.001371,0.000585,0.000196,-0.038795,-0.091619,9.815218
1770803076.889493,0.001559,-0.00341,-0.000337,-0.017247,-0.076057,9.808036
1770803076.8925836,-0.001637,0.007776,0.001261,-0.007672,-0.089225,9.810429
1770803076.9005268,0.001825,-0.004209,-0.000869,-0.03281,-0.094014,9.803247
1770803076.9037526,-0.001105,-0.00341,-0.000603,-0.060343,-0.113167,9.81881
1770803076.910629,0.002358,-0.007138,-7e-05,-0.047176,-0.095211,9.802049
1770803076.9130638,-0.000572,0.000851,-0.000603,-0.010064,-0.092816,9.81043
1770803076.919087,0.000493,0.000851,-0.000337,-0.02443,-0.099999,9.821204
1770803076.9249232,0.000493,0.00458,0.000462,-0.04119,-0.101196,9.818809
1770803076.9324791,0.00076,-0.005008,-0.000337,-0.067526,-0.089225,9.829583
1770803076.9329262,-0.000838,-0.003942,-7e-05,-0.050766,-0.086831,9.817612
1770803076.9441845,-0.000572,5.2e-05,-0.000603,-0.014853,-0.104787,9.804445
1770803076.9442563,0.00076,0.001384,-7e-05,0.001907,-0.094013,9.811627
1770803076.9484928,-0.000306,0.002449,-0.000337,-0.031612,-0.091619,9.793671
1770803076.9534523,-0.000838,0.000319,-0.000337,-0.060343,-0.101196,9.824795
1770803076.9601471,-0.001105,0.002183,0.000196,-0.065131,-0.088028,9.81881
1770803076.9661453,-3.9e-05,0.004313,0.000729,-0.035204,-0.084437,9.792473
1770803076.9694433,-0.000306,0.001118,-0.000603,-0.002882,-0.090422,9.800853
1770803076.974699,0.002624,-0.004209,0.000196,-0.020839,-0.098802,9.79367
1770803076.9862633,0.001559,-0.005807,-0.000337,-0.048373,-0.108379,9.818809
1770803076.9865878,0.001026,-0.003676,0.000196,-0.042386,-0.101196,9.820007
1770803076.9891384,0.003156,-0.002611,0.001261,-0.031612,-0.101196,9.814021
1770803076.9964647,0.000227,-0.001546,-0.000869,-0.001685,-0.094013,9.808036
1770803077.002306,-0.001637,0.006178,0.000196,-0.028022,-0.101196,9.821203
1770803077.0040362,-0.000838,-0.001279,0.000196,-0.063934,-0.090422,9.817613
1770803077.0092077,0.001559,-0.006606,-0.000337,-0.060344,-0.096408,9.814021
1770803077.013965,-3.9e-05,-0.00048,-0.000337,-0.035203,-0.094013,9.811627
1770803077.0192025,-3.9e-05,-0.000214,-0.000603,-0.017247,-0.086831,9.811627
1770803077.0246193,-0.001904,0.003248,0.000462,-0.025627,-0.091619,9.811627
1770803077.0486112,-0.002436,-0.000747,-0.000603,-0.048372,-0.104787,9.80205
1770803077.0497012,-0.000838,0.002982,0.000196,-0.034007,-0.094014,9.803247
1770803077.0521832,-0.000306,0.004313,0.000995,-0.025627,-0.089225,9.806838
1770803077.0525928,0.001292,-0.00048,-0.001402,-0.017247,-0.096408,9.81881
1770803077.063655,-0.00217,0.005112,0.000462,-0.044781,-0.095211,9.83916
1770803077.063748,0.000227,-0.002078,-0.000337,-0.065131,-0.104787,9.824795
1770803077.0690768,0.00076,0.000319,-7e-05,-0.047175,-0.098802,9.825992
1770803077.069421,0.000493,0.001917,0.000995,-0.028021,-0.092816,9.792473
1770803077.071005,0.000227,-0.001546,-0.000869,-0.012459,-0.098802,9.785291
1770803077.0770721,-3.9e-05,-0.000214,0.000196,-0.032809,-0.089225,9.80205
1770803077.0801725,-0.001105,0.000851,-0.000869,-0.057949,-0.095211,9.81043
1770803077.084868,-0.001371,-0.001013,-0.000869,-0.022036,-0.090422,9.827189
1770803077.0901365,0.001026,-0.00341,-0.000337,-0.004079,-0.086831,9.817612
1770803077.0954468,0.001559,-0.002078,-0.000337,-0.02443,-0.079648,9.822401
1770803077.1004457,-0.000838,0.000851,0.000196,-0.060343,-0.105985,9.817612
1770803077.1053102,-0.003501,0.002183,-0.000337,-0.063934,-0.094014,9.806838
1770803077.1116421,-0.00217,0.002715,-0.000603,-0.037598,-0.092817,9.792473
1770803077.117813,0.001825,0.001384,0.000995,-0.000488,-0.091619,9.794867
1770803077.1202123,-0.000306,0.006178,0.000196,-0.01246,-0.098802,9.810429
1770803077.12819,0.00076,-0.000747,-7e-05,-0.037598,-0.096408,9.831978
1770803077.130424,-0.000306,0.003514,0.001261,-0.067526,-0.090422,9.822401
1770803077.1370265,0.001026,-0.00048,-0.000337,-0.05316,-0.104788,9.815218
1770803077.149117,0.001825,-0.001279,-7e-05,-0.00767,-0.085634,9.791276
1770803077.149383,-0.001904,0.007243,0.000462,-0.002884,-0.090423,9.796064
1770803077.151195,-0.001105,0.001917,-7e-05,-0.041189,-0.097605,9.794867
1770803077.1576934,0.000227,-0.002345,-7e-05,-0.075905,-0.092817,9.817612
1770803077.1612532,0.004754,-0.011932,-0.000869,-0.06753,-0.094015,9.802047
1770803077.1713212,-0.004034,0.009107,0.000196,-0.018447,-0.096409,9.80564
1770803077.1716626,-0.000838,0.003781,-0.000337,0.000709,-0.099999,9.809232
1770803077.175606,-0.002702,0.007775,0.000196,-0.018446,-0.09162,9.808034
1770803077.1817846,0.002358,-0.003942,-7e-05,-0.048372,-0.103591,9.810429
1770803077.1860008,0.00076,5.2e-05,0.000196,-0.067525,-0.10359,9.817612
1770803077.193271,-0.001904,0.002449,0.000462,-0.03281,-0.084437,9.806838
1770803077.1960862,0.000227,0.002449,0.000462,-0.001685,-0.079648,9.81043
1770803077.2037702,-0.001371,0.00458,-0.000337,-0.037599,-0.098802,9.811627
1770803077.2086623,-0.003768,0.003514,-7e-05,-0.06992,-0.079649,9.805641
1770803077.2158759,-0.000306,-0.001812,0.000995,-0.059146,-0.098802,9.815218
1770803077.220465,-0.000838,0.001384,0.000729,-0.012459,-0.095211,9.811627
1770803077.2270417,0.00076,0.001118,-7e-05,-0.000488,-0.091619,9.806838
1770803077.2329333,-0.000572,0.003781,0.000729,-0.013656,-0.105985,9.817612
1770803077.2330194,-0.002436,0.002715,0.000729,-0.066329,-0.086831,9.827189
1770803077.239296,0.001292,-0.005008,0.000196,-0.0783,-0.107182,9.816415
1770803077.241408,-0.004833,0.005911,0.000995,-0.030416,-0.089226,9.808034
1770803077.2504194,-0.000572,5.2e-05,-0.000603,-0.013656,-0.072466,9.80205
1770803077.2520926,-0.000306,0.002183,-7e-05,-0.025627,-0.092817,9.796064
1770803077.2570608,0.000227,5.2e-05,-7e-05,-0.060343,-0.096408,9.809233
1770803077.263244,0.00076,-0.00341,-7e-05,-0.054358,-0.096408,9.823598
1770803077.2671509,-0.001371,0.003781,-7e-05,-0.010065,-0.101196,9.788882
1770803077.273658,0.000493,0.00165,-0.000603,-0.000488,-0.10359,9.791276
1770803077.2770524,-0.001105,0.002449,0.000729,-0.025627,-0.098802,9.809233
1770803077.2840056,-0.000572,-0.002078,-0.000337,-0.047175,-0.092816,9.815218
1770803077.28854,0.001026,-0.002877,-7e-05,-0.059146,-0.090422,9.804444
1770803077.2924056,-3.9e-05,-0.000747,-7e-05,-0.031612,-0.092817,9.806838
1770803077.297653,-0.001105,0.001917,0.000196,-0.035204,-0.085634,9.811627
1770803077.3033369,0.00076,-0.001279,-0.000603,-0.034007,-0.092817,9.814021
1770803077.3078237,-0.000306,-0.001279,-7e-05,-0.035204,-0.088028,9.812824
1770803077.314192,0.00076,-0.004475,-0.000603,-0.045979,-0.086831,9.809232
1770803077.3183284,0.001026,-0.00341,-0.000869,-0.01246,-0.090422,9.816415
1770803077.3259742,-0.003501,0.005911,-7e-05,-0.010066,-0.103591,9.806837
1770803077.327528,-0.000306,0.000851,-0.000337,-0.038795,-0.097605,9.818809
1770803077.3332639,-0.000306,-0.002345,-7e-05,-0.062738,-0.104788,9.818809
1770803077.3440857,0.000493,0.003781,0.000995,-0.053161,-0.088028,9.818809
1770803077.3455617,0.001026,-0.003144,-0.000603,-0.02443,-0.086831,9.794867
1770803077.351109,0.000493,-0.001279,-0.000337,-0.017248,-0.076057,9.788881
1770803077.3558745,-0.00217,0.006178,0.001261,-0.0376,-0.098802,9.806837
1770803077.3598723,0.00076,-0.001812,-0.001136,-0.043584,-0.092817,9.834371
1770803077.3631253,0.000493,0.000585,-7e-05,-0.038795,-0.095211,9.842751
1770803077.3712714,-0.001105,0.007509,0.000729,-0.018447,-0.097605,9.823596
1770803077.3731925,-0.001371,0.002982,0.000196,-0.028022,-0.084437,9.790078
1770803077.37885,-0.000572,0.004313,0.000196,-0.036402,-0.104788,9.787684
1770803077.3831892,-0.001637,0.005112,0.000196,-0.054359,-0.102394,9.815217
1770803077.3884964,-0.001637,0.001384,0.000196,-0.050766,-0.108379,9.806838
1770803077.3952892,0.004488,-0.00847,-0.000869,-0.022038,-0.097606,9.816413
1770803077.4003701,-0.001637,0.001118,0.000196,-0.031613,-0.104788,9.818809
1770803077.4034126,0.001559,-0.00048,0.000462,-0.047175,-0.095211,9.810429
1770803077.4114318,0.002624,-0.003942,0.000462,-0.038796,-0.090423,9.794867
1770803077.4142513,-0.001637,-0.001546,-0.000337,-0.034007,-0.092817,9.799655
1770803077.42255,-0.001637,0.003514,0.000196,-0.024431,-0.088028,9.799655
1770803077.423693,-0.000306,0.003248,0.000196,-0.025628,-0.084437,9.800852
1770803077.429015,-0.000572,0.001118,0.000462,-0.048372,-0.085634,9.818809
1770803077.433828,0.001825,-0.001812,0.000196,-0.044781,-0.094014,9.817612
1770803077.4405751,-0.000306,0.001916,0.000729,-0.037598,-0.102393,9.817612
1770803077.4459555,0.000493,0.001384,0.000196,-0.029219,-0.098802,9.79367
1770803077.4557173,0.000493,-0.001279,0.000995,-0.030416,-0.103591,9.810429
1770803077.4563735,0.001825,-0.004475,-0.000603,-0.04119,-0.092817,9.810429
1770803077.4594922,-0.001371,0.001916,0.000462,-0.04119,-0.09162,9.808035
1770803077.4642751,0.000493,-0.001546,-7e-05,-0.043584,-0.101196,9.815218
1770803077.4691758,0.002358,-0.007671,-0.001136,-0.028023,-0.08324,9.821202
1770803077.4778051,0.000227,0.00458,0.000196,-0.024431,-0.086831,9.799655
1770803077.4798281,0.001026,-0.003144,-0.000337,-0.035204,-0.090423,9.811626
1770803077.4857416,0.001825,-0.00341,-7e-05,-0.051964,-0.084437,9.802049
1770803077.4897845,0.000227,-0.002611,-0.000603,-0.049569,-0.085634,9.809232
1770803077.5014288,-0.002436,0.007243,0.001261,-0.018446,-0.092817,9.815217
1770803077.5022457,-0.001904,-0.002078,-0.001136,-0.029219,-0.097605,9.821203
1770803077.5080485,-0.000572,0.002183,0.000729,-0.039993,-0.102393,9.804444
1770803077.5102513,0.001559,-0.002611,-7e-05,-0.039993,-0.099999,9.821203
1770803077.5147762,0.003955,-0.006872,-0.000869,-0.036403,-0.089226,9.804443
1770803077.524837,-0.002436,0.005379,-7e-05,-0.014854,-0.08324,9.803246
1770803077.525439,-0.000572,5.2e-05,-7e-05,-0.011262,-0.09162,9.808035
1770803077.543662,0.000227,-0.001546,-0.000603,-0.051964,-0.103591,9.811626
1770803077.5437393,0.00289,-0.007937,-0.001136,-0.053163,-0.09162,9.811625
1770803077.5471234,0.001559,-0.001546,-0.000337,-0.039993,-0.098802,9.811626
1770803077.5630014,-3.9e-05,0.002183,-7e-05,-0.022036,-0.09162,9.798458
1770803077.5631063,-3.9e-05,0.002715,-0.000603,-0.025627,-0.095211,9.797261
1770803077.563119,-0.002702,0.002183,-7e-05,-0.047175,-0.098802,9.812823
1770803077.5632706,0.00076,-0.00341,-0.000337,-0.051964,-0.104788,9.811626
1770803077.5652342,0.001292,-0.00554,-0.000337,-0.043585,-0.096408,9.815217
1770803077.5704353,-0.000838,0.003248,-7e-05,-0.025628,-0.08324,9.804444
1770803077.5762606,-3.9e-05,0.002449,-0.000869,-0.020839,-0.085634,9.803247
1770803077.5810332,0.002358,-0.00341,-0.001136,-0.039993,-0.088028,9.788881
1770803077.5857544,0.000493,-0.00048,-0.000337,-0.055555,-0.096408,9.815217
1770803077.5916102,0.000493,-0.002611,-7e-05,-0.044781,-0.090423,9.802049
1770803077.5956452,0.000493,-0.001013,0.000729,-0.022036,-0.095211,9.812823
1770803077.6012354,-0.001637,0.00458,0.000462,-0.024431,-0.094014,9.808034
1770803077.6082392,-0.001105,0.002449,0.000462,-0.054358,-0.103591,9.81402
1770803077.6116376,-3.9e-05,-0.000747,-0.000337,-0.051964,-0.096408,9.815217
1770803077.616207,0.000493,-0.00341,0.000196,-0.039993,-0.090423,9.80564
1770803077.6450784,0.000227,-0.000747,-7e-05,-0.014854,-0.089225,9.800852
1770803077.6452954,-0.001105,0.004313,-7e-05,-0.00408,-0.085634,9.804443
1770803077.6472468,-0.000572,0.00165,0.000196,-0.04119,-0.089225,9.81402
1770803077.6472602,-3.9e-05,-0.002345,-0.000603,-0.063935,-0.092817,9.808035
1770803077.649788,0.002624,-0.007937,-0.001136,-0.055557,-0.096409,9.824793
1770803077.652451,-0.001371,0.004313,0.000729,-0.026825,-0.102394,9.793669
1770803077.6623745,-0.001637,0.006444,0.000462,-0.030417,-0.085634,9.799654
1770803077.6625018,0.003156,-0.00554,-0.000603,-0.048373,-0.085635,9.792472
1770803077.662955,0.002091,-0.006339,-7e-05,-0.075907,-0.108379,9.821202
1770803077.6680446,0.002091,-0.001812,0.000995,-0.047175,-0.097605,9.816414
1770803077.671702,0.000227,-0.001812,-7e-05,-0.005277,-0.109576,9.804443
1770803077.6764946,0.001825,0.000585,-7e-05,0.013877,-0.094014,9.797261
1770803077.681634,-0.001105,0.001916,-7e-05,-0.036401,-0.090423,9.797261
1770803077.6907456,0.000493,0.000319,0.000196,-0.068723,-0.099999,9.816414
1770803077.6923513,-0.001105,0.002183,0.000995,-0.055555,-0.076057,9.812823
1770803077.6967819,-0.000572,0.003248,-7e-05,-0.020839,-0.086831,9.802049
1770803077.7049341,-0.000838,0.004313,0.000462,-0.008869,-0.085634,9.798458
1770803077.706859,0.001825,-0.002345,-0.000869,-0.04957,-0.090423,9.815217
1770803077.7123206,-0.003235,0.007509,0.000196,-0.063937,-0.103591,9.808034
1770803077.7174077,-0.001105,-0.001279,-0.000337,-0.047175,-0.103591,9.804443
1770803077.7221813,0.001825,-0.001546,-0.000337,-0.010065,-0.086831,9.809232
1770803077.7284544,-0.000306,0.001384,0.000196,-0.000488,-0.101196,9.802049
1770803077.734042,0.002624,-0.006606,-7e-05,-0.035206,-0.102394,9.802048
1770803077.7404292,0.000493,-0.003943,-0.000603,-0.066329,-0.096408,9.821203
1770803077.743009,0.000493,-0.004741,-0.000337,-0.063935,-0.095211,9.815217
1770803077.752986,-0.000838,0.001117,-0.000337,-0.030416,-0.078452,9.806838
1770803077.7536905,0.000493,0.002183,0.000196,-0.011262,-0.072466,9.805641
1770803077.7613757,0.001292,-0.00341,-0.000603,-0.025628,-0.085634,9.816414
1770803077.762741,0.000227,-0.002345,-0.000603,-0.057949,-0.09162,9.818809
1770803077.7719607,-3.9e-05,5.2e-05,0.000196,-0.049569,-0.090423,9.81402
1770803077.7727506,-0.001105,0.001117,-0.000337,-0.026825,-0.104788,9.815217
1770803077.7790484,0.00076,-0.002611,-0.000603,-0.002883,-0.096408,9.820006
1770803077.788713,0.001825,0.000851,0.000462,-0.028022,-0.104788,9.791275
1770803077.7887866,0.00076,5.2e-05,-7e-05,-0.055555,-0.092817,9.815217
1770803077.7929728,-0.001904,0.000585,0.000995,-0.054358,-0.102394,9.8224
1770803077.7989264,-0.001637,0.001384,0.000196,-0.053161,-0.096408,9.797261
1770803077.803901,0.000493,-0.004209,-0.000337,-0.014854,-0.09162,9.808034
1770803077.8098564,-0.000306,0.001916,-0.000337,-0.019642,-0.094014,9.812823
1770803077.8133287,-0.001371,-0.001279,0.000196,-0.036401,-0.096408,9.820006
1770803077.8190033,0.001026,-0.001013,0.000196,-0.025627,-0.099999,9.823597
1770803077.823637,-0.000306,5.2e-05,0.000196,-0.043584,-0.080846,9.804443
1770803077.8302515,-3.9e-05,0.001117,-0.000337,-0.035204,-0.101196,9.810429
1770803077.8360524,-0.004567,0.006177,-7e-05,-0.036403,-0.086832,9.80564
1770803077.8382242,0.002358,-0.005807,-0.001935,-0.047177,-0.105985,9.822399
1770803077.8440087,-0.001371,-0.001546,0.000196,-0.037599,-0.099999,9.815217
1770803077.848517,0.000227,0.002982,0.000196,-0.037599,-0.096408,9.800852
1770803077.8533201,-0.002436,0.003781,-0.000337,-0.032811,-0.094014,9.796063
1770803077.8653145,0.000227,-0.000214,0.000462,-0.025628,-0.084437,9.796064
1770803077.8656888,-0.000572,0.001117,0.000729,-0.045978,-0.098802,9.806837
1770803077.8686447,0.000227,-0.002611,-0.000337,-0.035205,-0.089226,9.824794
1770803077.878608,-0.002702,0.009373,0.000995,-0.025631,-0.094015,9.812821
1770803077.8797343,-0.001105,0.002449,-0.000603,-0.038796,-0.076058,9.81402
1770803077.883815,0.001825,-0.007405,-0.000603,-0.047177,-0.085635,9.798457
1770803077.8905911,0.00076,0.000318,0.000462,-0.030416,-0.084437,9.80564
1770803077.8944414,-0.001105,0.001384,-0.000869,-0.018445,-0.095211,9.812823
1770803077.8999457,-0.000572,0.002982,-7e-05,-0.022037,-0.086831,9.800852
1770803077.9040918,-0.000306,-0.000747,-0.000603,-0.04119,-0.090423,9.820006
1770803077.9094503,0.001026,-0.004209,-0.000603,-0.045979,-0.1,9.820005
1770803077.915074,0.001559,-0.001013,0.000462,-0.047175,-0.107182,9.810429
1770803077.9208953,0.000493,-0.001546,-0.001402,-0.034007,-0.09162,9.797261
1770803077.9250498,0.004488,-0.012465,-0.002201,-0.031619,-0.082044,9.791272
1770803077.9292843,0.001559,-0.002611,-0.000337,-0.060344,-0.102394,9.806837
1770803077.9379528,-0.0043,0.005378,0.000462,-0.041191,-0.103591,9.815216
1770803077.9392767,-0.001903,0.000851,-7e-05,-0.030416,-0.094014,9.815217
1770803077.9471078,0.000493,0.002449,-7e-05,-0.010065,-0.099999,9.824794
1770803077.9524539,-0.000306,5.2e-05,-0.000337,-0.030416,-0.104788,9.81402
1770803077.956368,0.000493,0.00165,0.000462,-0.055555,-0.09162,9.810429
1770803077.9677663,0.000227,-0.001279,-0.000337,-0.04957,-0.076057,9.802049
1770803077.9678767,-3.9e-05,0.003514,0.000196,-0.019643,-0.084437,9.794866
1770803077.9698672,0.00076,-0.001013,-0.000337,-0.018445,-0.07486,9.794866
1770803077.9761078,-0.000306,0.004313,0.000729,-0.043585,-0.080846,9.798457
1770803077.9795976,-0.001637,0.000585,0.000196,-0.055555,-0.082043,9.828385
1770803077.9876392,-0.004567,0.005645,0.000462,-0.042388,-0.097606,9.822399
1770803077.9923809,0.000227,-0.001812,-0.000603,-0.022036,-0.11197,9.798458
1770803078.0005407,0.001026,0.001916,0.000462,-0.010065,-0.103591,9.8224
1770803078.0015666,-0.001371,0.001916,-7e-05,-0.022036,-0.095211,9.809232
1770803078.0049047,0.00076,-0.001013,0.000729,-0.0783,-0.102394,9.816414
1770803078.0130012,0.00076,-0.002877,-0.000603,-0.073512,-0.110773,9.818808
1770803078.0151165,0.002358,-0.004742,-0.000337,-0.037599,-0.089226,9.811625
1770803078.023188,0.002091,0.000851,-0.000337,-0.024431,-0.086831,9.797261
1770803078.0255523,0.00076,0.000851,-0.000337,-0.006474,-0.089226,9.81402
1770803078.0307326,-0.001105,0.00165,0.000995,-0.035205,-0.086831,9.80564
1770803078.0361207,0.001559,-0.001812,0.000196,-0.062738,-0.096408,9.817611
1770803078.0417008,0.00076,0.002183,0.000729,-0.038796,-0.104788,9.806837
1770803078.045314,0.002091,-0.001812,0.000729,-0.010065,-0.09162,9.811626
1770803078.0528002,0.002358,0.001117,0.000196,-0.006474,-0.086831,9.799655
1770803078.0585022,0.000493,0.002715,0.000995,-0.023234,-0.089225,9.803246
1770803078.0608697,0.002358,-0.001812,-7e-05,-0.066329,-0.082043,9.812823
1770803078.0701356,0.000493,-0.003943,-7e-05,-0.065132,-0.096408,9.812823
1770803078.0709696,0.001825,-0.006339,0.000196,-0.0376,-0.094014,9.80564
1770803078.0769522,-0.001371,0.005112,0.000462,0.000708,-0.095211,9.811625
1770803078.0829191,-0.001903,0.007509,0.000196,-0.016053,-0.092817,9.802048
1770803078.0867672,0.00076,-0.002345,0.000462,-0.04957,-0.092817,9.816414
1770803078.0930278,0.001026,-0.001279,0.000196,-0.055555,-0.102394,9.81402
1770803078.0962253,0.000493,-0.001812,0.000196,-0.044781,-0.095211,9.792472
1770803078.1029763,-0.00217,0.002982,0.000995,-0.002883,-0.085634,9.820005
1770803078.1079614,0.001026,-0.000747,0.000462,-0.024431,-0.097605,9.8224
1770803078.1142724,0.00076,-0.002345,-0.000337,-0.050767,-0.098803,9.818808
1770803078.116417,-0.000306,0.001117,0.000462,-0.085483,-0.092817,9.821202
1770803078.1218646,-0.000306,-0.002611,-7e-05,-0.045979,-0.111971,9.793669
1770803078.12756,0.000227,-0.003676,-7e-05,-0.013657,-0.086832,9.794866
1770803078.1321785,-3.9e-05,0.002183,0.000462,-0.006474,-0.094014,9.796063
1770803078.138792,0.00076,-0.001013,0.000462,-0.026825,-0.110774,9.798458
1770803078.1422994,-0.001903,-0.001546,0.000196,-0.043584,-0.111971,9.824794
1770803078.1465373,-0.002702,0.001117,-7e-05,-0.043584,-0.094014,9.821202
1770803078.1521578,0.000227,0.002982,0.000729,-0.022037,-0.09162,9.811626
1770803078.1620321,-0.001637,0.002449,0.000462,-0.02084,-0.086832,9.809231
1770803078.1623058,0.000227,-0.005274,-0.001136,-0.04598,-0.084437,9.810428
1770803078.1759303,-0.001105,0.004047,0.000462,-0.043585,-0.095211,9.803246
1770803078.1763432,0.001559,-0.005008,-0.000337,-0.042388,-0.08324,9.808034
1770803078.1801279,0.001026,-0.003943,-0.000337,-0.030417,-0.095211,9.817611
1770803078.1892643,-3.9e-05,5.2e-05,0.000196,-0.037599,-0.102394,9.817611
1770803078.191185,-0.001105,-0.001013,0.000196,-0.038796,-0.105985,9.817611
1770803078.1971118,0.001292,5.2e-05,-7e-05,-0.031613,-0.097605,9.811626
1770803078.1975524,-0.003768,0.003781,0.000196,-0.023234,-0.107183,9.79726
1770803078.2045794,0.001559,-0.000747,-7e-05,-0.031613,-0.092817,9.803246
1770803078.209228,0.000493,0.004313,0.000729,-0.037599,-0.086831,9.803246
1770803078.216128,0.002358,-0.002345,-0.000603,-0.039993,-0.089226,9.812823
1770803078.2175143,-0.001637,0.005112,0.000462,-0.023234,-0.088029,9.812822
1770803078.2246397,-0.004034,0.011237,0.00206,-0.042392,-0.085636,9.80444
1770803078.228078,0.000227,0.00165,0.000196,-0.042387,-0.088029,9.80564
1770803078.2345345,0.000227,-0.002611,-0.000869,-0.031614,-0.090423,9.809231
1770803078.2375016,-0.000306,0.002715,0.000196,-0.024431,-0.095211,9.81402
1770803078.2460866,0.000493,0.000585,-0.000337,-0.010065,-0.095211,9.818808
1770803078.2475328,0.000227,0.002982,-0.000603,-0.024431,-0.101197,9.812823
1770803078.2529144,-0.000572,-0.00128,-0.000337,-0.039993,-0.1,9.800852
1770803078.2599986,-0.001371,0.000585,-7e-05,-0.050767,-0.095211,9.806837
1770803078.2670512,-0.002436,0.006976,0.001528,-0.049572,-0.088029,9.810428
1770803078.2732267,0.00076,-0.004475,-0.000603,-0.030417,-0.101197,9.811625
1770803078.2737446,0.002358,-0.006073,-0.001136,-0.026826,-0.102394,9.793668
1770803078.2796776,-3.9e-05,0.002183,-0.000337,-0.024431,-0.084437,9.815217
1770803078.2840645,-0.000306,0.000585,0.000462,-0.035205,-0.096408,9.810429
1770803078.2891014,-0.0043,0.002982,-7e-05,-0.048373,-0.098803,9.812822
1770803078.2973907,0.000493,-0.000214,-0.000337,-0.028022,-0.09162,9.825991
1770803078.3012526,0.001825,-0.003144,-0.000603,-0.025628,-0.092817,9.80564
1770803078.3078623,-0.001105,0.001916,0.000196,-0.024431,-0.088029,9.802049
1770803078.3083644,-0.000572,0.005911,0.001261,-0.036403,-0.092817,9.803245
1770803078.3135412,0.001825,-0.005008,0.000196,-0.063936,-0.085635,9.824793
1770803078.3217857,-0.002436,0.001384,-7e-05,-0.050767,-0.101197,9.808034
1770803078.3296435,-3.9e-05,0.004313,0.000729,-0.034008,-0.092817,9.816414
1770803078.3304617,0.001026,0.000585,0.000196,-0.037599,-0.097605,9.806837
1770803078.3346558,-3.9e-05,5.2e-05,0.000729,-0.029219,-0.105985,9.785289
1770803078.3394363,-0.00217,0.002183,0.000462,-0.034008,-0.101197,9.811625
1770803078.3485134,-0.001371,0.003514,0.001261,-0.022037,-0.102394,9.824793
1770803078.3489306,0.000227,0.002982,0.000995,-0.024431,-0.089226,9.821202
1770803078.3545704,-0.000572,0.000585,0.000729,-0.025628,-0.09162,9.821202
1770803078.360586,-0.000838,0.002183,-0.000603,-0.039993,-0.065284,9.81402
1770803078.365383,0.001559,-0.002877,0.000729,-0.04119,-0.085635,9.802049
1770803078.3753746,0.00076,-0.002611,0.000995,-0.044782,-0.077255,9.804443
1770803078.3758898,0.001825,-0.002611,-0.001136,-0.035205,-0.080846,9.804443
1770803078.381676,-0.002436,0.001117,-7e-05,-0.042387,-0.088029,9.806837
1770803078.3842785,-0.001371,-0.000214,-0.000603,-0.035205,-0.09162,9.811626
1770803078.3951342,0.004754,-0.007405,-0.000603,-0.028024,-0.109577,9.812821
1770803078.3958428,0.000227,0.000585,-7e-05,-0.008868,-0.102394,9.817611
1770803078.3993711,-0.001903,0.005378,-0.000869,-0.02922,-0.095212,9.809231
1770803078.4053745,-0.000838,0.006177,0.000462,-0.042389,-0.1,9.808033
1770803078.4096358,-0.001371,0.002715,0.000462,-0.050767,-0.088029,9.820005
1770803078.4157064,0.000227,0.000318,0.000995,-0.048373,-0.089226,9.810428
1770803078.4198003,-0.001105,-0.001013,-7e-05,-0.024431,-0.073663,9.809231
1770803078.4273922,-0.001371,0.006177,0.000995,-0.023235,-0.085635,9.816413
1770803078.4302351,0.00076,-0.000747,0.000196,-0.044782,-0.095211,9.822399
1770803078.4388235,0.001559,-0.000747,-7e-05,-0.056753,-0.084437,9.817611
1770803078.440829,0.000493,-0.001013,0.000196,-0.028022,-0.090423,9.806837
1770803078.4446266,0.001825,-0.006872,-0.001935,-0.024433,-0.088029,9.791274
1770803078.45127,-0.00217,0.005645,0.000196,-0.006476,-0.096409,9.796062
1770803078.4637113,-0.001105,0.000585,0.000196,-0.044782,-0.105985,9.809231
1770803078.4638238,0.003157,-0.011133,-0.001935,-0.061545,-0.102395,9.816411
1770803078.4675605,0.000493,0.000851,0.000196,-0.060344,-0.103591,9.823596
1770803078.4739535,0.00076,-0.004742,-0.000337,-0.022038,-0.094014,9.817611
1770803078.4783192,0.003423,-0.000214,0.000462,-0.018445,-0.098803,9.808034
1770803078.4837322,0.001559,0.001916,0.001261,-0.026825,-0.1,9.81402
1770803078.485674,-0.001637,0.00165,-7e-05,-0.032811,-0.101197,9.793669
1770803078.4919393,0.001026,-0.002877,0.000729,-0.034008,-0.107182,9.808034
1770803078.496417,-0.000306,-0.000481,-0.000603,-0.022037,-0.089226,9.803246
1770803078.5024722,0.001825,-0.002877,-0.000603,-0.014854,-0.095211,9.821202
1770803078.5077276,-3.9e-05,0.000851,0.000196,-0.048373,-0.084437,9.820005
1770803078.5110712,0.000227,-0.000481,-0.000603,-0.059147,-0.1,9.809231
1770803078.5206091,-0.001903,0.002449,-0.000337,-0.047176,-0.094014,9.794866
1770803078.5212867,-0.00217,0.004846,0.000729,-0.042388,-0.098803,9.804442
1770803078.5259132,-0.000572,-0.000214,0.000462,-0.024431,-0.096408,9.793669
1770803078.5320148,-0.000572,0.004313,-7e-05,-0.023235,-0.107182,9.810428
1770803078.5362842,-0.003235,0.003514,0.000729,-0.043585,-0.092817,9.828384
1770803078.544487,0.000493,-0.001546,-0.000869,-0.036402,-0.088029,9.831976
1770803078.5464873,0.002358,-0.002877,-0.000603,-0.044782,-0.090423,9.820005
1770803078.5560951,-0.000838,0.002183,-0.000603,-0.028022,-0.089226,9.804443
1770803078.556553,-0.001637,0.003248,0.000462,-0.039994,-0.09162,9.785289
1770803078.5615866,-0.000306,-0.000214,-0.000603,-0.048373,-0.084437,9.815217
1770803078.5702636,-0.001105,0.003514,0.000196,-0.062739,-0.102394,9.80564
1770803078.5715625,-0.002436,0.002449,0.000462,-0.041191,-0.103591,9.799654
1770803078.5805192,0.002091,-0.001013,-0.000603,-0.029219,-0.092817,9.806837
1770803078.5815825,-0.002969,0.004579,0.000729,-0.028023,-0.090423,9.805639
1770803078.58789,0.000227,-0.003144,-0.000337,-0.037599,-0.090423,9.821202
1770803078.5953014,-0.001371,0.00165,0.000196,-0.029219,-0.1,9.811625
1770803078.5965018,-0.001371,0.00165,0.000462,-0.030417,-0.096408,9.806837
1770803078.602196,0.002358,-0.003144,-0.000869,-0.026826,-0.089226,9.80564
1770803078.6076114,0.000493,0.001916,0.000462,-0.041191,-0.096408,9.800851
1770803078.6141171,-0.000306,0.000851,-7e-05,-0.050767,-0.094014,9.796063
1770803078.6169698,0.000227,-0.002611,-0.001136,-0.034008,-0.09162,9.804443
1770803078.62408,-0.000838,0.000585,0.000462,-0.031614,-0.085635,9.806837
1770803078.6269944,0.002091,-0.00128,-0.000337,-0.025628,-0.090423,9.812822
1770803078.6353927,0.001026,-0.000747,-0.000337,-0.04119,-0.098803,9.812822
1770803078.6379702,0.001292,-0.001013,-0.000337,-0.032811,-0.089226,9.81402
1770803078.643042,-0.001371,0.002183,-7e-05,-0.041191,-0.088029,9.816414
1770803078.6471913,-0.000306,-0.002611,-0.001136,-0.026825,-0.085634,9.806837
1770803078.6529567,0.000227,0.000585,0.000196,-0.038796,-0.09162,9.815216
1770803078.6572106,0.001825,-0.004742,-0.000869,-0.044783,-0.094015,9.803245
1770803078.6636572,-0.002436,0.004846,-7e-05,-0.044783,-0.098803,9.804442
1770803078.6680305,-3.9e-05,-0.00128,-0.000603,-0.028023,-0.088029,9.804442
1770803078.6739013,-0.001637,0.002449,0.000196,-0.024431,-0.097606,9.815216
1770803078.6831362,-0.000306,-0.000214,0.000462,-0.02922,-0.103591,9.830779
1770803078.6832144,0.001292,-0.005807,-0.000869,-0.032812,-0.097606,9.822398
1770803078.6876345,-3.9e-05,0.000318,0.000462,-0.036402,-0.097606,9.831976
1770803078.6952178,-0.001104,-0.001013,-0.000869,-0.038796,-0.085635,9.814019
1770803078.7001715,-3.9e-05,-0.000747,-0.000869,-0.036402,-0.104788,9.812822
1770803078.703114,0.002091,0.000851,0.000462,-0.02084,-0.089226,9.823596
1770803078.710715,0.001292,-0.002611,0.000196,-0.034008,-0.083241,9.808034
1770803078.7150292,-0.00217,0.004579,0.000462,-0.049571,-0.085635,9.808033
1770803078.719132,0.00076,-0.005541,-0.000869,-0.038797,-0.096409,9.796062
1770803078.7271454,0.001026,-0.000481,0.000196,-0.018446,-0.090423,9.793668
1770803078.728189,-0.002436,0.002715,-7e-05,-0.018446,-0.085635,9.792471
1770803078.733325,-3.9e-05,0.004313,0.000995,-0.036403,-0.089226,9.811625
1770803078.7380164,-0.000572,0.001916,-0.000337,-0.045979,-0.095211,9.818808
1770803078.7447283,-0.001104,0.002715,0.000462,-0.041191,-0.092817,9.83437
1770803078.7501254,0.002091,-0.001546,-0.000337,-0.043585,-0.076058,9.814019
1770803078.753841,0.001559,0.002183,-7e-05,-0.036402,-0.1,9.804442
1770803078.759218,0.002358,0.000851,0.000196,-0.023234,-0.1,9.798457
1770803078.7638388,0.002358,-0.005541,-7e-05,-0.053163,-0.090423,9.800851
1770803078.7704308,0.001026,-0.001546,0.000196,-0.037599,-0.09162,9.812822
1770803078.7772079,-0.001903,0.002183,0.000462,-0.031614,-0.092817,9.809231
1770803078.7854645,0.001292,-0.005008,-0.000603,-0.031615,-0.102394,9.815216
1770803078.7855847,0.001026,-0.000747,0.000196,-0.024431,-0.095211,9.805639
1770803078.7898822,-0.00217,0.004047,0.000462,-0.038797,-0.088029,9.811625
1770803078.794081,0.000493,0.002981,0.000462,-0.041191,-0.089226,9.811625
1770803078.7991347,-0.001637,0.001384,-7e-05,-0.028023,-0.09162,9.822399
1770803078.8047347,0.00289,-0.006606,-7e-05,-0.041192,-0.085635,9.805639
1770803078.8090076,0.000227,-0.000747,-0.000869,-0.041191,-0.084438,9.802048
1770803078.8140898,-0.000572,-0.001812,-0.000603,-0.041191,-0.096408,9.820005
1770803078.8189793,-0.000572,0.000318,0.000196,-0.039993,-0.095211,9.804442
1770803078.8247054,0.00076,0.001117,0.000462,-0.032811,-0.09162,9.814019
1770803078.8307204,-0.00217,0.00165,-0.000337,-0.019643,-0.098803,9.802048
1770803078.8346214,0.001825,-0.002877,-0.000337,-0.028023,-0.105985,9.821202
1770803078.842001,-0.000838,0.002449,0.000729,-0.043585,-0.096409,9.809231
1770803078.844422,-0.000838,-0.000214,-0.000337,-0.031614,-0.10838,9.821202
1770803078.8534033,0.002358,-0.002345,0.000995,-0.028023,-0.1,9.803245
1770803078.8545403,-3.9e-05,0.00378,0.001261,-0.034009,-0.094014,9.800851
1770803078.8642724,0.001026,0.000318,-7e-05,-0.028022,-0.096409,9.816413
1770803078.8643515,-0.001371,0.003248,0.000196,-0.048374,-0.092817,9.79726
1770803078.8780646,-0.000838,-0.001013,0.000729,-0.032811,-0.098803,9.804442
1770803078.8791485,0.000493,0.002183,0.001261,-0.037599,-0.101197,9.804442
1770803078.8795674,0.001292,-0.003676,-0.000337,-0.041191,-0.098803,9.800851
1770803078.892667,0.001026,-0.004475,-7e-05,-0.032812,-0.092817,9.806836
1770803078.893077,-0.001637,0.005378,0.001261,-0.036403,-0.094015,9.810427
1770803078.8954105,-3.9e-05,-0.001812,-0.000869,-0.031614,-0.098803,9.804442
1770803078.9008412,0.001559,-0.002345,-7e-05,-0.045979,-0.094014,9.809231
1770803078.9053793,0.000493,0.000318,0.000729,-0.036402,-0.097606,9.815216
1770803078.9124107,-0.000306,-0.00341,-0.000337,-0.030417,-0.092817,9.827187
1770803078.9159284,0.001559,-0.004475,-0.000869,-0.02922,-0.09162,9.812822
1770803078.9236455,-0.00217,0.002715,-0.000337,-0.034008,-0.097606,9.811625
1770803078.92524,-3.9e-05,-0.002079,0.000196,-0.034008,-0.097606,9.803245
1770803078.9325454,0.001559,-0.00341,0.000196,-0.038797,-0.076058,9.810427
1770803078.937874,0.001825,-0.003943,-0.000337,-0.038797,-0.086832,9.810427
1770803078.9417722,-0.000572,-0.002345,-0.000337,-0.039994,-0.089226,9.814019
1770803078.945631,0.001825,-0.002611,-0.000869,-0.0376,-0.088029,9.812822
1770803078.9508781,0.002624,-0.001546,0.000462,-0.044782,-0.101197,9.806836
1770803078.955463,0.001292,-0.007405,-0.001402,-0.04239,-0.095212,9.808032
1770803078.9609835,0.001825,-0.002079,-0.000869,-0.034008,-0.105986,9.774514
1770803078.965864,-0.000306,-0.00128,0.000196,-0.017249,-0.101197,9.820004
1770803078.972535,0.000227,0.00165,-0.000337,-0.014855,-0.092817,9.851129
1770803078.9761326,-0.000306,0.001117,0.000462,-0.024431,-0.086832,9.80923
1770803078.9814432,0.000493,0.000851,0.000729,-0.062739,-0.089226,9.822399
1770803078.9929223,-0.001371,0.000851,-0.000603,-0.051965,-0.113168,9.749375
1770803078.9932315,0.001292,-0.000747,-0.000603,0.015073,-0.072467,9.873874
1770803078.996239,0.00076,5.2e-05,-0.000337,-0.032811,-0.1,9.786486
1770803079.0013797,-0.000572,0.001117,0.000196,-0.054359,-0.085635,9.805639
1770803079.0099092,0.001026,-0.000747,0.000462,-0.050767,-0.084438,9.823596
1770803079.0111122,0.003689,-0.006073,-0.001136,-0.028024,-0.107183,9.812821
1770803079.0199845,-0.001371,5.2e-05,-0.000603,-0.023234,-0.1,9.796062
1770803079.0211556,0.002624,-0.002611,0.000729,-0.018446,-0.082044,9.808033
1770803079.0314891,-0.004034,0.00378,0.000196,-0.050768,-0.097606,9.790076
1770803079.0321133,0.001292,-0.004742,-0.000337,-0.04598,-0.092817,9.805639
1770803079.036614,0.001292,0.000585,0.000196,-0.034008,-0.1,9.831975
1770803079.0440342,0.001559,-0.002345,-7e-05,-0.022037,-0.089226,9.831975
1770803079.0465252,0.001559,0.002183,0.000729,-0.0376,-0.09162,9.810428
1770803079.0543478,0.000227,-0.002611,-0.000603,-0.043585,-0.110774,9.802048
1770803079.056773,-3.9e-05,-0.004475,-0.000603,-0.031615,-0.094014,9.793668
1770803079.0618951,-0.000838,0.004313,-7e-05,-0.013658,-0.092817,9.796062
1770803079.0668452,-0.001637,0.007775,0.000995,-0.024433,-0.103592,9.818806
1770803079.0721817,-0.000838,0.003248,0.001261,-0.036403,-0.109577,9.820004
1770803079.0768456,-0.003235,0.003248,0.000462,-0.039994,-0.088029,9.816413
1770803079.0824344,-0.002702,0.007775,0.000995,-0.036404,-0.096409,9.818806
1770803079.0931697,-0.004034,0.007775,-7e-05,-0.030419,-0.101198,9.797258
1770803079.093896,-0.001105,0.004846,0.000462,-0.020841,-0.09162,9.790076
1770803079.0974374,-0.000572,0.002449,0.000462,-0.039994,-0.079649,9.811625
1770803079.1035953,-0.001371,0.001384,-7e-05,-0.061541,-0.1,9.811625
1770803079.1097329,0.000493,-0.002611,-0.000337,-0.028023,-0.092817,9.823596
1770803079.1129546,0.001559,0.000585,0.000462,-0.014854,-0.092817,9.820004
1770803079.1177738,-0.001105,0.004047,0.000995,-0.028023,-0.076058,9.805639
1770803079.1227968,-0.00217,0.000318,0.000196,-0.041191,-0.104788,9.815216
1770803079.1279685,0.002091,-0.004742,-0.000603,-0.049571,-0.092818,9.782894
1770803079.1368294,0.001559,-0.001812,0.000196,-0.035205,-0.097606,9.798457
1770803079.1379857,-0.001637,0.000851,-0.000603,-0.028023,-0.086832,9.803245
1770803079.1434326,0.000493,0.000851,-0.000603,-0.02922,-0.098803,9.80923
1770803079.147723,0.001026,-0.001546,-0.000869,-0.044782,-0.097606,9.812822
1770803079.1555696,0.001559,-0.00128,-0.000869,-0.044782,-0.097606,9.820004
1770803079.1581345,-3.9e-05,5.2e-05,0.000729,-0.043585,-0.097606,9.815216
1770803079.168249,0.001825,-0.001546,-0.000337,-0.02922,-0.096409,9.787683
1770803079.1683295,-0.000572,0.002715,0.000196,-0.017249,-0.090423,9.802048
1770803079.1737447,0.00076,-0.001013,-0.000603,-0.041191,-0.089226,9.812822
1770803079.1820738,-0.000838,-0.000214,-7e-05,-0.048373,-0.1,9.82599
1770803079.1845286,0.002358,-0.005541,0.000196,-0.036403,-0.095212,9.810427
1770803079.1958513,0.001026,-0.003144,0.000462,-0.019643,-0.101197,9.812822
1770803079.1963189,0.000493,0.002183,0.000462,-0.025629,-0.085635,9.797259
1770803079.1982005,-0.001104,0.002449,-0.000603,-0.031614,-0.090423,9.805639
1770803079.2044804,-3.9e-05,0.000318,-7e-05,-0.048373,-0.09162,9.812821
1770803079.2097383,0.001559,-0.001546,0.000196,-0.042388,-0.082044,9.81761
1770803079.2135108,0.000493,-0.001013,0.000196,-0.041191,-0.083241,9.820004
1770803079.219053,0.001026,0.002183,0.000196,-0.02922,-0.085635,9.808033
1770803079.2248785,0.000493,-0.002345,-0.000869,-0.026826,-0.104788,9.808033
1770803079.2303536,0.002358,-0.00341,-0.001136,-0.036403,-0.09162,9.806836
1770803079.233808,0.00289,-0.004742,-0.000337,-0.044783,-0.102395,9.820004
1770803079.2420719,0.001026,0.000318,0.000196,-0.031614,-0.109577,9.816413
1770803079.2438736,-0.000572,0.002981,-0.000337,-0.019643,-0.097606,9.822398
1770803079.2488825,-0.000838,0.003248,0.000462,-0.018446,-0.098803,9.811624
1770803079.2550702,-0.000306,0.000851,0.000462,-0.044782,-0.090423,9.80923
1770803079.2588449,0.00076,-0.002878,-7e-05,-0.049571,-0.107183,9.812821
1770803079.2640364,-0.001637,0.002715,0.000462,-0.056753,-0.090423,9.799653
1770803079.26961,-3.9e-05,-0.001812,-0.000337,-0.042388,-0.098803,9.806836
1770803079.2766123,-0.00217,-0.000481,-0.001668,-0.035205,-0.09162,9.808033
1770803079.2819517,-0.003501,0.000851,-7e-05,-0.028023,-0.109577,9.811624
1770803079.2878628,-0.00217,0.005645,0.000462,-0.023235,-0.098803,9.816412
1770803079.297668,0.001559,-0.002611,0.000196,-0.028023,-0.082044,9.803245
1770803079.297729,0.001825,-0.003676,0.000462,-0.032811,-0.07965,9.799653
1770803079.2999,0.000227,-0.002345,0.000196,-0.048374,-0.090423,9.808033
1770803079.3056154,-0.000838,0.001384,0.000196,-0.036402,-0.104788,9.791274
1770803079.3113244,-0.001104,0.000851,0.000729,-0.0376,-0.076058,9.810427
1770803079.3173463,-3.9e-05,0.001384,-0.000337,-0.038797,-0.101197,9.812821
1770803079.3194995,0.001026,-0.003943,-0.000869,-0.063936,-0.090423,9.829581
1770803079.3283446,0.002091,-0.00128,0.000196,-0.053162,-0.096409,9.805639
1770803079.330153,0.001559,-0.00341,-0.000869,-0.022038,-0.105986,9.805639
1770803079.3377755,-3.9e-05,0.002715,0.001261,-0.001687,-0.107183,9.788879
1770803079.344535,-0.000306,0.002183,-0.000337,-0.022037,-0.094015,9.81761
1770803079.345335,0.000493,0.000851,0.000196,-0.053162,-0.089226,9.805639
1770803079.349895,-0.001371,-0.00128,-0.000869,-0.063936,-0.092817,9.823595
1770803079.3560505,0.002358,-0.006073,-0.000337,-0.039995,-0.07965,9.8212
1770803079.3612838,0.001292,-0.002611,-0.000869,-0.010066,-0.076058,9.814018
1770803079.367146,0.00076,0.002715,0.000462,-0.014855,-0.088029,9.797259
1770803079.3728158,-0.001104,0.000318,-0.000337,-0.061541,-0.090423,9.805639
1770803079.3759267,0.002091,-0.004475,-0.000337,-0.062739,-0.089226,9.803244
1770803079.3833997,0.001559,5.2e-05,0.000729,-0.026826,-0.095212,9.808033
1770803079.3893738,-0.00217,0.005378,0.000995,0.003101,-0.098803,9.799653
1770803079.395715,-0.000306,-0.001013,-0.000337,-0.011263,-0.095212,9.80923
1770803079.399199,-0.000306,-0.000747,-7e-05,-0.069921,-0.105985,9.812821
1770803079.4071379,-0.001903,-0.00128,0.000729,-0.081892,-0.098803,9.816413
1770803079.407347,-0.000306,-0.002079,-0.000337,-0.056753,-0.094014,9.808033
1770803079.411049,-0.001371,0.004313,0.000729,-0.013658,-0.083241,9.808033
1770803079.4175577,0.001026,0.001384,-0.000337,0.001905,-0.076058,9.811624
1770803079.421243,-0.002969,0.005378,-7e-05,-0.025629,-0.102395,9.805638
1770803079.4263613,0.00076,-0.000214,0.000462,-0.051965,-0.094015,9.816413
1770803079.4313793,0.001825,-0.00341,-0.000869,-0.056754,-0.095212,9.812821
1770803079.4386096,0.001292,0.001384,-0.000337,-0.024431,-0.094014,9.798456
1770803079.441196,0.000227,0.001384,0.000196,-0.013658,-0.1,9.821201
1770803079.4490743,-3.9e-05,0.001117,-7e-05,-0.032811,-0.101197,9.827187
1770803079.4510732,-0.000572,-0.000481,-0.000603,-0.056753,-0.095212,9.805639
1770803079.4605906,-0.001903,-0.000481,0.001261,-0.073513,-0.097606,9.775711
1770803079.4624112,0.002624,-0.002079,0.000196,0.003102,-0.096409,9.887042
1770803079.4714172,-0.000572,0.001916,-0.000603,-0.002884,-0.111971,9.769725
1770803079.4720273,0.002624,-0.00634,-0.000869,-0.03401,-0.097606,9.837959
1770803079.477407,-0.001637,0.003514,0.001261,-0.050768,-0.10838,9.751769
1770803079.4814777,-0.001104,0.000851,-0.000337,-0.034008,-0.088029,9.840354
1770803079.4897656,-0.002436,0.002715,-0.000337,-0.014855,-0.092818,9.797259
1770803079.4932678,-0.001903,0.005645,-7e-05,-0.02563,-0.074861,9.83796
1770803079.502832,0.000493,-0.002079,-0.000603,-0.071119,-0.097606,9.804441
1770803079.5031745,-0.000572,-0.000747,-0.000603,-0.059147,-0.085635,9.866691
1770803079.5077906,0.00076,-0.00128,0.000196,-0.045979,-0.09162,9.785288
1770803079.5132403,0.001292,0.000585,-0.000603,0.000708,-0.101197,9.773317
1770803079.519425,-0.001371,0.005645,0.000462,-0.006476,-0.084438,9.794864
1770803079.5228589,0.000227,-0.004742,0.000196,-0.043586,-0.09162,9.818806
1770803079.5267935,0.003157,-0.009269,-7e-05,-0.062742,-0.094016,9.840353
1770803079.5322292,-0.002436,5.2e-05,-0.001136,-0.047176,-0.098803,9.816412
1770803079.5383363,0.002358,-0.004742,-0.001136,-0.019644,-0.082044,9.803244
1770803079.5417166,0.001559,-0.000747,-0.001136,-0.013658,-0.083241,9.79247
1770803079.5470495,-0.001637,0.002715,-7e-05,-0.050768,-0.086832,9.79247
1770803079.5520537,0.00076,-0.005807,-0.000869,-0.055557,-0.09162,9.804441
1770803079.5586176,-0.000306,0.001117,0.000729,-0.02922,-0.101197,9.814018
1770803079.5636091,-0.001371,0.003514,0.000462,-0.016052,-0.115563,9.822398
1770803079.5692286,-0.000838,0.004846,0.000729,-0.012461,-0.09162,9.827186
1770803079.57408,0.001292,-0.002611,-7e-05,-0.044782,-0.102394,9.827186
1770803079.5803218,-0.000838,-0.000747,0.000196,-0.062739,-0.090423,9.806836
1770803079.5824974,0.001559,-0.003943,-0.000603,-0.047177,-0.085635,9.802047
1770803079.5923061,0.001825,-0.002079,0.000196,-0.019643,-0.083241,9.791273
1770803079.5970867,-0.003768,0.00671,0.000729,-0.011265,-0.086833,9.798455
1770803079.6051342,0.00076,-0.005807,-0.000869,-0.047178,-0.1,9.817609
1770803079.6052926,-0.000572,0.003514,0.000196,-0.063936,-0.096409,9.821201
1770803079.6095722,-3.9e-05,-0.001013,0.000196,-0.035205,-0.098803,9.816412
1770803079.6151376,0.000227,-0.001812,-0.000337,-0.013658,-0.097606,9.812821
1770803079.61809,0.001825,-0.000481,-0.000337,-0.016052,-0.102394,9.816412
1770803079.6268408,-0.001903,0.004846,0.000729,-0.020841,-0.102395,9.794864
1770803079.6288188,0.001026,-0.001013,-0.001136,-0.065133,-0.089226,9.79247
1770803079.6372647,-0.000838,0.002183,0.000995,-0.059148,-0.097606,9.817609
1770803079.6399283,-0.000572,0.002183,0.000462,-0.036403,-0.09162,9.803244
1770803079.6487658,0.000227,0.000851,-0.000337,-0.010066,-0.09162,9.793668
1770803079.649518,-0.000306,0.003514,-7e-05,-0.023235,-0.1,9.803244
1770803079.6594121,-0.002436,0.004047,0.000729,-0.04598,-0.103592,9.812821
1770803079.6597056,0.00289,-0.007937,-0.001136,-0.049573,-0.095212,9.811623
1770803079.6697898,-0.001371,0.000318,0.000196,-0.034008,-0.084438,9.820004
1770803079.6702259,0.000227,5.2e-05,0.000196,-0.011263,-0.094015,9.810427
1770803079.6735547,-0.000306,0.001916,-0.000869,-0.016052,-0.086832,9.820004
1770803079.6799676,-3.9e-05,0.000318,0.000196,-0.059147,-0.096409,9.814018
1770803079.6853862,-0.00217,0.001384,0.000196,-0.049571,-0.094015,9.810427
1770803079.6916769,0.002091,-0.004742,0.000729,-0.038797,-0.083241,9.82958
1770803079.6961741,-0.001104,0.000851,-0.000869,-0.017249,-0.09162,9.803244
1770803079.7004652,-3.9e-05,0.003248,0.000196,-0.005278,-0.098803,9.814018
1770803079.7078445,0.000493,-0.002079,-0.000337,-0.035206,-0.092817,9.810427
1770803079.7097304,0.00076,-0.00128,0.001261,-0.047177,-0.079649,9.805639
1770803079.7142658,0.001559,-0.000747,-0.000603,-0.045979,-0.102394,9.823595
1770803079.7203124,-3.9e-05,0.000851,-7e-05,-0.023234,-0.092817,9.822398
1770803079.727315,0.002624,-0.005274,-0.000603,-0.029221,-0.092818,9.815215
1770803079.7297487,0.002091,-0.004742,-7e-05,-0.043586,-0.091621,9.817609
1770803079.7386339,0.002091,-0.005274,0.000462,-0.057951,-0.088029,9.802047
1770803079.73958,-0.000838,-0.000747,-0.000337,-0.031614,-0.082044,9.798456
1770803079.745404,-0.001637,0.003248,0.000462,-0.025629,-0.086832,9.80085
1770803079.7495258,0.001292,0.000318,-0.000337,-0.016052,-0.103591,9.79247
1770803079.7551186,0.000493,0.001117,-0.000337,-0.02922,-0.089226,9.822398
1770803079.7596653,0.001026,-0.000481,-0.001402,-0.054359,-0.088029,9.814018
1770803079.7643988,0.001292,-0.000481,-7e-05,-0.038797,-0.09162,9.804441
1770803079.7704058,0.000493,-0.00341,-0.000337,-0.031615,-0.078452,9.794864
1770803079.775783,-0.000572,0.001117,-7e-05,-0.017249,-0.082044,9.802047
1770803079.7799032,0.001559,-0.001546,-0.000337,-0.038797,-0.083241,9.806836
1770803079.7862775,0.002358,-0.003943,0.000196,-0.038797,-0.094015,9.814018
1770803079.7912245,-0.001371,0.002981,-7e-05,-0.041191,-0.1,9.806835
1770803079.7968705,0.000227,5.2e-05,-0.000603,-0.030417,-0.109577,9.814018
1770803079.8002262,-3.9e-05,0.002182,0.000995,-0.020841,-0.090423,9.820003
1770803079.809519,-0.001637,0.002182,0.000462,-0.036403,-0.107183,9.810426
1770803079.8106353,-0.000838,0.000585,0.000462,-0.039994,-0.086832,9.799653
1770803079.8166997,-0.000572,0.002182,0.000462,-0.039994,-0.090423,9.798456
1770803079.8229256,-0.00217,0.005911,0.000995,-0.036404,-0.088029,9.805637
1770803079.8270094,0.002091,-0.000214,0.000462,-0.028023,-0.089226,9.817609
1770803079.830909,0.000227,-0.002079,0.000196,-0.031614,-0.097606,9.817609
1770803079.8354847,-0.001903,0.004313,-7e-05,-0.034009,-0.101198,9.814018
1770803079.8429842,0.000493,0.002449,-0.000337,-0.030417,-0.089226,9.814018
1770803079.845276,0.002091,-0.005541,-0.000337,-0.030418,-0.095212,9.806835
1770803079.8528469,0.000227,0.00165,-0.000337,-0.028023,-0.101197,9.809229
1770803079.8558817,0.00076,-0.003144,-0.000337,-0.02922,-0.090423,9.803244
1770803079.8611288,-0.002436,0.004846,0.000462,-0.030418,-0.107183,9.811623
1770803079.8667827,0.000493,0.00165,0.000729,-0.038797,-0.09162,9.816412
1770803079.8718815,-0.00217,0.005645,0.000462,-0.039995,-0.096409,9.818806
1770803079.875868,-0.001903,0.007775,0.000729,-0.026828,-0.109577,9.809228
1770803079.8816514,0.001825,-0.001546,0.000196,-0.038797,-0.090423,9.806835
1770803079.8891811,-0.002436,0.00165,0.000462,-0.032811,-0.095212,9.810426
1770803079.8922637,-0.002702,0.002981,-0.000337,-0.025629,-0.089227,9.812821
1770803079.9002068,0.000493,0.001384,0.000196,-0.035206,-0.084438,9.814018
1770803079.9012465,0.000493,-0.000747,-0.000337,-0.02922,-0.1,9.802047
1770803079.9115963,-0.000306,0.001117,0.000729,-0.034009,-0.088029,9.811624
1770803079.9122012,-0.00217,0.002449,-0.000869,-0.044783,-0.090424,9.812821
1770803079.917448,0.001292,-0.00341,-7e-05,-0.04598,-0.091621,9.797258
1770803079.921151,0.001026,-0.002079,0.000462,-0.035206,-0.101197,9.804441
1770803079.927622,-0.001104,0.001117,0.000196,-0.023235,-0.086832,9.803244
1770803079.9315183,0.003157,-0.004742,-7e-05,-0.038798,-0.090424,9.804441
1770803079.938885,-0.001637,0.001117,-0.000337,-0.024432,-0.102394,9.820003
1770803079.9415364,0.00076,0.001117,0.000196,-0.039994,-0.086832,9.812821
1770803079.9469132,0.002358,-0.003943,-0.000337,-0.038797,-0.085635,9.809229
1770803079.9516068,0.001825,-0.002345,-0.000603,-0.035206,-0.092818,9.815215
1770803079.956844,0.000227,0.001916,-7e-05,-0.044782,-0.094015,9.804441
1770803079.9636135,-0.002969,0.004846,0.000729,-0.041192,-0.097606,9.815214
1770803079.968886,-0.001104,-0.000214,0.000196,-0.028023,-0.09162,9.80085
1770803079.9729135,0.001825,-0.003943,-0.000337,-0.041192,-0.102395,9.808032
1770803079.9788146,-0.001903,0.003514,-7e-05,-0.035206,-0.101197,9.818806
1770803079.987519,-0.000572,0.002981,0.000462,-0.038797,-0.094015,9.815215
1770803079.9886432,-0.000572,-0.00128,0.000196,-0.038797,-0.086832,9.794864
1770803079.992157,0.000493,0.002182,0.000462,-0.035206,-0.095212,9.805638
1770803079.998451,0.000493,-0.001546,-7e-05,-0.038797,-0.090423,9.806835
1770803080.0039845,-0.001903,0.002715,-0.000603,-0.0376,-0.097606,9.812821
1770803080.0153568,0.000227,5.2e-05,-0.000869,-0.023235,-0.088029,9.799652
1770803080.0154274,0.00076,0.000585,-7e-05,-0.038797,-0.091621,9.810426
1770803080.0193725,0.00076,-0.000481,-0.001136,-0.028023,-0.095212,9.808032
1770803080.0230317,0.001559,-0.002079,-0.000337,-0.041191,-0.092818,9.811623
1770803080.0293653,0.000227,0.000585,-0.000603,-0.031614,-0.080847,9.810426
1770803080.032417,0.00076,0.00165,-7e-05,-0.032812,-0.095212,9.814017
1770803080.0405135,0.001292,-0.002345,0.000196,-0.032812,-0.094015,9.806835
1770803080.0427628,-0.001637,0.005112,0.001261,-0.028024,-0.091621,9.816411
1770803080.0484705,0.000493,-0.002345,-0.000337,-0.042389,-0.098803,9.815215
1770803080.054051,-0.001371,0.003514,0.000196,-0.042389,-0.102395,9.808032
1770803080.0587873,-0.000838,0.002449,-7e-05,-0.044783,-0.103592,9.815215
1770803080.0628853,0.002358,-0.00341,-0.000337,-0.049571,-0.098803,9.808032
1770803080.0714853,-0.001371,0.00378,0.000196,-0.030418,-0.088029,9.80444
1770803080.0728004,-0.000572,0.004047,0.000196,-0.038798,-0.098803,9.811623
1770803080.078333,0.005287,-0.007405,-7e-05,-0.035208,-0.103593,9.818805
1770803080.083881,0.000493,0.00165,-7e-05,-0.044783,-0.085635,9.820003
1770803080.0909803,0.000493,0.001117,0.000729,-0.044783,-0.092818,9.806835
1770803080.0932708,-0.001371,0.004047,-7e-05,-0.01725,-0.089227,9.809229
1770803080.0983217,0.000227,0.001117,-7e-05,-0.035206,-0.102394,9.815215
1770803080.106853,0.002358,-0.001013,0.000196,-0.034009,-0.101197,9.805638
1770803080.1083481,-0.003235,0.008574,0.000729,-0.034011,-0.092818,9.814016
1770803080.1171658,-0.001371,0.001384,-0.000337,-0.043585,-0.088029,9.825989
1770803080.119361,0.000227,0.001916,-7e-05,-0.02922,-0.084438,9.808032
1770803080.1268609,0.001559,-0.000747,0.000462,-0.02922,-0.096409,9.81282
1770803080.130897,-0.001637,0.003248,-0.000337,-0.032812,-0.097606,9.802046
1770803080.1366174,-0.001637,-0.002079,-0.000869,-0.034009,-0.092817,9.81282
1770803080.138645,0.002358,-0.005008,-0.000869,-0.035207,-0.095212,9.800849
1770803080.1433852,0.001825,-0.000214,0.000196,-0.011264,-0.104789,9.823594
1770803080.1487677,0.00582,-0.004742,0.000196,-0.042389,-0.091621,9.79606
1770803080.1540225,-0.001637,0.000585,-0.000869,-0.044783,-0.080847,9.810426
1770803080.1607575,-0.000572,0.004846,0.000462,-0.039995,-0.1,9.786484
1770803080.1665692,-0.003768,0.006976,0.000729,-0.032813,-0.094016,9.792469
1770803080.1717718,0.00076,0.001384,0.000196,-0.020841,-0.089226,9.810426
1770803080.1742918,-0.00217,0.005911,0.000462,-0.030419,-0.103592,9.800849
1770803080.17942,0.001825,0.000585,0.000462,-0.026826,-0.096409,9.81282
1770803080.1853397,0.000227,-0.00341,-0.000337,-0.0376,-0.086832,9.811623
1770803080.1948915,-0.001637,0.001916,0.000196,-0.036403,-0.103592,9.81282
1770803080.1974065,-3.9e-05,0.005911,0.000995,-0.023236,-0.092818,9.825988
1770803080.200241,0.002624,-0.003943,-0.000603,-0.036403,-0.092818,9.816411
1770803080.2071366,-0.002969,0.002449,-0.000603,-0.048374,-0.096409,9.79247
1770803080.2189562,0.001825,5.2e-05,0.000995,-0.041191,-0.090423,9.822397
1770803080.2192743,-0.000838,0.002449,0.000995,-0.030418,-0.092818,9.794864
1770803080.2202113,-0.000306,0.002449,0.000196,-0.023235,-0.095212,9.805638
1770803080.2246304,0.001292,-0.002878,-0.000869,-0.035206,-0.07965,9.790075
1770803080.2300882,-0.000838,0.002182,-7e-05,-0.031615,-0.091621,9.805638
1770803080.2355077,-0.001104,-0.000747,-0.000603,-0.042388,-0.09162,9.808032
1770803080.2417011,0.00076,0.001384,0.000196,-0.028023,-0.085635,9.824791
1770803080.2448153,-0.001903,0.003248,0.000196,-0.028023,-0.092818,9.831974
1770803080.2503884,0.00076,5.2e-05,-0.000869,-0.032812,-0.098803,9.804441
1770803080.2566772,-0.000306,-0.000214,-0.001402,-0.0376,-0.085635,9.806835
1770803080.2614622,0.000227,0.001117,0.000462,-0.041191,-0.090423,9.798455
1770803080.26661,-0.001371,0.001117,0.000729,-0.031614,-0.092818,9.814017
1770803080.2726235,0.001026,-0.000214,0.000196,-0.023235,-0.094015,9.788878
1770803080.2768707,-0.000838,0.001384,-0.000337,-0.026826,-0.080847,9.800849
1770803080.2803621,0.000227,0.004579,0.000196,-0.049572,-0.101197,9.808031
1770803080.2883458,-0.001371,0.006177,0.000462,-0.039996,-0.092818,9.822396
1770803080.2918022,0.002358,-0.007938,-0.001136,-0.031617,-0.08803,9.812819
1770803080.2961347,-0.001637,0.000585,0.000196,-0.019644,-0.098803,9.808032
1770803080.3008842,-0.000306,-0.001546,-0.000869,-0.023235,-0.097606,9.818806
1770803080.3095036,0.000227,-0.002345,-0.001402,-0.042389,-0.094015,9.80444
1770803080.3109906,0.001825,-0.005274,-0.000337,-0.048375,-0.090424,9.817608
1770803080.3213959,0.001559,-0.000481,0.000462,-0.02922,-0.105986,9.8212
1770803080.3214467,0.001292,0.001384,0.000462,-0.016052,-0.088029,9.818806
1770803080.3260438,-0.000572,0.001916,-7e-05,-0.023235,-0.090424,9.81282
1770803080.3306882,-0.000306,0.001384,0.000729,-0.050768,-0.089226,9.817608
1770803080.3364482,0.001559,-0.002079,-7e-05,-0.049571,-0.098803,9.816411
1770803080.3413384,0.000227,-0.001013,0.000462,-0.0376,-0.092818,9.814017
1770803080.3470829,-0.001903,0.004313,-0.000337,-0.02563,-0.090424,9.815214
1770803080.3511019,-0.005366,0.015765,0.000729,-0.023243,-0.103594,9.808027
1770803080.3565812,0.000493,-0.006606,-0.001402,-0.036405,-0.098803,9.821199
1770803080.361025,0.00076,-0.003144,-7e-05,-0.051966,-0.103592,9.824791
1770803080.3681898,-0.002702,0.006444,0.000462,-0.038799,-0.102395,9.798454
1770803080.3713257,-0.001371,0.004846,-7e-05,-0.026827,-0.096409,9.810426
1770803080.3794446,-0.000838,0.004313,0.000462,-0.019644,-0.094015,9.806834
1770803080.3820043,0.001292,0.005112,0.001261,-0.048375,-0.085635,9.816411
1770803080.3894768,0.001559,-0.002079,-0.000603,-0.062739,-0.086832,9.827185
1770803080.3920336,-0.001105,0.000318,-0.000337,-0.049571,-0.086832,9.810426
1770803080.3966367,-0.003501,0.00884,0.000729,-0.016055,-0.08803,9.811621
1770803080.4020822,-0.002436,0.00378,-7e-05,-0.013659,-0.086833,9.80444
1770803080.40801,-0.000838,0.001916,0.000196,-0.029221,-0.088029,9.809229
1770803080.4137087,0.000493,-0.005008,-0.000603,-0.05436,-0.090424,9.814017
1770803080.4235642,0.001026,-0.003943,-0.000337,-0.043586,-0.090424,9.816411
1770803080.4237878,0.001559,0.001117,-7e-05,-0.030418,-0.092818,9.798455
1770803080.4280307,0.000493,-0.000214,-0.000337,-0.023235,-0.090424,9.810426
1770803080.4326875,0.000227,-0.001013,0.000196,-0.028023,-0.103592,9.794864
1770803080.4384956,-0.003235,0.00884,0.000729,-0.026829,-0.091621,9.810424
1770803080.4430933,-0.000572,0.001384,0.000196,-0.043586,-0.096409,9.791272
1770803080.4479687,-0.000838,-0.000481,0.000196,-0.048374,-0.094015,9.811623
1770803080.4532492,-0.000838,5.2e-05,-7e-05,-0.028023,-0.091621,9.820003
1770803080.4574196,-0.001371,0.004047,-0.000603,-0.026827,-0.096409,9.80444
1770803080.4655035,0.000493,-0.002345,-0.000337,-0.029221,-0.076058,9.799652
1770803080.4708035,-0.000838,0.00378,0.000196,-0.049572,-0.077255,9.793666
1770803080.4746718,-0.000572,-0.002345,-0.001136,-0.062739,-0.086832,9.80444
1770803080.4801435,0.002358,-0.00341,0.000196,-0.051966,-0.094015,9.811623
1770803080.4862356,0.001026,-0.00128,0.000196,-0.00887,-0.097606,9.81282
1770803080.4934561,0.001559,-0.000747,-0.000603,-0.005278,-0.086832,9.80444
1770803080.494066,0.002091,-0.003144,-7e-05,-0.028024,-0.113169,9.820002
1770803080.4981523,-0.000838,5.2e-05,-0.000603,-0.049571,-0.097606,9.815214
1770803080.5032153,0.000493,-0.002079,-0.000869,-0.059148,-0.080847,9.810426
1770803080.5080395,0.000493,-0.000481,-7e-05,-0.023235,-0.092818,9.805638
1770803080.5157063,0.000227,0.001117,0.000196,-0.010067,-0.090423,9.806835
1770803080.517821,0.00076,-0.002079,-0.000337,-0.032812,-0.101197,9.805637
1770803080.5264277,-0.000306,-0.001546,-0.000869,-0.067528,-0.104789,9.806835
1770803080.5279784,0.00076,-0.004742,-0.000337,-0.049572,-0.097606,9.811623
1770803080.533156,-0.000838,0.002715,-7e-05,-0.010067,-0.086832,9.811623
1770803080.5384252,-0.002436,0.004313,-0.000337,-0.002885,-0.096409,9.80444
1770803080.544419,-0.001371,0.001117,-0.000869,-0.030418,-0.095212,9.802046
1770803080.548094,0.000493,-0.00341,-0.000603,-0.057951,-0.098803,9.80444
1770803080.5558784,0.002091,-0.009802,-0.000337,-0.069925,-0.102395,9.81641
1770803080.5608697,-0.000306,-0.000481,-7e-05,-0.035206,-0.098803,9.810426
1770803080.563575,-0.002436,0.001916,-0.000603,-0.013658,-0.08803,9.798455
1770803080.5737092,0.001825,0.002449,0.000196,-0.019644,-0.095212,9.815214
1770803080.5738122,-0.000838,0.003514,-7e-05,-0.04598,-0.086832,9.815214
1770803080.5789635,0.001559,-0.004476,-0.000869,-0.044784,-0.089227,9.816411
1770803080.584107,-0.001105,5.2e-05,0.000196,-0.04598,-0.082044,9.815214
1770803080.5891116,0.001559,-0.002079,-0.000337,-0.01725,-0.08803,9.810426
1770803080.5954955,-0.000306,-0.000481,-7e-05,-0.014855,-0.095212,9.816411
1770803080.5989423,0.000227,0.000851,-7e-05,-0.024432,-0.090424,9.79606
1770803080.606797,0.000227,0.000851,0.000196,-0.049571,-0.1,9.797258
1770803080.6115632,0.001026,-0.002611,-0.000603,-0.049571,-0.091621,9.802046
1770803080.6227207,-0.001637,0.00378,0.001261,-0.044783,-0.090424,9.800848
1770803080.6238353,-0.001105,0.000584,-7e-05,-0.020841,-0.095212,9.803243
1770803080.62821,0.000227,-0.000214,-0.000603,-0.030418,-0.098803,9.805637
1770803080.6293895,0.001825,-0.006073,-0.000337,-0.044784,-0.094015,9.81641
1770803080.6368437,-0.000306,-0.001013,-7e-05,-0.050768,-0.082044,9.811623
1770803080.6394393,-0.000572,-0.001546,-0.000337,-0.034009,-0.086832,9.800849
1770803080.6482089,0.001026,-0.002611,-0.000337,-0.016053,-0.097606,9.805637
1770803080.64968,-3.9e-05,0.002715,-0.000603,-0.023235,-0.098803,9.802046
1770803080.654587,-0.000572,-0.001013,-0.000603,-0.049571,-0.104789,9.815214
1770803080.6595304,0.000227,-0.000481,-0.000337,-0.051965,-0.095212,9.811623
1770803080.6645765,-0.000306,0.001916,0.000729,-0.036403,-0.098803,9.821199
1770803080.67025,0.000493,-0.000214,-0.001136,-0.025629,-0.105986,9.811623
1770803080.675227,0.00076,-0.001812,-7e-05,-0.012461,-0.092818,9.802046
1770803080.6799037,-0.001637,0.002449,0.000729,-0.018447,-0.095212,9.811623
1770803080.6891658,-0.000838,0.000851,0.000462,-0.047177,-0.084438,9.811623
1770803080.6913044,0.000227,-0.001013,0.000196,-0.05436,-0.090424,9.820002
1770803080.695092,0.002091,-0.002611,0.000462,-0.028024,-0.092818,9.824791
1770803080.699846,0.002358,0.002182,-7e-05,-0.012461,-0.086832,9.799652
1770803080.707982,-0.002436,0.005378,0.000462,-0.020842,-0.083241,9.794863
1770803080.7099864,-0.001105,5.2e-05,-0.000869,-0.071119,-0.095212,9.798455
1770803080.7189806,0.001559,-0.008204,-0.000337,-0.073516,-0.091621,9.820001
1770803080.7211144,-0.000838,-0.001546,0.000462,-0.023235,-0.110774,9.806834
1770803080.7306926,-0.001903,0.005911,0.000729,0.001903,-0.098804,9.815213
1770803080.7310917,-0.000572,0.002182,0.000462,-0.012461,-0.1,9.808031
1770803080.7351663,-0.001371,0.001117,-0.000337,-0.048374,-0.096409,9.815214
1770803080.7413242,0.001292,-0.005274,-0.001136,-0.066332,-0.091621,9.816411
1770803080.7453892,-0.002436,0.002981,-7e-05,-0.049571,-0.095212,9.797257
1770803080.7507467,-0.003235,0.005378,0.000995,0.004297,-0.092818,9.784089
1770803080.7556627,-0.005366,0.010172,0.000729,-0.014859,-0.09282,9.805635
1770803080.7611442,0.000493,-0.003943,-0.000603,-0.060346,-0.101198,9.820002
1770803080.7655385,-0.000838,-0.001013,0.000196,-0.067528,-0.098803,9.830776
1770803080.7711422,0.000227,-0.002611,-0.000603,-0.032812,-0.109577,9.814017
1770803080.775686,-3.9e-05,0.000851,0.000462,0.003101,-0.085635,9.800849
1770803080.7813885,0.001026,0.00165,0.000196,-0.019644,-0.104789,9.800849
1770803080.786247,-0.000838,0.000584,-0.000603,-0.049571,-0.107183,9.803243
1770803080.792128,0.00289,-0.008204,-0.000603,-0.06753,-0.09641,9.817607
1770803080.7961898,-0.000306,-0.001013,0.000196,-0.050768,-0.089227,9.81282
1770803080.8010137,0.002358,-0.003943,-0.001402,-0.018447,-0.090424,9.79606
1770803080.8058286,0.000227,-0.001013,-0.000603,-0.012461,-0.086832,9.808031
1770803080.8116534,-0.002436,-0.000214,0.000196,-0.042389,-0.088029,9.814017
1770803080.8163147,0.000227,-0.005807,-0.000337,-0.044784,-0.105986,9.810425
1770803080.824487,-0.000838,5.2e-05,-0.000603,-0.041192,-0.091621,9.802046
1770803080.8332965,0.00076,-0.000214,-0.000337,-0.014855,-0.090424,9.820002
1770803080.8337317,0.001559,-0.002611,-7e-05,-0.020841,-0.074861,9.815214
1770803080.8359745,0.001292,-0.002345,-0.000603,-0.056754,-0.102395,9.814016
1770803080.8441105,0.000493,0.002449,0.000729,-0.048374,-0.084438,9.811622
1770803080.8462348,0.000227,0.002715,0.000196,-0.039995,-0.100001,9.805637
1770803080.8531911,0.001026,5.2e-05,0.000462,-0.025629,-0.091621,9.803243
1770803080.8568187,-0.001904,0.001916,0.000462,-0.024432,-0.102395,9.806834
1770803080.8627665,0.001825,-0.003677,0.000462,-0.032812,-0.107183,9.821199
1770803080.867089,-0.001637,5.2e-05,-0.000603,-0.034009,-0.095212,9.81282
1770803080.871488,0.000227,0.000851,-7e-05,-0.036403,-0.091621,9.81282
1770803080.8768697,-0.002969,0.005378,0.000196,-0.031616,-0.084439,9.799651
1770803080.8821533,0.000227,0.002449,0.000995,-0.028024,-0.092818,9.802046
1770803080.8869562,-0.001371,0.000851,-0.000337,-0.047177,-0.07965,9.80444
1770803080.8919454,0.00076,-0.001546,-7e-05,-0.04598,-0.084438,9.820002
1770803080.897218,-0.00217,0.001916,-0.000337,-0.039995,-0.115563,9.811622
1770803080.9022605,-0.000306,0.005644,0.000995,-0.020842,-0.103592,9.821199
1770803080.9075184,-0.001105,-0.000747,-7e-05,-0.020841,-0.100001,9.805637
1770803080.91249,0.000227,0.002715,-7e-05,-0.026827,-0.098803,9.810425
1770803080.9183333,-0.000306,0.000851,0.000196,-0.05436,-0.101198,9.810425
1770803080.925333,0.001559,-0.001546,0.000196,-0.059148,-0.090424,9.816411
1770803080.9293106,-0.001371,-0.001812,-7e-05,-0.036403,-0.101198,9.797257
1770803080.9352334,0.001292,0.00165,0.000462,-0.013658,-0.088029,9.797257
1770803080.9398668,-0.000306,0.002715,-0.000869,-0.028024,-0.084438,9.818805
1770803080.9427412,-3.9e-05,0.003248,-0.000337,-0.047178,-0.080847,9.803243
1770803080.9477391,0.001026,-0.003943,-0.000603,-0.063937,-0.101198,9.821199
1770803080.9529257,-0.000306,0.002715,0.000196,-0.032812,-0.090424,9.816411
1770803080.9578447,-0.001105,0.005644,0.001261,-0.00528,-0.097606,9.804439
1770803080.962756,-0.000572,0.00165,-7e-05,-0.018447,-0.080847,9.802046
1770803080.9701154,-0.000306,5.2e-05,-0.000603,-0.055557,-0.092818,9.808031
1770803080.9738808,0.00289,-0.006073,-0.000337,-0.069923,-0.103592,9.809227
1770803080.977979,0.00076,-0.000481,-0.000603,-0.047177,-0.08803,9.806834
1770803080.9830923,-0.001637,5.2e-05,-0.000603,-0.016053,-0.089227,9.81282
1770803080.9883482,0.001559,-0.002079,-0.001402,-0.013659,-0.090424,9.805637
1770803080.9938061,-0.00217,-0.000481,0.000196,-0.034009,-0.080847,9.812819
1770803080.9985144,0.001026,-0.00341,0.000729,-0.060346,-0.101198,9.80444
1770803081.0183625,0.00076,-0.002611,-0.000337,-0.037601,-0.102395,9.811622
1770803081.0193512,0.000493,-0.002345,0.000196,-0.00049,-0.089227,9.797257
1770803081.0195296,0.001559,0.00165,-0.000337,-0.006476,-0.094015,9.800848
1770803081.0199547,-3.9e-05,0.001117,-7e-05,-0.034009,-0.094015,9.80444
1770803081.046473,-0.001105,-0.00128,-0.000869,-0.079499,-0.091621,9.81282
1770803081.0471652,0.002091,-0.00341,-7e-05,-0.069922,-0.097607,9.812819
1770803081.0491664,0.000493,0.000318,-7e-05,-0.030418,-0.091621,9.809228
1770803081.0491989,0.000227,0.005911,0.000462,-0.004083,-0.086832,9.802045
1770803081.0502946,0.001292,0.00378,0.000462,-0.014856,-0.092818,9.809228
1770803081.0504074,-3.9e-05,-0.000215,-7e-05,-0.04598,-0.100001,9.80444
1770803081.0551257,-3.9e-05,-0.00128,0.000995,-0.059148,-0.10838,9.797257
1770803081.0612602,-0.001105,0.001916,0.000196,-0.022038,-0.100001,9.818805
1770803081.0650203,-3.9e-05,0.001916,-0.000337,0.001904,-0.100001,9.802046
1770803081.069278,0.001292,0.000318,0.000462,0.003101,-0.089227,9.798454
1770803081.07626,0.00076,0.001117,0.000462,-0.068725,-0.078453,9.802046
1770803081.0797915,-3.9e-05,-0.003943,-0.000337,-0.085485,-0.084438,9.818805
1770803081.086081,0.001825,-0.007405,-0.000603,-0.048376,-0.100001,9.814016
1770803081.089265,-0.001371,0.002981,-7e-05,-0.000491,-0.089227,9.800848
1770803081.096057,0.002624,-0.002611,-0.000869,0.000707,-0.089227,9.803242
1770803081.0999045,0.001825,-0.006073,-0.000869,-0.037602,-0.09641,9.815213
1770803081.1072578,-3.9e-05,-0.001014,-7e-05,-0.060345,-0.092818,9.815213
1770803081.1091788,0.002624,-0.001546,-7e-05,-0.050769,-0.107183,9.805637
1770803081.1165218,0.000227,0.000851,-0.000869,-0.023235,-0.095212,9.798454
1770803081.1213808,0.002091,0.000584,0.000729,-0.023235,-0.107183,9.808031
1770803081.1269922,-0.003235,0.004845,-0.000337,-0.057952,-0.101198,9.80803
1770803081.1301775,-0.002436,-0.00128,-0.001402,-0.059148,-0.109577,9.80444
1770803081.142251,0.001825,-0.003144,-0.000603,-0.037601,-0.097607,9.814016
1770803081.1423137,0.001825,-0.001546,-0.000337,-0.005279,-0.090424,9.804439
1770803081.1454623,-0.000572,0.002182,0.000196,-0.012462,-0.095212,9.808031
1770803081.154214,-0.000572,-0.002345,-0.000337,-0.04598,-0.102395,9.81641
1770803081.1548088,0.001026,0.00165,0.000196,-0.06274,-0.098804,9.829579
1770803081.1636052,0.001026,-0.00341,0.000729,-0.043586,-0.095212,9.809228
1770803081.164994,-0.00217,0.008574,0.000995,-0.005281,-0.082045,9.800847
1770803081.1728745,0.001292,0.00165,0.000462,-0.037601,-0.092818,9.820002
1770803081.1765063,-0.002436,0.004845,-7e-05,-0.068726,-0.110775,9.818804
1770803081.1800818,-0.000838,-0.00128,0.000462,-0.055557,-0.114366,9.829579
1770803081.185741,0.002091,-0.006872,-0.001136,-0.01366,-0.114366,9.804439
1770803081.1926825,-0.00217,0.006177,0.000462,0.005494,-0.086833,9.809227
1770803081.196499,-0.000838,0.004046,0.001261,-0.023236,-0.085636,9.804439
1770803081.2015975,-0.000838,-0.000747,0.000462,-0.039995,-0.084438,9.808031
1770803081.2134404,0.00076,0.000851,-7e-05,-0.051966,-0.092818,9.82479
1770803081.2136288,-3.9e-05,0.000318,0.000196,-0.016053,-0.090424,9.828382
1770803081.2158837,0.000493,0.003514,0.000196,-0.012462,-0.080847,9.814016
1770803081.2208037,0.003689,-0.00341,0.000196,-0.031615,-0.08803,9.806833
1770803081.2256682,0.003955,-0.006872,-0.001136,-0.061544,-0.094016,9.822395
1770803081.2327085,0.00076,-0.00128,-0.000337,-0.050769,-0.101198,9.817608
1770803081.2448323,0.00076,0.000584,0.000729,-0.012461,-0.10838,9.80444
1770803081.2448957,-0.002702,0.007509,0.000729,0.004296,-0.109578,9.806833
1770803081.2463267,0.000227,-0.000747,-0.000603,-0.024432,-0.100001,9.820002
1770803081.2509809,0.001026,0.002715,-7e-05,-0.051966,-0.102395,9.818805
1770803081.2587118,0.001292,-0.002878,-0.000869,-0.083091,-0.109578,9.815213
1770803081.2625937,0.001559,-0.003144,-7e-05,-0.036404,-0.103592,9.812819
1770803081.2670486,0.000493,-0.000747,-7e-05,0.001904,-0.085635,9.793666
1770803081.27119,0.001559,-0.003943,-0.000603,-0.008871,-0.098804,9.797257
1770803081.276346,-0.001105,0.004579,0.000462,-0.055558,-0.098804,9.809228
1770803081.2818904,0.002624,-0.00341,-7e-05,-0.079499,-0.094015,9.81641
1770803081.2871482,-0.0043,0.002449,-7e-05,-0.05436,-0.08803,9.827184
1770803081.2928329,0.002358,-0.004476,-0.001402,-0.004082,-0.089227,9.815213
1770803081.3017864,0.002358,0.001117,0.000462,-0.001687,-0.090424,9.790074
1770803081.3030996,-0.001371,0.005378,0.000196,-0.044784,-0.102395,9.812819
1770803081.3067355,-0.000306,-0.003677,-7e-05,-0.072317,-0.110775,9.800848
1770803081.3117933,0.003423,-0.009536,-0.000869,-0.068728,-0.102396,9.831971
1770803081.3188727,0.001559,-0.002878,0.000462,-0.000491,-0.094015,9.805637
1770803081.3220744,-3.9e-05,0.004046,0.000995,0.018663,-0.090424,9.800848
1770803081.327418,0.000493,0.00165,0.000729,-0.012461,-0.08803,9.810425
1770803081.33602,0.002091,0.001117,0.000462,-0.081893,-0.077256,9.791271
1770803081.3468695,0.001292,-0.001812,-0.000869,-0.109427,-0.07127,9.810425
1770803081.346922,0.001559,-0.002878,-0.001136,-0.104638,-0.066482,9.809228
1770803081.347797,-0.001371,0.004046,0.000196,-0.050769,-0.08803,9.805636
1770803081.3521776,-0.001904,0.006443,-7e-05,-0.006477,-0.098804,9.806833
1770803081.357183,0.002091,-0.004209,-0.001136,0.001903,-0.111972,9.803242
1770803081.3624063,-0.002436,0.003248,0.000995,-0.002885,-0.129928,9.805636
1770803081.3671527,-0.002702,0.005378,0.000462,0.0031,-0.129929,9.817607
1770803081.3725264,0.003156,-0.004476,0.000196,0.01986,-0.117958,9.814016
1770803081.3806674,0.001825,0.004313,0.001794,0.01148,-0.104789,9.827184
1770803081.3824434,-0.001105,0.004313,0.000462,-0.03401,-0.091621,9.820001
1770803081.3918262,0.002358,-0.002611,-7e-05,-0.083091,-0.072468,9.806833
1770803081.3929462,0.002358,-0.00128,-0.000603,-0.119004,-0.066482,9.796059
1770803081.4023292,-3.9e-05,-0.001546,-0.000603,-0.120201,-0.053314,9.799651
1770803081.4030557,-0.000572,-0.002345,-0.000869,-0.095062,-0.070073,9.803242
1770803081.4085376,0.001559,-0.001546,-7e-05,-0.038798,-0.091621,9.81641
1770803081.4201007,-0.001371,0.001916,0.000196,0.01986,-0.102395,9.806833
1770803081.420339,-0.000306,0.00378,0.000196,0.037816,-0.115563,9.818804
1770803081.4236996,-0.000572,0.002981,-0.000337,0.018663,-0.117957,9.812819
1770803081.4319055,-0.001637,0.001916,0.000462,-0.012462,-0.12514,9.812819
1770803081.4390996,-0.001105,0.005378,0.000729,-0.032813,-0.113169,9.814016
1770803081.439151,-0.000306,0.000851,0.000196,-0.034009,-0.113169,9.806834
1770803081.4497316,-0.000306,-0.00128,0.000462,-0.06274,-0.082044,9.821199
1770803081.4498022,0.004754,-0.008737,-0.001136,-0.105838,-0.073666,9.824788
1770803081.4546988,0.002624,-0.003943,-0.000337,-0.087879,-0.072468,9.820001
1770803081.4588246,-0.003235,0.005112,0.000462,-0.020842,-0.083242,9.817607
1770803081.467758,0.000227,0.001117,-0.000337,0.017466,-0.073665,9.79606
1770803081.4684095,0.001559,0.000318,0.000196,0.006692,-0.084438,9.803242
1770803081.4734523,0.001559,-0.000747,-0.000869,-0.030418,-0.095212,9.811622
1770803081.4784904,-0.001371,0.000584,0.000196,-0.050769,-0.101198,9.812819
1770803081.4851966,0.00076,-0.000215,-0.000869,-0.038798,-0.098804,9.817607
1770803081.4892669,0.000493,-0.00341,-0.001136,-0.031616,-0.100001,9.802045
1770803081.4986048,0.000227,-0.002345,-7e-05,-0.042389,-0.119154,9.812819
1770803081.4988084,-0.000572,0.001383,0.001261,-0.066331,-0.109578,9.806834
1770803081.5039518,-0.002969,0.003247,0.001261,-0.059149,-0.126337,9.805636
1770803081.509045,-0.002969,0.004046,0.000995,-0.029222,-0.09641,9.805636
1770803081.5166798,-0.001371,0.004046,-7e-05,-0.014856,-0.080847,9.81641
1770803081.5213,0.001026,-0.002878,-0.000603,-0.028024,-0.083241,9.81641
1770803081.5245142,-0.001904,0.001383,-0.000337,-0.071119,-0.082044,9.815213
1770803081.5326023,-0.001371,-0.002345,0.000196,-0.061543,-0.078453,9.814016
1770803081.534268,-0.000572,0.001916,-7e-05,-0.034009,-0.066482,9.791271
1770803081.5426023,0.001292,0.000318,-0.000869,0.006692,-0.08803,9.788877
1770803081.551438,0.00076,0.004313,-0.000337,-0.010068,-0.07965,9.806833
1770803081.55157,0.000227,0.003247,0.000196,-0.05436,-0.100001,9.82479
1770803081.5544896,-0.000838,-0.002878,0.000462,-0.074711,-0.107183,9.815213
1770803081.5593612,0.002624,-0.003677,-0.001402,-0.056755,-0.102395,9.823593
1770803081.5647416,-0.000306,-0.000747,-0.000337,-0.042389,-0.113169,9.811622
1770803081.5746303,0.002091,-0.004742,-0.000337,-0.016054,-0.110775,9.797256
1770803081.5761235,0.001825,0.001117,0.000729,-0.01725,-0.098804,9.799651
1770803081.5795608,0.00076,0.000851,-0.000337,-0.020841,-0.094015,9.808031
1770803081.5863829,-0.001371,0.002449,-0.000603,-0.035207,-0.083242,9.822396
1770803081.5904477,-0.001105,0.00165,-0.000603,-0.037601,-0.080847,9.81641
1770803081.5970604,-0.00217,0.00378,-7e-05,-0.048375,-0.083242,9.81641
1770803081.6001,0.001825,-0.000215,-7e-05,-0.055557,-0.072467,9.804439
1770803081.6052437,-0.000572,-0.000215,-0.000603,-0.049572,-0.076059,9.798454
1770803081.6135876,-0.001904,0.002715,0.000462,-0.060346,-0.089227,9.794862
1770803081.6151934,0.000227,-0.002878,-7e-05,-0.043586,-0.104789,9.797257
1770803081.620883,-3.9e-05,-0.001014,0.000995,-0.013659,-0.108381,9.823593
1770803081.6257398,0.00076,0.00165,0.000462,0.007889,-0.115563,9.817607
1770803081.6303878,-0.00217,0.004579,0.001261,-0.007674,-0.116761,9.834366
1770803081.6368146,0.001825,-0.003144,-0.000603,-0.035207,-0.090424,9.822395
1770803081.6448004,-0.000572,-0.000215,-7e-05,-0.056754,-0.090424,9.80803
1770803081.6542788,-0.000572,-0.000215,0.000196,-0.065134,-0.084439,9.814016
1770803081.6546068,-0.001105,0.005112,0.000462,-0.032813,-0.074862,9.79965
1770803081.6555195,-0.000572,0.000318,-0.000869,-0.023236,-0.085636,9.811622
1770803081.6628134,0.00076,-0.001014,-0.000337,-0.032812,-0.085636,9.806833
1770803081.6670194,0.000227,5.2e-05,0.000729,-0.043586,-0.102395,9.814016
1770803081.6714406,-0.001105,0.001117,0.000462,-0.026827,-0.097607,9.817607
1770803081.675752,0.004754,-0.005807,-0.001136,-0.031616,-0.094016,9.812818
1770803081.6812956,-0.00217,0.00378,0.000729,-0.032813,-0.092819,9.793665
1770803081.6859016,-0.001904,0.001117,-0.000337,-0.038798,-0.101198,9.797256
1770803081.6925309,0.000227,0.00165,-0.000337,-0.059149,-0.097607,9.80803
1770803081.6969535,0.001825,-0.001813,0.000462,-0.053163,-0.08803,9.81641
1770803081.7067282,-0.002969,0.005644,0.000196,-0.030419,-0.108381,9.818803
1770803081.7070286,-3.9e-05,0.000584,-7e-05,-0.030418,-0.104789,9.821198
1770803081.7110834,0.001825,-0.004742,-0.001934,-0.029222,-0.091621,9.802044
1770803081.7182956,0.00289,-0.003144,0.000196,-0.045981,-0.08803,9.802044
1770803081.72103,-3.9e-05,0.000851,0.000196,-0.051966,-0.089227,9.797256
1770803081.726709,0.001292,-0.001546,-0.000869,-0.042389,-0.101198,9.815213
1770803081.7315316,-3.9e-05,-0.000215,0.000196,-0.011265,-0.08803,9.814016
1770803081.7369907,-0.001105,0.002981,0.000995,-0.011265,-0.091621,9.806833
1770803081.7451863,-3.9e-05,-0.000747,-0.000337,-0.032812,-0.098804,9.809227
1770803081.7466114,0.00076,-0.001014,-7e-05,-0.063937,-0.105986,9.820001
1770803081.755043,0.001559,-0.002345,0.000196,-0.053163,-0.105987,9.815213
1770803081.759199,0.000227,0.00165,0.000462,-0.03401,-0.083241,9.80803
1770803081.761562,-0.001105,0.004313,0.000196,-0.018448,-0.100001,9.798453
1770803081.7682204,-0.000838,0.003247,-0.001136,-0.032813,-0.100001,9.812819
1770803081.771861,0.002357,5.2e-05,0.000995,-0.05436,-0.107184,9.814016
1770803081.7778373,0.002091,-0.002612,0.000462,-0.035207,-0.102395,9.821198
1770803081.7852497,0.000493,-0.00128,-0.000337,-0.016053,-0.100001,9.804439
1770803081.789875,0.000493,0.000584,-0.000603,-0.019644,-0.100001,9.812819
1770803081.7937717,0.00076,0.003514,0.000729,-0.049572,-0.080847,9.81641
1770803081.799068,-0.000306,0.000318,-7e-05,-0.078302,-0.082044,9.823593
1770803081.806457,0.002357,-0.00634,-7e-05,-0.065135,-0.09641,9.814015
1770803081.8123243,-3.9e-05,0.002981,0.000729,-0.016053,-0.092818,9.805636
1770803081.8125954,-0.003768,0.00884,0.000462,0.017463,-0.102396,9.81162
1770803081.817614,-0.004034,0.009905,0.001261,-0.000494,-0.091622,9.806831
1770803081.8222635,0.001292,-0.00341,-0.000603,-0.032813,-0.08803,9.803242
1770803081.8274293,-0.002436,0.006177,0.000995,-0.062741,-0.098804,9.815212
1770803081.8344195,0.002357,-0.005541,-0.000869,-0.05077,-0.08803,9.809227
1770803081.8383834,0.000493,-0.00128,0.000462,-0.02563,-0.094015,9.810424
1770803081.842598,0.00289,-0.003943,-0.000337,-0.031616,-0.080848,9.806833
1770803081.8492293,-0.000572,-0.000215,0.000196,-0.068725,-0.085636,9.803242
1770803081.8577175,-0.000572,0.000318,0.000196,-0.079499,-0.097607,9.827184
1770803081.8583114,0.00076,-0.003677,-0.000337,-0.044784,-0.104789,9.802044
1770803081.8631146,-0.001105,0.002182,-0.000337,0.007889,-0.101198,9.809227
1770803081.8711386,-0.003768,0.010704,0.000196,0.004294,-0.104791,9.798451
1770803081.8752785,0.000227,0.000318,0.000196,-0.038798,-0.092818,9.802045
1770803081.8788695,-0.003235,0.004313,0.001261,-0.067529,-0.091622,9.822395
1770803081.8830292,0.002357,-0.007672,-0.000603,-0.060348,-0.080848,9.814015
1770803081.8888192,-3.9e-05,-0.001014,0.000196,-0.01725,-0.080847,9.798453
1770803081.8936405,0.001825,0.000584,-0.000337,0.005495,-0.085636,9.804439
1770803081.8982208,-3.9e-05,0.000318,-0.000337,-0.047178,-0.084439,9.806833
1770803081.9051254,0.001292,-0.002345,-0.000337,-0.077105,-0.101198,9.823592
1770803081.9087694,0.001292,-0.003677,-0.000869,-0.050769,-0.084439,9.815212
1770803081.9132233,-0.003501,0.001117,-0.000603,-0.01725,-0.110775,9.800847
1770803081.9189837,-0.001904,0.004579,0.000462,-0.006477,-0.108381,9.811621
1770803081.923699,-3.9e-05,0.00378,0.000729,-0.018448,-0.101198,9.803241
1770803081.9288785,-0.002703,0.002715,0.000462,-0.060346,-0.10479,9.823592
1770803081.933782,-0.001105,-0.002079,-7e-05,-0.07112,-0.082044,9.833169
1770803081.9389896,0.001026,-0.006606,-0.000869,-0.047179,-0.091621,9.806832
1770803081.9433076,-3.9e-05,0.004579,0.000462,-0.014857,-0.086833,9.803241
1770803081.949472,-3.9e-05,0.005378,0.000995,-0.004083,-0.092818,9.79965
1770803081.9600437,0.00076,-0.004209,-7e-05,-0.04239,-0.080848,9.812818
1770803081.9611938,0.003423,-0.009003,-0.001402,-0.057954,-0.089228,9.80324
1770803081.964508,0.001292,-0.00128,-7e-05,-0.039995,-0.100001,9.823592
1770803081.969105,0.001559,-0.000747,-7e-05,-0.012462,-0.100001,9.818804
1770803081.9739358,0.002091,0.001117,0.000462,-0.004082,-0.086833,9.810424
1770803081.9791164,0.001825,0.000584,-0.000337,-0.035207,-0.107184,9.805636
1770803081.9838614,-3.9e-05,-0.002345,-7e-05,-0.065134,-0.100001,9.79965
1770803081.9892695,-0.001637,-0.000747,0.000196,-0.074711,-0.095213,9.806833
1770803081.997456,0.001292,-0.002345,-7e-05,-0.032813,-0.098804,9.814015
1770803081.999754,-0.000838,0.002981,-7e-05,0.006692,-0.085636,9.820001
1770803082.0062387,0.001559,-0.000481,0.000462,-0.013659,-0.08803,9.798453
1770803082.0102193,0.001559,0.001383,-7e-05,-0.047178,-0.078453,9.818804
1770803082.0143023,0.000493,-0.003144,-0.000603,-0.06274,-0.090424,9.809227
1770803082.0202398,-0.001904,0.001383,0.000196,-0.020842,-0.084439,9.810424
1770803082.0275233,0.001292,0.000851,-0.000603,-0.000491,-0.076059,9.798453
1770803082.0297234,0.001825,-0.001014,-0.000869,-0.014856,-0.089227,9.80803
1770803082.036427,0.002357,-0.006606,-0.001135,-0.042391,-0.103593,9.816409
1770803082.0403745,0.001292,-0.003411,-7e-05,-0.057952,-0.098804,9.825986
1770803082.0465038,0.001825,-0.002079,-7e-05,-0.041192,-0.090424,9.810424
1770803082.0551777,0.00076,0.001383,-7e-05,-0.028024,-0.085636,9.798453
1770803082.0644467,0.002624,0.001383,0.000462,-0.03401,-0.102395,9.797256
1770803082.0652204,-0.000838,0.001916,0.000196,-0.036404,-0.095213,9.802044
1770803082.0653372,0.000493,0.000584,0.000196,-0.035207,-0.090424,9.815213
1770803082.072371,-0.001904,5.2e-05,0.000196,-0.014856,-0.097607,9.818804
1770803082.0750237,0.001559,-0.005807,-0.001135,-0.04239,-0.092819,9.811621
1770803082.0809095,0.002091,-0.003411,0.000196,-0.045981,-0.08803,9.816409
1770803082.085773,0.001292,-0.004742,0.000462,-0.031616,-0.091622,9.80803
1770803082.0919757,0.00076,0.000584,-7e-05,-0.039995,-0.09641,9.792468
1770803082.0949044,0.002091,5.2e-05,0.000462,-0.028024,-0.092818,9.804439
1770803082.1006577,0.004488,-0.00128,-0.000337,-0.028024,-0.094016,9.80803
1770803082.1099093,0.00289,-0.002345,0.000462,-0.03401,-0.094016,9.817607
1770803082.1105638,-0.000572,0.003247,0.000462,-0.036404,-0.108381,9.822395
1770803082.118366,0.000493,-0.001546,0.000196,-0.029221,-0.09641,9.820001
1770803082.1208985,0.00076,-0.000747,0.000196,-0.020841,-0.100001,9.803241
1770803082.1262336,-0.000838,0.002448,-0.000603,-0.029221,-0.085636,9.798453
1770803082.1320035,0.000493,0.000318,-7e-05,-0.055557,-0.091621,9.80803
1770803082.135876,0.001026,-0.001813,-0.000337,-0.055558,-0.095213,9.802044
1770803082.1420786,0.001825,-0.000481,0.000729,-0.030418,-0.092818,9.812818
1770803082.1460218,0.000227,-0.000215,0.000196,-0.031615,-0.094016,9.829578
1770803082.1540802,0.00076,0.000318,-7e-05,-0.018447,-0.094016,9.805636
1770803082.15806,0.001559,-0.000215,-7e-05,-0.03401,-0.101198,9.79965
1770803082.1646645,0.00076,-0.001014,0.000196,-0.056755,-0.104789,9.796059
1770803082.1660907,-3.9e-05,-0.001546,-0.000337,-0.045981,-0.092818,9.811621
1770803082.1734285,0.000493,0.000584,0.000196,-0.022039,-0.095213,9.809227
1770803082.1761599,0.002357,-0.002612,-0.000603,-0.006477,-0.084439,9.816409
1770803082.1812475,0.001026,0.00085,-7e-05,-0.022039,-0.094016,9.808029
1770803082.1864796,-3.9e-05,-0.002079,-7e-05,-0.056755,-0.085636,9.809226
1770803082.1920254,0.002091,-0.002878,-0.001135,-0.060346,-0.090425,9.793664
1770803082.196765,-0.000306,-0.002612,-0.000337,-0.037601,-0.101198,9.808029
1770803082.2025173,0.001825,0.000318,-0.000603,-0.002885,-0.097607,9.79965
1770803082.2067335,0.002091,0.001649,-0.000869,-0.011265,-0.089227,9.809226
1770803082.211797,-3.9e-05,-0.000215,0.000462,-0.057952,-0.101198,9.811621
1770803082.2165058,0.00076,-0.001546,-0.000337,-0.065134,-0.098804,9.815212
1770803082.2231736,-0.001904,0.002981,0.000729,-0.043587,-0.097607,9.818803
1770803082.2269335,-0.000306,0.000584,-0.001135,0.0031,-0.091621,9.809227
1770803082.232068,0.00076,0.004313,0.000462,-0.000492,-0.085636,9.792467
1770803082.2371411,-0.003235,0.00085,-7e-05,-0.05436,-0.094016,9.810423
1770803082.2445734,-0.000306,-0.00128,-0.000337,-0.078303,-0.100001,9.818803
1770803082.2483726,-0.001637,0.002981,-7e-05,-0.045981,-0.09641,9.82
1770803082.252308,0.002624,-0.006606,-0.001135,-0.002887,-0.089228,9.815211
1770803082.2581,0.000227,0.003514,-7e-05,0.01148,-0.095213,9.803241
1770803082.2669613,0.001026,-0.001014,0.000462,-0.03401,-0.100001,9.814015
1770803082.2687054,-0.001105,-0.001014,0.000196,-0.084288,-0.105987,9.823592
1770803082.2725747,-0.001904,-0.001014,0.000729,-0.072317,-0.102395,9.812818
1770803082.2778416,-0.000306,0.001916,0.000196,-0.020842,-0.072468,9.811621
1770803082.2824616,0.00076,0.004313,0.000729,-0.000492,-0.082044,9.800847
1770803082.2875836,0.001292,-0.001813,-0.000337,-0.018448,-0.082045,9.810424
1770803082.2956817,0.002091,-0.005541,-0.000603,-0.072318,-0.09641,9.81162
1770803082.2989676,-0.001904,-0.000215,-0.000337,-0.083091,-0.089227,9.802044
1770803082.303203,-0.002436,5.2e-05,-0.000337,-0.038798,-0.100001,9.809226
1770803082.3075607,0.001825,-0.000215,0.000462,0.012677,-0.101198,9.816409
1770803082.3130045,0.003955,-0.004476,0.000196,-0.011265,-0.092819,9.805635
1770803082.321727,-0.000306,5.2e-05,0.000462,-0.043587,-0.080848,9.823592
1770803082.3232765,0.001026,-0.004476,-0.000603,-0.060347,-0.090424,9.809226
1770803082.3307512,-0.002436,0.00085,-7e-05,-0.05436,-0.086833,9.806832
1770803082.3331628,-0.001371,0.002182,-0.000603,-0.014856,-0.076059,9.793664
1770803082.3382223,-0.000572,0.001649,-7e-05,-0.01725,-0.082045,9.808029
1770803082.3434315,-3.9e-05,-0.00128,0.000196,-0.041192,-0.097607,9.806832
1770803082.348327,-0.000838,0.001649,-7e-05,-0.055558,-0.097607,9.824789
1770803082.3538654,0.00076,-0.001546,-0.000337,-0.048375,-0.095213,9.816409
1770803082.362742,0.001559,0.001383,0.000729,-0.026827,-0.105987,9.808029
1770803082.3725204,-0.002703,0.008041,0.000729,-0.025632,-0.102396,9.791269
1770803082.3725905,-0.002436,0.003247,-0.000603,-0.036404,-0.097607,9.815212
1770803082.3733566,-0.001105,0.001383,0.000196,-0.038798,-0.100001,9.811621
1770803082.380652,0.001825,-0.003677,-7e-05,-0.049572,-0.092819,9.82
1770803082.3845086,-0.000306,0.000318,0.000462,-0.019645,-0.094016,9.817606
1770803082.3887038,0.000227,-0.002345,0.000196,-0.001688,-0.092819,9.809226
1770803082.3950784,-0.003768,0.004845,0.000729,-0.026828,-0.095213,9.80324
1770803082.3996625,-3.9e-05,0.001916,-7e-05,-0.037601,-0.094016,9.800847
1770803082.4052377,-0.000306,-0.00128,-0.000337,-0.053163,-0.09641,9.821198
1770803082.409125,-0.000838,0.001117,-0.000337,-0.042389,-0.095213,9.811621
1770803082.4140584,-0.002703,0.006443,0.000995,-0.031617,-0.103593,9.812817
1770803082.419712,-0.001904,0.004046,0.000462,-0.028025,-0.097607,9.82
1770803082.425087,-0.000572,-0.002345,-0.001402,-0.036404,-0.091621,9.803241
1770803082.4292345,-3.9e-05,-0.001014,0.000729,-0.050769,-0.10479,9.811621
1770803082.434621,-0.002436,0.001117,-0.000869,-0.050769,-0.092819,9.796058
1770803082.4401028,-0.001371,0.000584,-7e-05,-0.026827,-0.09641,9.808029
1770803082.44831,0.003156,-0.006074,-0.000336,-0.007675,-0.079651,9.816408
1770803082.4495013,0.000759,0.002448,0.000462,-0.023236,-0.085636,9.818803
1770803082.4559517,-0.001105,-0.002612,-7e-05,-0.05077,-0.095213,9.816409
1770803082.4613752,-0.000572,0.001383,0.000196,-0.060346,-0.085636,9.799649
1770803082.472231,-0.000572,-0.004742,-0.001135,-0.038799,-0.091621,9.792466
1770803082.4723158,0.000493,0.00085,-0.000869,-0.019645,-0.09641,9.812818
1770803082.4756753,0.000227,5.1e-05,-7e-05,-0.014856,-0.094016,9.804438
1770803082.480301,0.000759,0.002182,0.000196,-0.028025,-0.107184,9.835562
1770803082.4854188,-3.9e-05,0.001649,-0.000336,-0.049572,-0.089227,9.821197
1770803082.4897552,-0.003235,0.004579,0.000196,-0.053164,-0.092819,9.814014
1770803082.4985728,-0.001637,-0.000748,-0.000603,-0.032813,-0.103593,9.812818
1770803082.501646,0.001026,-0.002612,0.000196,-0.014857,-0.090425,9.799649
1770803082.5062535,-3.9e-05,0.001117,0.000196,-0.020842,-0.086833,9.802044
1770803082.5104191,-0.000572,-0.000748,-0.000336,-0.036404,-0.080848,9.810423
1770803082.5151832,0.001026,0.000584,0.000196,-0.060346,-0.089227,9.812818
1770803082.5211608,-0.003768,0.005111,-7e-05,-0.065135,-0.103593,9.816408
1770803082.525178,0.000493,-0.003144,0.000196,-0.029222,-0.091622,9.814014
1770803082.5301032,-0.004301,0.008574,-7e-05,-0.002888,-0.091623,9.804436
1770803082.5355186,0.001026,0.003514,-0.000336,-0.017251,-0.10479,9.810423
1770803082.5416765,-0.003502,0.003247,0.000196,-0.055558,-0.088031,9.806832
1770803082.5461004,0.000227,-0.000215,-0.000336,-0.067529,-0.095213,9.81162
1770803082.5501752,0.000227,5.1e-05,-7e-05,-0.041193,-0.086833,9.817606
1770803082.5573263,0.002091,-0.00634,-0.001135,-0.042391,-0.085636,9.808028
1770803082.5639465,-0.00217,-0.000481,-0.001402,-0.030419,-0.09641,9.806832
1770803082.5672984,-0.001637,0.002182,-7e-05,-0.038798,-0.098804,9.796058
1770803082.5747862,0.000227,0.002448,0.000462,-0.039996,-0.103593,9.810423
1770803082.5775871,-0.001105,0.002448,0.000729,-0.02563,-0.10479,9.797255
1770803082.581383,-0.002436,0.006709,0.000995,-0.016055,-0.109579,9.809225
1770803082.5861993,-0.00217,0.004579,-0.000336,-0.024434,-0.098805,9.812817
1770803082.5917804,0.000227,-0.001813,-0.000603,-0.030419,-0.074862,9.823591
1770803082.5960374,0.000759,-0.003943,-0.000603,-0.057952,-0.086833,9.796058
1770803082.601694,-0.001371,-0.001813,-7e-05,-0.053164,-0.084439,9.809226
1770803082.606119,0.001558,-0.004742,-0.000869,-0.049573,-0.086833,9.796058
1770803082.6122031,0.003689,-0.00634,-0.000603,-0.023237,-0.097608,9.800846
1770803082.6163356,-0.001637,0.002182,-0.000603,-0.010068,-0.092819,9.809226
1770803082.621496,-0.000306,0.002448,0.000196,-0.029222,-0.092819,9.806832
1770803082.6262238,-0.001637,0.001649,-0.000603,-0.048375,-0.105987,9.809226
1770803082.6314201,0.004754,-0.011933,-0.001402,-0.049577,-0.100003,9.806829
1770803082.6365757,0.001292,-0.002345,0.000196,-0.031616,-0.105987,9.81162
1770803082.6417816,-3.9e-05,0.002182,-7e-05,-0.008871,-0.103593,9.796058
1770803082.6489055,-0.000838,0.005111,0.000462,-0.034011,-0.083242,9.809226
1770803082.655625,-3.9e-05,-0.003677,-0.000869,-0.051967,-0.089227,9.814014
1770803082.657122,-0.000306,-0.003144,-0.000336,-0.061544,-0.073665,9.822394
1770803082.666464,0.000493,-0.002079,-0.000603,-0.048375,-0.101198,9.815212
1770803082.668283,-0.001371,0.002981,-0.000336,-0.011265,-0.078454,9.794861
1770803082.6777432,-0.001904,0.004845,-7e-05,-0.01366,-0.086834,9.797255
1770803082.6787174,-0.001637,0.001117,-0.000603,-0.02563,-0.095213,9.804438
1770803082.6821048,-3.9e-05,0.001383,-0.000336,-0.049572,-0.105987,9.815212
1770803082.6870587,-0.000306,0.001916,0.000729,-0.051967,-0.105987,9.821197
1770803082.6935868,-3.9e-05,0.000584,0.000462,-0.03401,-0.094016,9.815212
1770803082.7004936,0.001292,0.001649,-7e-05,-0.028024,-0.100001,9.798452
1770803082.7038558,-0.001105,0.001383,-0.000336,-0.037601,-0.108381,9.805635
1770803082.708022,-0.001637,0.004579,0.000729,-0.05077,-0.095213,9.802043
1770803082.7122753,0.000227,0.00085,0.000462,-0.044784,-0.101198,9.802044
1770803082.7192342,-0.001904,5.1e-05,-7e-05,-0.03401,-0.086833,9.810423
1770803082.7235227,-0.00217,0.002182,-0.000336,-0.012462,-0.08803,9.812817
1770803082.7276833,0.002624,-0.005009,-7e-05,-0.018448,-0.088031,9.821197
1770803082.737245,-3.9e-05,-0.00128,-0.000336,-0.047178,-0.079651,9.815212
1770803082.738654,0.000227,0.000584,0.000196,-0.047178,-0.083242,9.793664
1770803082.7439773,0.001558,-0.005541,-0.000603,-0.032814,-0.101199,9.80324
1770803082.7511303,-3.9e-05,0.001117,0.000196,-0.026827,-0.091622,9.802044
1770803082.753059,0.002357,-0.003677,-0.000336,-0.025631,-0.10479,9.799649
1770803082.760061,0.001026,-0.002612,-0.000336,-0.03401,-0.110775,9.816409
1770803082.7653184,0.003955,-0.006074,-7e-05,-0.034011,-0.116762,9.816408
1770803082.7699978,0.001026,-0.002345,-7e-05,-0.023236,-0.101198,9.809226
1770803082.778962,-0.001105,0.004845,0.000462,-0.024434,-0.086833,9.810423
1770803082.7798734,0.000759,-0.001014,-0.000336,-0.035207,-0.089227,9.793664
1770803082.782961,0.000227,-0.000215,-7e-05,-0.07112,-0.085636,9.800847
1770803082.7880733,0.001026,-0.001546,-7e-05,-0.091471,-0.08803,9.802044
1770803082.7929611,0.000227,-0.000748,-0.000869,-0.07112,-0.092819,9.81162
1770803082.7982767,-3.9e-05,-0.004742,-0.000603,-0.04239,-0.089227,9.800846
1770803082.805017,0.000759,-0.003411,-0.000336,-0.018448,-0.098804,9.804437
1770803082.8090801,-0.001637,0.002715,-0.000336,-0.002886,-0.094016,9.82
1770803082.814193,-0.000572,0.001649,0.000729,-0.00528,-0.114367,9.809226
1770803082.8186133,-0.003235,0.008307,0.000995,0.000703,-0.111973,9.824787
1770803082.8266907,-0.003502,0.009106,0.000995,-0.00648,-0.098805,9.808027
1770803082.829022,0.000493,0.001117,0.000729,-0.017251,-0.084439,9.800846
1770803082.8347807,-0.001904,0.003514,-7e-05,-0.05077,-0.079651,9.809226
1770803082.838994,0.001558,-0.000215,-7e-05,-0.092668,-0.082045,9.808029
1770803082.8440685,0.001825,-0.002079,0.000196,-0.093865,-0.077257,9.802043
1770803082.8489652,-0.000306,0.001649,0.000196,-0.074712,-0.085636,9.80324
1770803082.8543859,0.001026,-0.003677,-0.001135,-0.043587,-0.092819,9.806831
1770803082.8586755,0.003423,-0.007405,-0.000869,-0.006479,-0.098805,9.804436
1770803082.8638718,0.00289,-0.007938,-0.000603,-0.002888,-0.100002,9.822393
1770803082.87244,-0.000572,0.001649,-0.001135,-0.00528,-0.108381,9.806832
1770803082.8816757,-0.002969,0.005378,-7e-05,-0.012463,-0.119156,9.825985
1770803082.881747,0.002091,-0.003411,0.000462,-0.032813,-0.115564,9.814014
1770803082.8856924,0.002624,-0.002612,-0.000336,-0.043587,-0.079651,9.81162
1770803082.8918455,-0.001637,0.006177,0.000462,-0.065136,-0.084439,9.800846
1770803082.8946018,-0.001371,0.00085,0.000196,-0.056755,-0.090425,9.81162
1770803082.8994203,0.000227,5.1e-05,-0.000336,-0.07112,-0.079651,9.804438
1770803082.9042475,0.001558,-0.003943,-0.000336,-0.044785,-0.077257,9.802043
1770803082.9097397,0.001558,-0.00128,-0.000603,-0.017251,-0.08803,9.812817
1770803082.9146845,-0.001371,0.005378,0.000196,-0.020843,-0.094016,9.808028
1770803082.9206653,-0.000306,0.002981,0.000462,-0.016054,-0.090425,9.814014
1770803082.9245183,-0.00217,0.004046,0.000729,-0.012463,-0.092819,9.816408
1770803082.930124,0.000227,5.1e-05,-7e-05,-0.019645,-0.082045,9.802043
1770803082.936931,-0.000838,0.005378,-7e-05,-0.01366,-0.108381,9.819999
1770803082.9402878,-4e-05,-0.002079,-7e-05,-0.045981,-0.102396,9.806832
1770803082.9480603,-0.000572,0.002182,0.000995,-0.044784,-0.102396,9.804437
1770803082.9497726,0.001825,-0.000748,0.000462,-0.037601,-0.103593,9.797255
1770803082.9561942,0.000493,-0.000215,0.000462,-0.031616,-0.091622,9.796058
1770803082.9600542,0.000227,0.001117,0.000196,-0.030419,-0.080848,9.809226
1770803082.9648085,0.001026,0.00378,0.000995,-0.048376,-0.079651,9.81162
1770803082.9735093,0.000759,0.002182,-7e-05,-0.045981,-0.080848,9.821197
1770803082.9753954,-0.00217,0.001383,-0.001402,-0.048375,-0.079651,9.823591
1770803082.9850056,-0.002703,0.002981,-0.001135,-0.03401,-0.088031,9.796057
1770803082.9850686,-0.001904,0.004845,0.000196,-0.007675,-0.079651,9.798451
1770803082.9932475,-0.001637,0.004046,-7e-05,-0.020843,-0.09641,9.80324
1770803082.995264,-0.000306,0.00378,-0.000336,-0.043588,-0.103593,9.827182
1770803083.0005255,-4e-05,0.00378,0.000462,-0.055559,-0.098804,9.833168
1770803083.0092263,0.002357,-0.002878,0.000196,-0.044784,-0.098805,9.84035
1770803083.0105543,0.000227,0.002715,0.000462,-0.037602,-0.090425,9.824788
1770803083.016021,-0.000572,0.005644,-0.000336,-0.014858,-0.101199,9.808028
1770803083.023665,0.001825,0.001383,-7e-05,-0.004083,-0.086833,9.800846
1770803083.025366,-0.00217,0.005644,0.000729,-0.025632,-0.08444,9.80324
1770803083.0308845,-0.001371,0.00591,-7e-05,-0.03042,-0.090425,9.811619
1770803083.035685,0.004488,-0.006074,0.000196,-0.039997,-0.100002,9.818802
1770803083.041215,-0.001904,0.008573,0.001261,-0.044787,-0.094016,9.786479
1770803083.0480678,-0.000838,0.00378,0.000462,-0.048376,-0.094016,9.792466
1770803083.051356,-0.000306,0.001383,-0.000603,-0.055558,-0.088031,9.793663
1770803083.0565376,0.001825,0.000318,0.000196,-0.049573,-0.094016,9.830774
1770803083.0620468,0.000493,0.005644,0.000196,-0.0388,-0.094016,9.837956
1770803083.0679731,0.001825,-0.004476,-0.000869,-0.039996,-0.097608,9.825985
1770803083.0732646,0.001825,5.1e-05,-0.000603,-0.024433,-0.098804,9.809226
1770803083.0789814,0.000227,-0.001014,-0.000603,-0.022039,-0.079651,9.788875
1770803083.086029,0.002624,5.1e-05,0.000462,-0.017251,-0.097607,9.802043
1770803083.0912824,0.003423,-0.002612,-7e-05,-0.036405,-0.098805,9.81162
1770803083.091512,0.001558,-0.001014,-7e-05,-0.051967,-0.09641,9.812817
1770803083.0962076,-0.001637,0.006177,-0.000336,-0.053165,-0.089228,9.824787
1770803083.1020365,0.002357,-0.000748,0.000196,-0.039996,-0.094016,9.824788
1770803083.1084702,-0.001637,0.008307,0.000462,-0.045984,-0.096411,9.828378
1770803083.112124,0.002357,0.001117,0.000995,-0.047178,-0.108381,9.808029
1770803083.1167977,-4e-05,0.005111,0.000462,-0.032814,-0.097607,9.827182
1770803083.1219099,0.003423,-0.001813,0.000462,-0.028025,-0.105987,9.764933
1770803083.1274903,-0.001371,0.005111,0.000196,-0.020843,-0.097608,9.80324
1770803083.131975,-0.000306,5.1e-05,-0.001135,-0.023236,-0.079651,9.827182
1770803083.1396618,-0.000572,0.004046,0.000995,-0.057953,-0.100002,9.804437
1770803083.142154,0.001825,-0.00634,-0.000603,-0.061545,-0.097608,9.817605
1770803083.1500416,0.001292,0.001649,-7e-05,-0.04239,-0.083242,9.806831
1770803083.1519308,-0.000306,-0.00128,-7e-05,-0.03401,-0.080848,9.791269
1770803083.1572008,0.000493,0.003247,0.000462,-0.047179,-0.091622,9.767327
1770803083.1654,0.001292,-0.00128,-0.000603,-0.039996,-0.102396,9.800846
1770803083.1670055,0.003156,-0.004742,-0.000869,-0.029223,-0.08444,9.828379
1770803083.173822,0.000759,0.00085,0.000729,-0.039996,-0.120352,9.836759
1770803083.1778724,-0.001904,0.005644,0.000729,-0.024435,-0.091622,9.812816
1770803083.1920798,-0.002969,0.008041,0.000462,-0.030421,-0.096411,9.805633
1770803083.1926303,-0.000306,5.1e-05,-7e-05,-0.041193,-0.077257,9.78289
1770803083.1932106,0.000227,-0.000215,-0.000336,-0.045981,-0.097607,9.754159
1770803083.1975284,0.000493,0.001649,0.000196,-0.03401,-0.095213,9.815211
1770803083.204908,0.000493,-0.002345,0.000196,-0.048376,-0.09641,9.800846
1770803083.2083523,-0.000306,0.001916,-0.000336,-0.037602,-0.090425,9.817605
1770803083.213859,0.000493,-0.001813,-0.000603,-0.055558,-0.090425,9.834365
1770803083.2181234,0.001026,0.000318,0.000462,-0.045981,-0.091622,9.806832
1770803083.2263737,-0.000838,0.001916,0.000196,-0.032813,-0.086833,9.814014
1770803083.2290514,-0.000306,-0.000481,-0.000336,-0.019645,-0.092819,9.793663
1770803083.2332237,0.000759,0.000318,0.000729,-0.031616,-0.083242,9.790072
1770803083.2387602,0.00289,-0.002878,-0.000336,-0.039996,-0.080848,9.810423
1770803083.2432442,-0.000839,0.004845,0.000729,-0.034011,-0.100002,9.84035
1770803083.249666,0.000759,0.001916,-7e-05,-0.032813,-0.111973,9.808028
1770803083.2546132,-0.001371,0.00378,0.000462,-0.023237,-0.108381,9.808028
1770803083.2584865,-0.001904,0.005644,0.000729,-0.017252,-0.103593,9.790071
1770803083.2640476,0.001558,-0.005275,-0.000336,-0.043588,-0.091622,9.804437
1770803083.268765,-0.004034,0.002981,-0.000336,-0.039996,-0.100002,9.800845
1770803083.2734683,-0.001105,0.004046,0.000995,-0.036405,-0.084439,9.810422
1770803083.2818923,0.001026,-0.00128,0.000196,-0.035208,-0.095213,9.816408
1770803083.2932749,-0.000572,0.000318,-0.001135,-0.039996,-0.072468,9.822394
1770803083.2939713,0.000493,-0.001014,-0.000336,-0.043587,-0.086834,9.805634
1770803083.294254,-0.001637,0.00378,-7e-05,-0.031617,-0.062892,9.800846
1770803083.2986293,-0.002703,0.004845,0.000462,-0.036405,-0.086834,9.800845
1770803083.3048344,0.000759,-0.001813,0.000196,-0.028025,-0.097607,9.805634
1770803083.3093727,0.001558,-0.002079,-0.000603,-0.041193,-0.088031,9.816408
1770803083.3143992,-0.00217,0.00591,0.000196,-0.045983,-0.119156,9.82359
1770803083.3189998,-0.002969,0.006177,-0.000336,-0.050771,-0.108382,9.812816
1770803083.3247998,-4e-05,0.004579,0.000462,-0.042391,-0.102396,9.804437
1770803083.33157,-0.000839,-0.001014,-0.000869,-0.043587,-0.09641,9.810423
1770803083.3357384,0.000227,0.000318,0.000462,-0.031616,-0.09641,9.796057
1770803083.3395398,0.001292,0.001383,0.000995,-0.038799,-0.09641,9.818802
1770803083.3447213,0.000759,0.003247,0.000462,-0.032814,-0.088031,9.809225
1770803083.3499293,-0.001371,-0.000215,-0.000336,-0.028025,-0.083242,9.812817
1770803083.3544185,-0.004833,0.008573,0.000462,-0.032816,-0.085638,9.817604
1770803083.3601358,-0.000572,-0.000481,-0.000869,-0.043587,-0.077257,9.805634
1770803083.3648226,-0.002436,0.00085,-7e-05,-0.035207,-0.084439,9.798452
1770803083.3706834,0.003423,-0.002346,0.000196,-0.034011,-0.089228,9.80324
1770803083.3774242,-0.001637,0.002981,0.000462,-0.041193,-0.086834,9.812817
1770803083.38114,0.001825,-0.005541,0.000196,-0.04718,-0.100002,9.822393
1770803083.3855214,0.000227,-0.003411,-0.000603,-0.039996,-0.100002,9.816408
1770803083.394075,-0.000572,-0.000748,0.000462,-0.037602,-0.090425,9.804437
1770803083.39614,0.000227,-0.001547,-7e-05,-0.041193,-0.086834,9.808028
1770803083.401035,0.001825,-0.006607,-0.000603,-0.026829,-0.089228,9.796057
1770803083.40664,0.002091,-0.00421,-0.000869,-0.031617,-0.090425,9.80324
1770803083.4116645,0.001026,0.002448,0.000729,-0.019645,-0.084439,9.809225
1770803083.4154763,-0.000839,0.002182,-7e-05,-0.031616,-0.080848,9.804437
1770803083.420437,-0.002969,0.001117,-0.000603,-0.051967,-0.078454,9.800846
1770803083.4255872,-0.000306,0.00085,-0.000336,-0.051967,-0.079651,9.817605
1770803083.4341285,-0.001371,-0.001014,-0.000603,-0.049573,-0.07606,9.806831
1770803083.4350502,-0.002703,0.012568,0.000995,-0.037607,-0.080849,9.806829
1770803083.444515,0.001026,0.002448,0.000995,-0.032814,-0.092819,9.808028
1770803083.4464605,-4e-05,-0.000748,-0.000603,-0.041193,-0.091622,9.806831
1770803083.4552019,-0.000306,-0.003144,-0.001402,-0.037602,-0.095213,9.806831
1770803083.4560156,-0.000306,0.003513,0.000729,-0.023237,-0.103593,9.804437
1770803083.4627159,-4e-05,-0.000215,-0.000336,-0.011265,-0.108381,9.812817
1770803083.466431,0.001825,-0.001547,0.000196,-0.032813,-0.088031,9.806831
1770803083.4710789,0.001292,-0.002878,-7e-05,-0.047179,-0.095213,9.808028
1770803083.4764197,-0.001105,0.002981,-7e-05,-0.048376,-0.092819,9.827182
1770803083.4812286,0.001026,-0.002346,-7e-05,-0.056755,-0.085637,9.816408
1770803083.4864414,0.001558,-0.003411,-0.000869,-0.051967,-0.089228,9.806831
1770803083.4965796,-0.000839,0.002981,0.000729,-0.044785,-0.07606,9.791269
1770803083.496892,-4e-05,-0.00128,-0.001135,-0.036405,-0.094016,9.796057
1770803083.5008214,0.000759,-0.000748,0.000995,-0.029222,-0.084439,9.799649
1770803083.5092106,-0.004034,0.005111,0.000196,-0.024434,-0.097608,9.811619
1770803083.5132232,-0.001371,0.001916,-0.001135,-0.036405,-0.088031,9.814014
1770803083.5166152,0.001825,-0.001813,0.000196,-0.031616,-0.080848,9.815211
1770803083.5210643,0.00289,-0.002079,0.000196,-0.032814,-0.10479,9.818802
1770803083.526257,-4e-05,0.001117,0.000196,-0.038799,-0.090425,9.79486
1770803083.5312905,-0.000572,-0.00128,-7e-05,-0.034011,-0.098805,9.788875
1770803083.5364919,0.001558,-0.00421,-0.000336,-0.032814,-0.092819,9.805634
1770803083.5414164,0.002624,-0.00421,-0.001135,-0.029223,-0.094017,9.812816
1770803083.548556,0.001292,-0.001547,-0.000336,-0.028025,-0.095213,9.821196
1770803083.5519736,-4e-05,0.000584,-0.000603,-0.034011,-0.089228,9.821196
1770803083.5566525,0.002091,-0.002878,0.000462,-0.045982,-0.086834,9.814014
1770803083.5616808,-0.000839,-0.00128,-7e-05,-0.032813,-0.095213,9.809225
1770803083.5675347,0.001558,-0.001014,0.000729,-0.026828,-0.086834,9.787678
1770803083.571904,-0.002436,0.002981,0.000462,-0.037602,-0.079651,9.80324
1770803083.57685,0.001292,-0.007139,-0.001402,-0.025633,-0.094016,9.814013
1770803083.5850267,0.000227,0.001915,-7e-05,-0.025631,-0.091622,9.819999
1770803083.5891502,0.001558,-0.002878,-0.000603,-0.045982,-0.096411,9.836759
1770803083.5988088,-0.000306,0.002182,0.000995,-0.05077,-0.100002,9.814014
1770803083.599373,-0.001637,0.00591,0.000462,-0.039997,-0.101199,9.811619
1770803083.603276,-0.001105,0.00085,0.000196,-0.041193,-0.098805,9.793663
1770803083.607125,-0.000572,0.004845,0.000462,-0.036406,-0.097608,9.80324
1770803083.6126144,0.002091,-0.001547,0.000196,-0.036405,-0.101199,9.808028
1770803083.6176763,0.001558,-0.003145,-7e-05,-0.031617,-0.090425,9.822393
1770803083.6227891,-4e-05,-0.002878,-0.000603,-0.032814,-0.080848,9.823591
1770803083.6275723,-0.002436,0.006709,-7e-05,-0.045983,-0.082046,9.811619
1770803083.6323285,-0.001105,0.001117,0.000462,-0.029222,-0.084439,9.81162
1770803083.6374242,0.000759,0.001915,0.000196,-0.038799,-0.079651,9.799649
1770803083.6430874,-0.003768,0.004046,-0.000336,-0.035208,-0.08444,9.808028
1770803083.6477292,0.000227,0.001649,0.000196,-0.030419,-0.092819,9.810422
1770803083.6525755,-0.001371,0.00085,-7e-05,-0.044784,-0.090425,9.824788
1770803083.6584642,0.001558,-0.003943,-7e-05,-0.036405,-0.097608,9.816408
1770803083.6627946,-0.000839,0.002448,0.000462,-0.04239,-0.088031,9.798451
1770803083.6680498,0.000227,0.002448,-7e-05,-0.026828,-0.107184,9.80324
1770803083.6750205,0.001026,-0.001014,0.000462,-0.035208,-0.097608,9.80324
1770803083.678551,-4e-05,-0.000481,0.000729,-0.047179,-0.091622,9.812817
1770803083.684556,0.000759,-0.002878,0.000729,-0.035208,-0.077257,9.819999
1770803083.6910813,0.001026,-0.000748,-7e-05,-0.034011,-0.091622,9.81162
1770803083.701809,-0.000306,-0.001547,-0.000869,-0.034011,-0.088031,9.815211
1770803083.7018802,0.001292,-0.002878,-0.000336,-0.042391,-0.091622,9.814014
1770803083.7066545,0.001026,-0.002346,-0.000603,-0.038799,-0.086834,9.805634
1770803083.7107952,-0.001637,0.002448,-7e-05,-0.037602,-0.077257,9.796057
1770803083.7165315,-0.001904,0.000318,0.000196,-0.031616,-0.088031,9.804437
1770803083.7212934,-4e-05,0.000318,-7e-05,-0.031616,-0.085637,9.834365
1770803083.7255194,-0.001904,0.00378,0.000729,-0.045982,-0.08444,9.819999
1770803083.7295969,0.001558,-0.001014,-0.000336,-0.041193,-0.095213,9.810422
1770803083.7419226,0.000493,0.000318,-0.000603,-0.034011,-0.086834,9.810423
1770803083.741985,-4e-05,0.002448,0.000995,-0.035208,-0.10479,9.798451
1770803083.7446046,0.001558,-0.002079,-7e-05,-0.039996,-0.100002,9.80324
1770803083.7493813,-0.000572,0.001383,-0.000336,-0.037602,-0.10479,9.797254
1770803083.7545023,-0.000839,-0.000215,0.000729,-0.048376,-0.107184,9.809225
1770803083.759512,0.001825,-0.000481,-0.000869,-0.043587,-0.084439,9.830773
1770803083.7645245,0.00289,-0.006074,-0.000336,-0.062742,-0.107185,9.791268
1770803083.7692263,0.002357,-0.001014,-0.000336,-0.032813,-0.086834,9.805634
1770803083.7739108,-4e-05,-0.002346,-0.000603,-0.025631,-0.084439,9.796057
1770803083.7789073,-4e-05,-0.002878,-7e-05,-0.041193,-0.078454,9.804437
1770803083.784058,-0.000572,-0.001547,-7e-05,-0.036405,-0.097608,9.806831
1770803083.7942803,0.001292,-0.002612,0.000196,-0.047179,-0.079651,9.799648
1770803083.8044891,0.000493,-0.003145,-0.001135,-0.078304,-0.120352,9.733808
1770803083.8049328,-0.000572,0.001117,-0.000336,0.004297,-0.073666,9.970834
1770803083.805222,0.005819,-0.005808,-0.000603,-0.034012,-0.133522,9.745778
1770803083.8093617,-0.000839,5.1e-05,-0.000603,-0.057953,-0.079651,9.864292
1770803083.8146377,0.001292,5.1e-05,0.000462,-0.051967,-0.105987,9.738596
1770803083.8200958,-0.000306,0.001116,0.000196,-0.025631,-0.078454,9.827182
1770803083.8251746,0.000759,-0.002079,-0.000869,-0.016054,-0.102396,9.788874
1770803083.8295088,-0.000572,0.001915,-7e-05,-0.037602,-0.083243,9.809225
1770803083.8350036,-0.001105,0.001915,0.000196,-0.04239,-0.100002,9.812816
1770803083.8402667,0.001558,-0.005542,-0.000869,-0.028026,-0.089228,9.835561
1770803083.844813,-0.000839,-0.004476,-0.000869,-0.063939,-0.084439,9.792465
1770803083.8495471,0.001825,-0.003944,-0.000336,-0.026829,-0.080849,9.785283
1770803083.8577213,-0.002703,0.001649,-0.000336,-0.017251,-0.08444,9.827182
1770803083.861324,0.001026,0.000317,-0.000336,-0.049573,-0.101199,9.79486
1770803083.8654552,-4e-05,0.000584,0.000196,-0.043587,-0.080848,9.842744
1770803083.8698432,0.001558,-0.001813,-0.000336,-0.044785,-0.102396,9.802042
1770803083.8762543,0.000227,-0.000215,0.000729,-0.020843,-0.086834,9.818802
1770803083.8799644,-0.000572,0.002182,-7e-05,-0.026828,-0.101199,9.787677
1770803083.8855968,-4e-05,-0.001813,-0.000336,-0.038799,-0.103593,9.804437
1770803083.8913584,0.001026,-0.003677,-0.001135,-0.039997,-0.102396,9.793663
1770803083.898219,-0.000839,0.002981,-7e-05,-0.037602,-0.096411,9.822393
1770803083.9051554,-0.000839,0.000584,-7e-05,-0.035208,-0.097608,9.809225
1770803083.9059474,-0.000306,-0.002346,-0.000869,-0.017251,-0.085637,9.810422
1770803083.9107387,-4e-05,0.001383,0.000462,-0.043588,-0.08444,9.806831
1770803083.917033,-0.003768,0.005377,0.000462,-0.048377,-0.079652,9.796056
1770803083.9204082,-0.00217,0.00085,0.000196,-0.053164,-0.088031,9.810422
1770803083.9257774,-0.000572,0.002448,0.000462,-0.038799,-0.091622,9.810422
1770803083.930647,0.000493,0.00085,-0.000336,-0.029222,-0.091622,9.812816
1770803083.9359589,0.001825,5.1e-05,-0.000336,-0.030419,-0.092819,9.822393
1770803083.9419963,-4e-05,-0.000482,-0.000869,-0.05077,-0.097608,9.822393
1770803083.9496748,0.000759,-0.002612,-0.000336,-0.039996,-0.109579,9.799648
1770803083.9511142,0.003955,-0.005009,0.000196,-0.026829,-0.096411,9.794859
1770803083.9563882,0.000227,0.00085,0.000462,-0.020843,-0.095214,9.797254
1770803083.9613466,-0.001371,0.004312,0.000995,-0.03042,-0.108382,9.819999
1770803083.966493,0.001026,-0.00128,0.000462,-0.039996,-0.101199,9.804437
1770803083.971478,0.001026,-0.005542,0.000196,-0.050771,-0.095214,9.825984
1770803083.9763522,0.002091,0.000317,0.000462,-0.056756,-0.08444,9.800845
1770803083.9812446,0.007417,-0.0114,-0.000603,-0.041198,-0.079654,9.794857
1770803083.9885488,-0.003235,0.007242,-7e-05,-0.029224,-0.082046,9.791268
1770803083.9913564,-0.000839,-0.000748,-0.000336,-0.036405,-0.092819,9.811619
1770803083.9983497,0.002357,-0.001547,-0.000336,-0.051967,-0.097608,9.814013
1770803084.0082812,0.000227,0.001116,0.000462,-0.043587,-0.10479,9.830773
1770803084.008513,-4e-05,-0.001014,-0.000336,-0.032814,-0.095214,9.830773
1770803084.011973,0.001292,-0.001547,-7e-05,-0.044785,-0.088031,9.805634
1770803084.0170083,0.001825,-0.002878,0.000196,-0.038799,-0.096411,9.779298
1770803084.0239482,-0.001105,0.001116,-7e-05,-0.04239,-0.100002,9.790072
1770803084.0287218,0.000493,0.000317,0.000462,-0.028025,-0.092819,9.802043
1770803084.0319457,-0.000306,0.001649,0.000729,-0.036405,-0.097608,9.82359
1770803084.0367367,0.002357,-0.002612,0.000462,-0.043588,-0.094017,9.806831
1770803084.0440917,0.001026,-0.003145,-0.000603,-0.043588,-0.089228,9.818802
1770803084.048614,-0.000572,0.00085,0.000462,-0.041193,-0.090425,9.809225
1770803084.053018,0.000227,-0.004743,-0.000336,-0.032814,-0.082045,9.799648
1770803084.0573423,-0.003235,0.00085,-0.000869,-0.037602,-0.089228,9.810422
1770803084.062519,-0.001637,0.002448,-7e-05,-0.031617,-0.094017,9.818802
1770803084.067313,0.000493,0.000317,-0.000603,-0.036405,-0.091622,9.828379
1770803084.0725842,0.003423,-0.005009,0.000463,-0.03042,-0.102397,9.827181
1770803084.0777562,0.001026,-0.001547,-0.000603,-0.042391,-0.085637,9.809225
1770803084.083896,-0.002436,0.002448,0.000729,-0.043588,-0.095214,9.814013
1770803084.0878801,0.001292,-0.003145,0.000196,-0.031617,-0.102396,9.803239
1770803084.0929527,0.000493,0.000317,-0.000603,-0.026828,-0.094017,9.814013
1770803084.1004202,0.000759,0.001383,0.000463,-0.03042,-0.091622,9.797254
1770803084.1026316,-0.001904,0.001383,0.000463,-0.025631,-0.091622,9.800845
1770803084.1104531,-0.001371,0.003247,0.000196,-0.036405,-0.090425,9.808028
1770803084.1143682,-0.000306,0.001383,0.000196,-0.05077,-0.08444,9.804436
1770803084.1178944,-0.000839,-0.001547,-7e-05,-0.053164,-0.079651,9.809225
1770803084.1230252,-0.000839,0.001383,-0.000336,-0.048376,-0.079651,9.800845
1770803084.1279693,-4e-05,0.002448,0.000196,-0.03042,-0.07606,9.805634
1770803084.1331592,-0.003768,0.006443,0.000463,-0.042392,-0.091623,9.825983
1770803084.1381295,0.001558,-0.002879,-0.000603,-0.045982,-0.074863,9.825984
1770803084.143057,-0.002969,0.004578,0.000463,-0.024435,-0.091623,9.830772
1770803084.1481934,-0.002969,0.001116,-7e-05,-0.020843,-0.102396,9.825984
1770803084.1558454,-0.000839,-0.000215,-0.000336,-0.024434,-0.090425,9.81521
1770803084.1593838,-0.001105,5.1e-05,-7e-05,-0.031617,-0.095214,9.811619
1770803084.1637595,0.000227,-0.003411,-0.000869,-0.049573,-0.104791,9.821196
1770803084.1684427,-0.001637,0.003247,-7e-05,-0.037602,-0.088031,9.805633
1770803084.1734893,-0.002703,0.00591,0.000463,-0.048377,-0.102397,9.792465
1770803084.1785138,-4e-05,0.000584,0.000196,-0.039996,-0.098805,9.825984
1770803084.1839828,-4e-05,0.00085,0.000196,-0.047179,-0.091622,9.805634
1770803084.188578,0.001558,-0.004476,-0.002201,-0.039997,-0.089228,9.821195
1770803084.1936603,-0.00217,0.010171,0.000729,-0.034014,-0.090426,9.804435
1770803084.1984036,0.003156,-0.003145,0.000729,-0.019646,-0.096411,9.796057
1770803084.2037456,0.000227,-0.001014,-0.000603,-0.030419,-0.085637,9.798451
1770803084.212387,-4e-05,-0.00208,-0.000336,-0.037602,-0.085637,9.804436
1770803084.2160623,0.001026,-0.002612,-0.000869,-0.038799,-0.085637,9.808028
1770803084.2205603,-0.001105,0.00298,-0.000603,-0.05077,-0.083243,9.816407
1770803084.2251115,0.000227,-0.003677,0.000196,-0.043588,-0.078454,9.81521
1770803084.2332778,-4e-05,0.00085,-0.000603,-0.045982,-0.073666,9.814013
1770803084.2341902,0.002357,-0.006074,-0.000603,-0.0388,-0.079652,9.804436
1770803084.2430794,0.002091,-0.003677,-7e-05,-0.051968,-0.094017,9.811619
1770803084.2446327,0.000493,0.001649,0.000463,-0.042391,-0.098805,9.822393
1770803084.2506826,0.000493,0.001116,0.000729,-0.026828,-0.101199,9.804436
1770803084.254703,-0.000572,0.001383,0.000463,-0.03042,-0.101199,9.799648
1770803084.2593796,-4e-05,5.1e-05,0.000729,-0.035208,-0.107185,9.805634
1770803084.2682307,-0.000306,0.001915,0.000196,-0.05077,-0.091622,9.802042
1770803084.269875,-0.001105,0.003779,0.000196,-0.032814,-0.082046,9.809225
1770803084.2750807,0.002624,-0.004743,-0.000603,-0.034012,-0.083243,9.818801
1770803084.2804673,-0.001105,0.001915,-0.000603,-0.039996,-0.079652,9.819999
1770803084.2847185,-0.000306,0.004578,-0.000336,-0.037603,-0.072469,9.817604
1770803084.2963088,-0.000306,-0.000215,-0.000869,-0.063938,-0.072469,9.79486
1770803084.2971997,-0.001904,0.003779,0.000463,-0.036405,-0.08444,9.805633
1770803084.3004258,-0.000306,0.00085,-0.000336,-0.019646,-0.090425,9.809225
1770803084.305218,0.000493,-0.001014,-0.000336,-0.019646,-0.097608,9.821196
1770803084.315332,0.002091,-0.001547,-0.000603,-0.028025,-0.109579,9.816407
1770803084.3156865,0.001292,-0.001281,-0.000336,-0.043588,-0.09282,9.822393
1770803084.3237278,0.001558,-0.000482,0.000463,-0.045982,-0.111973,9.800845
1770803084.3269763,0.000493,-0.003677,-0.000603,-0.029223,-0.109579,9.805633
1770803084.330441,0.002624,-0.001547,-0.000336,-0.032814,-0.107185,9.803239
1770803084.3351686,-0.001105,0.001915,-7e-05,-0.03042,-0.097608,9.804436
1770803084.3407724,-0.000306,-0.000482,0.000729,-0.047179,-0.102396,9.803239
1770803084.34505,-0.001371,-0.000215,-0.000869,-0.051967,-0.08444,9.804436
1770803084.3503935,-0.000572,-0.002879,-0.000869,-0.037602,-0.088031,9.798451
1770803084.3561115,-0.001637,0.001116,-0.000336,-0.029222,-0.082046,9.812816
1770803084.3609607,-0.000572,0.00298,0.000196,-0.031617,-0.088031,9.808027
1770803084.366459,-0.000839,-0.003145,-0.000869,-0.03042,-0.09282,9.817604
1770803084.3704267,-0.000572,0.002714,0.000196,-0.044785,-0.079652,9.816407
1770803084.3762827,0.001026,-0.000748,-7e-05,-0.042391,-0.102397,9.811619
1770803084.3807054,0.001292,5.1e-05,-0.000336,-0.037602,-0.096411,9.814013
1770803084.386107,-0.001637,0.00085,-7e-05,-0.042391,-0.103594,9.797254
1770803084.3916805,0.001825,0.00085,0.000463,-0.035208,-0.105988,9.805633
1770803084.3958724,0.002091,0.001382,0.000995,-0.041194,-0.115564,9.808028
1770803084.4027028,0.002357,0.000317,-7e-05,-0.041193,-0.095214,9.816407
1770803084.4073863,0.003423,-0.004743,0.000463,-0.036406,-0.090426,9.808027
1770803084.4176762,-0.000306,-0.002879,-0.000603,-0.041194,-0.097608,9.805633
1770803084.4178195,0.000493,-0.003411,-0.000336,-0.043588,-0.089228,9.817604
1770803084.4217916,-0.001105,0.00298,0.000729,-0.047179,-0.078455,9.796056
1770803084.4265256,0.000227,-0.001547,0.000196,-0.035208,-0.07606,9.792465
1770803084.4320316,-0.00217,0.002714,0.000196,-0.031617,-0.080849,9.812816
1770803084.4374075,-0.001371,0.002448,-0.000336,-0.026828,-0.083243,9.816407
1770803084.4414666,-4e-05,-0.003411,-0.000336,-0.0388,-0.089228,9.81521
1770803084.4464545,0.000759,-0.002612,0.000729,-0.047179,-0.107185,9.825984
1770803084.4516985,0.001292,-0.00208,-7e-05,-0.043588,-0.11317,9.810422
1770803084.456635,0.000759,-0.003944,-0.000336,-0.037603,-0.104791,9.800845
1770803084.461767,-0.002969,0.003247,0.000463,-0.037602,-0.095214,9.804436
1770803084.466789,0.001292,-0.006074,-0.000603,-0.043589,-0.094017,9.805633
1770803084.477539,0.001825,-0.00421,-0.000336,-0.031617,-0.090426,9.811619
1770803084.4780774,-0.000306,0.001116,0.000463,-0.032814,-0.095214,9.821196
1770803084.481826,-0.000839,0.004046,0.000995,-0.041194,-0.086834,9.818801
1770803084.4871178,-0.000839,0.00298,-7e-05,-0.031617,-0.091623,9.808027
1770803084.4923046,0.000759,-0.002879,-0.000603,-0.036405,-0.073666,9.810422
1770803084.4970884,-0.001105,0.001915,0.000463,-0.032814,-0.080849,9.796057
1770803084.5023668,-0.003235,0.004845,-0.000603,-0.042391,-0.080849,9.800845
1770803084.5107188,-0.000839,0.003779,0.000463,-0.047179,-0.078455,9.80683
1770803084.5122242,-0.000306,0.001649,-0.000603,-0.045982,-0.089228,9.802042
1770803084.5200896,-0.000306,-0.000748,0.000729,-0.042391,-0.088031,9.819999
1770803084.5220277,0.001558,0.001382,0.000463,-0.041193,-0.094017,9.808028
1770803084.530432,-4e-05,0.002181,0.000463,-0.035208,-0.102396,9.809225
1770803084.535308,-0.001637,0.00298,0.000463,-0.043588,-0.098805,9.78648
1770803084.5391138,-0.000839,-0.000215,-7e-05,-0.051967,-0.115565,9.790071
1770803084.5422769,0.000227,0.001382,0.000463,-0.031617,-0.09282,9.842744
1770803084.5485265,-0.000306,0.000584,-0.001135,-0.026828,-0.09282,9.836758
1770803084.5524833,-0.003768,0.001915,-7e-05,-0.042391,-0.094017,9.830772
1770803084.5580208,-0.001105,0.001382,0.000729,-0.060347,-0.071272,9.775706
1770803084.5629463,-0.000572,-0.001813,-0.000603,-0.03042,-0.065286,9.779297
1770803084.568122,-0.001904,0.004046,-0.001402,-0.013661,-0.085637,9.800845
1770803084.5728948,-0.00217,0.001382,-0.000869,-0.019646,-0.083243,9.824787
1770803084.578068,0.003156,-0.003944,-0.000603,-0.048377,-0.095214,9.837955
1770803084.5831661,-0.001105,0.003247,0.000196,-0.053165,-0.091623,9.841546
1770803084.5880466,0.003423,-0.005542,-0.000869,-0.045983,-0.084441,9.803238
1770803084.5934682,-0.000306,0.001116,-7e-05,-0.025631,-0.101199,9.804436
1770803084.5997763,0.001558,-0.00714,-0.001135,-0.038801,-0.095214,9.762537
1770803084.603665,0.003156,-0.008205,-0.001402,-0.039999,-0.1012,9.792464
1770803084.6123364,-0.000839,0.00298,0.000463,-0.063939,-0.09282,9.823589
1770803084.6130428,0.001292,-0.005808,-0.000603,-0.035209,-0.1012,9.823589
1770803084.6222048,-4e-05,-0.000482,-0.000603,-0.032814,-0.077257,9.818801
1770803084.6233993,-0.001105,0.003779,-0.000603,-0.026829,-0.094017,9.80683
1770803084.6298401,0.000759,0.000317,-7e-05,-0.041194,-0.083243,9.788874
1770803084.6340814,-0.000572,-0.001547,-0.000869,-0.048376,-0.082046,9.787677
1770803084.6387215,-0.000572,-0.002612,-7e-05,-0.043588,-0.086834,9.803239
1770803084.6436844,0.001026,-0.000482,-0.000336,-0.019646,-0.085637,9.825984
1770803084.6486547,-0.000306,0.001915,0.000463,-0.037602,-0.088031,9.828378
1770803084.6551702,-0.001105,-0.001547,-0.000336,-0.045982,-0.101199,9.833166
1770803084.6595445,0.002624,-0.00714,-0.001135,-0.049575,-0.100003,9.823589
1770803084.6637685,0.001292,-0.002879,-0.000336,-0.039997,-0.096411,9.794859
1770803084.6689742,-4e-05,-0.003944,-0.000336,-0.013661,-0.107185,9.793662
1770803084.6740103,0.001292,-0.000215,-0.000336,-0.020843,-0.104791,9.799648
1770803084.6791058,-0.002436,0.004578,0.000463,-0.04718,-0.107185,9.817604
1770803084.686303,-0.001371,0.006975,0.001528,-0.051969,-0.103594,9.830771
1770803084.6892734,0.002357,-0.00421,0.000196,-0.057954,-0.094017,9.827181
1770803084.6951256,-4e-05,0.004312,0.000729,-0.03042,-0.086834,9.799647
1770803084.6998744,0.001292,-0.000482,0.000463,-0.016054,-0.095214,9.797253
1770803084.7070553,-0.002703,0.004046,-7e-05,-0.044785,-0.086835,9.784085
1770803084.71054,-0.000572,-0.000215,-0.000603,-0.05077,-0.094017,9.812816
1770803084.7143767,0.000493,0.001116,-0.000603,-0.044785,-0.08444,9.809224
1770803084.7247994,-0.001904,0.004312,-0.000603,-0.043588,-0.080849,9.822392
1770803084.7254899,-0.004301,0.010171,0.001262,-0.024438,-0.086836,9.812814
1770803084.72969,-0.000306,0.000317,0.000995,-0.03042,-0.096411,9.803239
1770803084.7350247,-0.00217,-0.00421,-0.001402,-0.041194,-0.109579,9.79845
1770803084.739662,0.000227,-0.001281,-0.000603,-0.037602,-0.105988,9.799648
1770803084.7456794,0.002091,-0.000482,0.000196,-0.025631,-0.094017,9.800845
1770803084.7508535,-0.001637,0.004046,-0.000336,-0.029223,-0.083243,9.81521
1770803084.7548158,0.000227,0.002181,-7e-05,-0.035208,-0.110776,9.829575
1770803084.7600121,0.001825,-0.004477,0.000196,-0.054362,-0.102397,9.829575
1770803084.7652824,-0.001371,0.001116,-7e-05,-0.043588,-0.097608,9.818801
1770803084.7701464,0.001026,-0.001281,-7e-05,-0.03042,-0.083243,9.81521
1770803084.7750947,-0.000572,0.002448,-7e-05,-0.025631,-0.082046,9.812816
1770803084.7804308,-0.000839,-0.000482,-0.001402,-0.028025,-0.079652,9.803239
1770803084.7851748,-0.001371,-0.003944,-0.001668,-0.03042,-0.079651,9.819998
1770803084.7913551,0.001292,-0.00208,-0.000336,-0.049573,-0.100002,9.81521
1770803084.7957354,-0.000306,-0.000748,0.000463,-0.051967,-0.088031,9.822392
1770803084.800371,-0.001105,0.003247,-0.000336,-0.031617,-0.09282,9.821195
1770803084.8054173,0.002091,-0.001547,0.000463,-0.038799,-0.085637,9.802042
1770803084.814066,-0.001105,-0.001813,-0.000336,-0.037602,-0.090426,9.796056
1770803084.818816,0.001292,0.000317,-0.000336,-0.035208,-0.097608,9.809224
1770803084.8279977,0.001026,-0.001014,0.000196,-0.041194,-0.096411,9.808027
1770803084.8280256,-0.000839,0.001116,0.000463,-0.035208,-0.085637,9.81521
1770803084.8308551,0.001026,-0.001547,-0.000603,-0.037602,-0.083243,9.821195
1770803084.8355408,0.001026,-0.002346,-0.000603,-0.023237,-0.100002,9.79845
1770803084.842322,0.000227,0.00085,-7e-05,-0.039996,-0.089228,9.79845
1770803084.847609,0.001292,0.000583,-7e-05,-0.036405,-0.088031,9.803239
1770803084.8508687,0.001558,-0.001813,0.000196,-0.03042,-0.07606,9.824787
1770803084.8597245,0.002091,-0.005009,-0.000603,-0.042392,-0.095214,9.812815
1770803084.8610618,0.003689,-0.002346,-7e-05,-0.039997,-0.090426,9.828377
1770803084.8691454,-0.001904,0.000583,-7e-05,-0.036405,-0.1012,9.814013
1770803084.8710825,-4e-05,-0.001813,-7e-05,-0.031617,-0.094017,9.802042
1770803084.87632,0.001026,-0.001547,-7e-05,-0.036405,-0.096411,9.796056
1770803084.8815227,-0.001904,0.001649,0.000196,-0.041194,-0.096411,9.79007
1770803084.8870397,-0.000572,0.000583,-7e-05,-0.042391,-0.098805,9.819998
1770803084.8914683,0.000227,0.002714,0.000995,-0.03042,-0.090426,9.819998
1770803084.8995845,0.001292,-0.003944,-0.000603,-0.026829,-0.097608,9.812815
1770803084.9024475,0.000759,0.003779,0.00206,-0.026829,-0.094017,9.805633
1770803084.9083574,-0.001371,0.005377,0.000729,-0.050771,-0.091623,9.792464
1770803084.9113684,0.000493,-0.001813,-7e-05,-0.041194,-0.094017,9.802042
1770803084.919415,-0.00217,0.006176,-7e-05,-0.029224,-0.088032,9.808026
1770803084.9215364,0.000759,0.001649,0.000729,-0.023237,-0.085637,9.81521
1770803084.9306614,-0.002436,0.005111,-7e-05,-0.039997,-0.088032,9.823589
1770803084.9332511,-0.001371,0.001915,-0.000336,-0.039997,-0.08444,9.817604
1770803084.937609,-0.002436,0.002181,0.000463,-0.031617,-0.097608,9.808027
1770803084.9425914,0.001026,0.000317,-7e-05,-0.03042,-0.086834,9.804436
1770803084.947449,-0.000572,0.003247,0.000196,-0.031617,-0.091623,9.79845
1770803084.9519227,-0.002703,0.000583,-0.001402,-0.03042,-0.105988,9.805633
1770803084.957109,-0.001105,0.000317,-0.000603,-0.041194,-0.102397,9.823589
1770803084.9623048,0.000227,-0.001547,-0.001135,-0.039997,-0.089229,9.829575
1770803084.9673223,0.001026,-0.001014,0.000196,-0.039997,-0.104791,9.818801
1770803084.972548,-0.001105,0.003513,0.000729,-0.031617,-0.085637,9.815209
1770803084.9773362,-4e-05,0.002714,0.000196,-0.035208,-0.08444,9.788873
1770803084.9822912,-0.000306,0.003779,0.001262,-0.036406,-0.091623,9.796056
1770803084.9875207,0.001292,-0.001813,-0.000336,-0.039997,-0.076061,9.808027
1770803084.9926045,-0.003235,0.003779,-0.000336,-0.035209,-0.091623,9.823589
1770803084.9974482,0.002624,-0.00208,0.000196,-0.048376,-0.090426,9.824786
1770803085.002898,-4e-05,0.001116,0.000196,-0.031617,-0.098805,9.805633
1770803085.007395,0.001026,-0.000482,0.000196,-0.038799,-0.097608,9.794859
1770803085.0125682,0.005287,-0.011134,0.000196,-0.032818,-0.096413,9.797251
1770803085.0197484,-0.003235,0.005643,0.000463,-0.037603,-0.1012,9.803238
1770803085.0323591,0.002357,0.001382,-7e-05,-0.024434,-0.104791,9.814012
1770803085.0325038,0.003156,-0.005542,0.000196,-0.024435,-0.102397,9.808026
1770803085.0335832,-0.001638,0.003779,0.000463,-0.034012,-0.102397,9.812815
1770803085.0413866,-4e-05,-0.000216,0.000729,-0.062741,-0.100003,9.805633
1770803085.0429947,0.001026,-0.002346,-0.000869,-0.048376,-0.088032,9.814012
1770803085.0492518,-4e-05,0.002181,0.000463,-0.03042,-0.088031,9.791268
1770803085.0527744,0.000759,-0.001813,-0.000336,-0.025631,-0.1012,9.802041
1770803085.0673141,-0.000572,0.003779,0.000463,-0.026829,-0.091623,9.814012
1770803085.0675228,-0.004034,0.004578,-0.000336,-0.057954,-0.090426,9.812815
1770803085.0754209,-0.000306,-0.001547,-0.000336,-0.053165,-0.097608,9.810421
1770803085.0754678,0.000493,0.001915,-0.000336,-0.042391,-0.098805,9.80683
1770803085.07954,0.000227,-0.001547,0.000196,-0.036405,-0.094017,9.79845
1770803085.0834162,0.001026,-0.002346,-7e-05,-0.03042,-0.086834,9.800844
1770803085.0884798,0.002357,-0.003944,-0.000869,-0.044786,-0.090426,9.810421
1770803085.0941067,0.000759,-0.001813,0.000463,-0.045982,-0.091623,9.824786
1770803085.0986476,0.002357,-0.00421,-0.000603,-0.036406,-0.1012,9.814012
1770803085.1036592,0.001292,-0.003411,0.000196,-0.042391,-0.089229,9.814012
1770803085.109004,0.001026,0.000317,0.000463,-0.026828,-0.098805,9.803239
1770803085.11637,0.001292,-0.001547,-0.000336,-0.044785,-0.1012,9.793662
1770803085.1209164,0.000493,-0.001547,-0.000603,-0.031617,-0.085637,9.797253
1770803085.1428583,0.000227,-0.003411,-0.000603,-0.031617,-0.089229,9.809224
1770803085.1430063,-0.001904,0.001116,-0.000869,-0.037602,-0.091623,9.80683
1770803085.1431408,0.000227,-0.000482,-0.000603,-0.053165,-0.090426,9.812815
1770803085.1432393,0.002091,-0.002612,-0.000336,-0.048377,-0.089229,9.814012
1770803085.1441905,0.000493,0.002448,0.001262,-0.039997,-0.094017,9.803238
1770803085.1492872,0.000227,0.000317,-7e-05,-0.032814,-0.089229,9.805632
1770803085.154223,-0.002703,0.004844,-7e-05,-0.023238,-0.094018,9.798449
1770803085.1613398,0.002624,-0.000216,0.000196,-0.019646,-0.098806,9.806829
1770803085.164677,0.001825,-0.002879,-0.001402,-0.042391,-0.097609,9.8188
1770803085.1695921,-0.000306,-0.000482,-0.000869,-0.049574,-0.089229,9.825983
1770803085.1760185,-0.001105,-0.000482,-0.000603,-0.045982,-0.089229,9.825983
1770803085.1797886,0.000493,-0.003944,-7e-05,-0.043589,-0.090426,9.802041
1770803085.1852267,-0.004034,0.008839,0.000196,-0.035211,-0.084441,9.805631
1770803085.191641,-0.00217,-0.002612,-0.001402,-0.0388,-0.083243,9.809224
1770803085.1944067,-0.00217,0.001915,-7e-05,-0.044785,-0.090426,9.802041
1770803085.1999488,0.00289,-0.011135,-0.001668,-0.030424,-0.097609,9.829572
1770803085.2074993,0.001292,-0.002879,-0.000603,-0.032814,-0.103594,9.809224
1770803085.2113276,0.001026,0.001116,-0.000336,-0.032814,-0.096411,9.822392
1770803085.2147722,0.003955,-0.002612,-0.001135,-0.036406,-0.097609,9.800844
1770803085.2200897,0.002091,-0.004477,-0.000336,-0.043589,-0.094017,9.797252
1770803085.2265706,0.001825,-0.004743,-0.000869,-0.049574,-0.086835,9.805632
1770803085.2365313,0.002624,-0.002879,-7e-05,-0.036406,-0.097609,9.8188
1770803085.2373624,-0.00217,0.004045,0.000729,-0.026829,-0.091623,9.817603
1770803085.2426088,-0.000839,0.003779,-7e-05,-0.0388,-0.077258,9.815209
1770803085.245253,0.000493,-0.003944,0.000196,-0.054362,-0.095214,9.804435
1770803085.2499936,-0.000839,0.000317,0.000463,-0.061545,-0.09282,9.802041
1770803085.2569103,0.000493,-0.005542,-0.000603,-0.048377,-0.096411,9.805632
1770803085.2602677,-4e-05,0.004578,0.000729,-0.011267,-0.088032,9.79007
1770803085.2656274,0.000759,5.1e-05,0.000196,-0.02204,-0.089229,9.808027
1770803085.2707198,0.003423,-0.006341,-0.000603,-0.028027,-0.098806,9.811617
1770803085.2756412,0.000759,-0.006873,-0.001402,-0.045984,-0.1012,9.825982
1770803085.2807603,0.001558,-0.001281,0.000995,-0.039997,-0.110777,9.814012
1770803085.2860537,-0.001105,0.000583,-7e-05,-0.02204,-0.102397,9.808027
1770803085.2912297,-0.00217,0.003513,0.000729,-0.039997,-0.084441,9.797252
1770803085.2957237,-0.001637,-0.000216,-0.000869,-0.057953,-0.089229,9.793661
1770803085.3034317,0.00289,-0.005542,-7e-05,-0.071122,-0.08085,9.812814
1770803085.3068638,-0.000306,5.1e-05,-0.000603,-0.062742,-0.09282,9.809224
1770803085.312327,0.000759,-0.001813,-0.000603,-0.028026,-0.089229,9.815209
1770803085.3171403,0.000227,-0.001547,-0.000603,-0.013661,-0.090426,9.794858
1770803085.3209572,-0.001105,0.002181,-0.000603,-0.028026,-0.095214,9.811618
1770803085.329118,-0.000572,-0.000216,0.000463,-0.0388,-0.1012,9.80683
1770803085.331086,0.003423,-0.005542,-0.000336,-0.038801,-0.082047,9.81042
1770803085.3406029,-0.000839,0.005377,0.000196,-0.022041,-0.098806,9.815209
1770803085.342089,-0.000839,0.004312,0.000463,-0.028026,-0.095214,9.814012
1770803085.346383,-0.001371,5.1e-05,-0.000603,-0.050771,-0.095214,9.804435
1770803085.3520682,0.000227,-0.003678,-0.000869,-0.054362,-0.095214,9.797253
1770803085.3601604,0.000227,-0.002612,0.000463,-0.0388,-0.08444,9.803238
1770803085.361371,-4e-05,-0.002612,-0.000603,-0.020843,-0.09282,9.815209
1770803085.3688307,0.001292,-0.001813,-0.000336,-0.006478,-0.104791,9.814012
1770803085.3734689,0.001558,-0.002346,-0.000336,-0.03042,-0.1012,9.833166
1770803085.3768075,0.000227,0.001915,0.000463,-0.047179,-0.100003,9.812815
1770803085.381733,0.002091,-0.002346,-7e-05,-0.055559,-0.098806,9.819997
1770803085.3866303,-0.001371,0.005643,0.000463,-0.042392,-0.073667,9.794858
1770803085.3919535,-0.002969,0.01097,0.000729,-0.038804,-0.094018,9.796053
1770803085.3969543,-0.000839,0.002181,0.000463,-0.042391,-0.086835,9.804435
1770803085.4044044,0.000759,-0.002346,-0.000336,-0.043588,-0.077258,9.812815
1770803085.4084747,-0.003235,0.00298,-0.000869,-0.056757,-0.096412,9.804435
1770803085.412216,0.001558,-0.001547,-0.000603,-0.025632,-0.091623,9.802041
1770803085.4171522,-0.00217,0.007774,0.000463,-0.022042,-0.084441,9.798449
1770803085.4260793,-0.001105,0.00804,0.000729,-0.025634,-0.090426,9.796054
1770803085.4272757,0.001026,-0.003145,0.000729,-0.043588,-0.104791,9.79845
1770803085.4325438,-0.000306,-0.000748,-0.000336,-0.053165,-0.098806,9.804435
1770803085.441475,-0.001904,0.001649,-7e-05,-0.042391,-0.094017,9.8188
1770803085.4438262,0.000493,-0.001281,0.000196,-0.034011,-0.104791,9.823589
1770803085.447943,0.000759,0.002448,0.001262,-0.041194,-0.088032,9.804435
1770803085.4525917,-0.002436,0.003513,0.000995,-0.039997,-0.098806,9.81042
1770803085.4575436,0.000493,5.1e-05,0.000729,-0.047179,-0.100003,9.809224
1770803085.4628406,-0.004034,0.006442,0.000196,-0.019647,-0.095215,9.806828
1770803085.4683926,-0.001638,-0.000748,-0.000869,-0.016055,-0.097608,9.808026
1770803085.4729826,-0.001371,0.004578,0.000196,-0.039998,-0.103594,9.814012
1770803085.4780834,0.000227,-0.002612,-0.000336,-0.045983,-0.091623,9.816406
1770803085.48292,0.000227,-0.00421,-0.001135,-0.049574,-0.089229,9.806829
1770803085.4915452,-0.000306,-0.001547,-0.000869,-0.0388,-0.090426,9.79845
1770803085.4929721,0.000759,-0.000482,-7e-05,-0.03042,-0.086835,9.808026
1770803085.5008337,-0.000839,-0.000216,-0.000603,-0.037603,-0.086835,9.805632
1770803085.504942,-4e-05,-0.000482,0.000196,-0.050771,-0.091623,9.811618
1770803085.5081866,0.00289,-0.005009,-7e-05,-0.042392,-0.085638,9.823588
1770803085.513871,0.000493,0.000317,0.000463,-0.037603,-0.095214,9.809224
1770803085.5179868,0.00289,-0.003145,-7e-05,-0.025632,-0.089229,9.792464
1770803085.5234199,-0.000839,0.001649,0.000196,-0.023238,-0.090426,9.79007
1770803085.5283184,0.001026,-0.001281,0.000196,-0.044785,-0.088032,9.803238
1770803085.534937,-0.000306,0.004046,0.000463,-0.044786,-0.095214,9.811617
1770803085.5423923,-0.001638,0.005377,0.001262,-0.029224,-0.100003,9.815208
1770803085.544297,0.002357,-0.001014,-0.000336,-0.016055,-0.089229,9.819997
1770803085.548466,-0.001105,0.000583,-7e-05,-0.024435,-0.085638,9.816406
1770803085.553652,-0.001105,0.007241,0.001262,-0.042393,-0.089229,9.818799
1770803085.558849,0.000759,-0.000216,-0.000336,-0.047179,-0.104791,9.79845
1770803085.5638218,-0.001638,0.004312,0.000463,-0.0388,-0.096412,9.794858
1770803085.569243,-0.001105,0.004312,0.001262,-0.026829,-0.085638,9.799646
1770803085.5743988,-0.000306,0.002181,0.000463,-0.031617,-0.088032,9.8188
1770803085.5793421,0.001292,-0.003145,-0.000603,-0.056757,-0.105988,9.825983
1770803085.5840058,0.00289,-0.00714,-0.000336,-0.071123,-0.102398,9.823588
1770803085.5890644,0.003156,0.00085,0.000995,-0.045982,-0.103594,9.797252
1770803085.5937963,-0.003235,0.004312,0.000995,-0.002887,-0.089229,9.796055
1770803085.5991676,-0.001371,0.005643,0.000729,-0.013662,-0.095215,9.80204
1770803085.6042318,-0.001371,-0.001813,-0.000603,-0.035209,-0.086834,9.819997
1770803085.613526,-0.003235,0.001649,0.000729,-0.060348,-0.095214,9.817603
1770803085.6145034,0.004754,-0.006873,-0.001402,-0.053167,-0.084441,9.827179
1770803085.6215537,-0.001105,0.002448,-7e-05,-0.036406,-0.095214,9.799647
1770803085.624612,0.001558,-0.000748,-0.000336,-0.032814,-0.100003,9.802041
1770803085.6298532,0.000227,0.001649,0.000196,-0.049574,-0.078455,9.803238
1770803085.6362507,-0.001105,0.00085,-7e-05,-0.037603,-0.080849,9.802041
1770803085.6481345,0.000227,0.000317,-0.000336,-0.032814,-0.098806,9.805632
1770803085.6482775,-0.000306,0.002448,-0.000336,-0.002887,-0.09282,9.811618
1770803085.6521008,0.000493,0.001382,0.000196,-0.023237,-0.090426,9.815209
1770803085.656414,0.000759,0.000317,-0.000603,-0.060348,-0.091623,9.8188
1770803085.6606019,0.001558,-0.002879,-0.000336,-0.072319,-0.086835,9.805632
1770803085.6652935,-0.001371,-0.002612,0.000196,-0.065136,-0.098805,9.808026
1770803085.671121,0.002624,-0.006607,-7e-05,-0.028027,-0.079653,9.80204
1770803085.6759105,-0.000306,0.002448,0.000463,-0.005281,-0.082046,9.803238
1770803085.6809509,-0.001371,0.000317,-0.001402,-0.019646,-0.107185,9.805632
1770803085.6852686,-0.000839,0.001649,-0.000869,-0.059151,-0.088032,9.83556
1770803085.6911244,-0.000306,-0.003944,-7e-05,-0.061545,-0.091623,9.81042
1770803085.6956227,-0.001904,0.004045,0.000729,-0.037603,-0.089229,9.803238
1770803085.7008674,0.000759,0.00085,-0.000336,-0.002887,-0.095214,9.803238
1770803085.7088614,0.000759,0.002714,-7e-05,-0.024435,-0.078455,9.805632
1770803085.7119334,-0.000572,5.1e-05,-0.001135,-0.066333,-0.08444,9.808026
1770803085.716502,-0.000839,-0.003944,-0.000336,-0.080699,-0.098806,9.82718
1770803085.7213852,0.000493,-0.003944,-0.000603,-0.035209,-0.085638,9.821194
1770803085.7267673,-0.000306,0.003779,0.000196,-0.004084,-0.096412,9.803238
1770803085.7388937,-0.000839,0.002448,-7e-05,-0.011267,-0.086835,9.805632
1770803085.738961,0.000759,-0.001813,0.000196,-0.060348,-0.095214,9.816406
1770803085.74945,0.000759,-0.005276,-7e-05,-0.075911,-0.104791,9.805632
1770803085.7503643,0.001292,-0.00421,0.000196,-0.044786,-0.096412,9.806829
1770803085.7508295,0.00289,-0.002879,-0.000336,-0.018449,-0.085638,9.814012
1770803085.7558587,-0.001904,0.006176,-7e-05,-0.025633,-0.097609,9.800843
1770803085.76185,0.00289,-0.005542,-0.000336,-0.077108,-0.083244,9.8188
1770803085.7672613,0.004488,-0.011135,-0.001668,-0.084294,-0.092822,9.809221
1770803085.7714727,-0.001638,-0.001547,-7e-05,-0.0388,-0.100003,9.799647
1770803085.779353,-0.001105,0.005111,0.000196,0.022251,-0.095215,9.797252
1770803085.7833676,0.001026,0.001915,0.000729,0.005493,-0.091623,9.822392
1770803085.78724,0.001558,5.1e-05,-7e-05,-0.050771,-0.096411,9.825983
1770803085.792056,0.001825,-0.004477,-0.000869,-0.081896,-0.098806,9.81042
1770803085.7967196,0.000493,-0.003145,-0.000336,-0.060348,-0.096412,9.806829
1770803085.8014364,0.000759,0.00085,-0.000603,-0.022041,-0.089229,9.803238
1770803085.807789,0.001558,0.001915,0.000463,0.019858,-0.088032,9.800844
1770803085.811732,0.002091,-0.00208,-0.000869,-0.04718,-0.104791,9.814012
1770803085.8168285,-0.001904,0.000583,0.000196,-0.066333,-0.102397,9.823589
1770803085.8219929,0.000227,-0.003145,0.000463,-0.057954,-0.095214,9.836757
1770803085.8267362,-0.000839,0.00298,0.000196,0.001901,-0.105988,9.811618
1770803085.8325062,0.002357,0.00085,0.000463,0.016267,-0.091623,9.797252
1770803085.8368897,0.000759,0.000317,-0.000603,-0.037603,-0.089229,9.79007
1770803085.8432717,-0.000839,0.001382,0.000995,-0.090275,-0.094017,9.819997
1770803085.8510847,0.000227,-0.002879,-0.000603,-0.085487,-0.089229,9.816406
1770803085.8524826,0.001292,-0.002612,-7e-05,-0.029223,-0.094017,9.816406
1770803085.8570313,0.001825,0.001116,-0.000336,0.004296,-0.086835,9.81042
1770803085.8625214,0.002623,0.000583,-7e-05,-0.024435,-0.091623,9.812815
1770803085.867574,0.001292,0.002181,0.000995,-0.053165,-0.089229,9.815209
1770803085.8722532,-4e-05,0.003779,0.000995,-0.051969,-0.116762,9.822391
1770803085.8773062,0.002623,-0.000482,0.000995,-0.024435,-0.107185,9.79845
1770803085.88604,0.000227,0.002714,0.000463,-0.002887,-0.088032,9.800844
1770803085.8896816,-0.001904,0.004045,-7e-05,-0.044786,-0.088032,9.811617
1770803085.893942,0.001026,-0.002612,-7e-05,-0.069925,-0.088032,9.817603
1770803085.8985448,0.002091,-0.002879,-7e-05,-0.069925,-0.090426,9.814012
1770803085.9039838,-4e-05,-0.001813,-7e-05,-0.0388,-0.082046,9.794858
1770803085.9103453,0.001026,0.002181,0.000729,-0.00169,-0.088032,9.796055
1770803085.9142716,0.001558,-0.003145,0.000196,-0.019647,-0.082046,9.803238
1770803085.918182,-0.000839,0.003247,0.000729,-0.037603,-0.085638,9.825983
1770803085.9241424,-4e-05,0.002448,-0.000336,-0.04718,-0.114368,9.828377
1770803085.9288514,0.000227,0.00085,0.000463,-0.045983,-0.105988,9.82718
1770803085.9329922,0.001558,-0.001813,0.000995,-0.026829,-0.086835,9.806829
1770803085.9383347,0.000227,5.1e-05,-0.000869,-0.012464,-0.110777,9.786479
1770803085.94368,-0.00217,0.003247,0.000196,-0.039997,-0.091623,9.802041
1770803085.9539354,0.002091,-0.000215,0.000995,-0.04718,-0.09282,9.799646
1770803085.9540758,-0.000306,0.001649,-7e-05,-0.061545,-0.102397,9.814012
1770803085.958181,-0.000572,0.001382,-7e-05,-0.048377,-0.084441,9.822391
1770803085.9631991,0.001558,-0.003678,0.000196,-0.020844,-0.094018,9.819997
1770803085.968088,-0.000572,0.005643,0.000196,-0.023239,-0.102397,9.81042
1770803085.9736235,-0.003236,0.006442,0.000463,-0.028028,-0.103595,9.784083
1770803085.9788373,0.000493,-0.003411,0.000995,-0.045983,-0.095215,9.791267
1770803085.9850366,-4e-05,-0.001281,-0.000603,-0.044786,-0.09282,9.815209
1770803085.9883974,-0.001105,5.1e-05,-0.001135,-0.034012,-0.09282,9.815209
1770803085.9932654,0.002091,0.002181,0.000196,-0.035209,-0.079652,9.815209
1770803085.999473,0.000227,-0.002612,-7e-05,-0.05556,-0.083243,9.821194
1770803086.004106,-0.00217,0.006176,0.000995,-0.051969,-0.097609,9.809222
1770803086.0087473,-0.001638,0.007241,0.000729,-0.029225,-0.089229,9.798448
1770803086.0138378,-0.001638,-0.00208,-0.001668,-0.020844,-0.082046,9.787675
1770803086.018827,0.001824,0.001915,-7e-05,-0.017252,-0.086835,9.814012
1770803086.024022,-0.000839,5.1e-05,-0.000336,-0.029223,-0.1012,9.816406
1770803086.0292058,-4e-05,0.00085,0.000463,-0.044786,-0.095214,9.821194
1770803086.0356321,-0.003502,0.007508,-7e-05,-0.049576,-0.085639,9.819996
1770803086.0397134,-0.000839,0.000583,-7e-05,-0.045983,-0.103594,9.787675
1770803086.0455618,0.002091,-0.002612,0.000196,-0.036406,-0.088032,9.796055
1770803086.0558596,-0.000306,0.002448,0.000729,-0.0388,-0.089229,9.802041
1770803086.0562305,0.001292,-0.002612,-7e-05,-0.051968,-0.094017,9.81042
1770803086.0600276,0.000493,5.1e-05,-0.000336,-0.031617,-0.096412,9.815209
1770803086.064319,-0.001105,-0.000215,-0.000336,-0.03042,-0.108383,9.800844
1770803086.0694165,0.001292,-0.00208,-0.000603,-0.019647,-0.097609,9.809223
1770803086.0745409,0.001026,0.001915,-7e-05,-0.025632,-0.091623,9.798449
1770803086.080485,0.003156,-0.003678,-7e-05,-0.041195,-0.098806,9.806829
1770803086.085137,-0.000839,0.003513,0.000729,-0.028027,-0.082046,9.812814
1770803086.0895348,-0.000572,-0.00208,-0.001135,-0.034012,-0.080849,9.815209
1770803086.0981545,0.000227,0.000583,0.000196,-0.043588,-0.089229,9.822391
1770803086.09965,-4e-05,-0.00208,0.000196,-0.045983,-0.090426,9.814012
1770803086.1068091,0.000227,-0.002879,-0.001135,-0.05556,-0.091623,9.8188
1770803086.1102002,-0.000572,0.002181,-7e-05,-0.043589,-0.103594,9.805632
1770803086.115133,-0.000306,-0.000215,0.000729,-0.022041,-0.108383,9.806829
1770803086.1199796,-0.000839,0.003247,0.000729,-0.035209,-0.100003,9.805632
1770803086.1253374,-0.002703,0.004845,0.000196,-0.017253,-0.089229,9.812814
1770803086.1320012,-0.001904,0.002181,0.000196,-0.031618,-0.094017,9.812814
1770803086.1350331,0.001558,-0.000748,0.000196,-0.03042,-0.084441,9.812815
1770803086.1416845,0.003156,-0.00714,0.000196,-0.037605,-0.08923,9.80204
1770803086.1484914,0.002623,-0.00208,0.000196,-0.034012,-0.095215,9.800843
1770803086.1501067,-0.002703,0.005643,0.000463,-0.038801,-0.086835,9.816405
1770803086.15932,0.001026,-0.000748,0.000463,-0.048377,-0.096412,9.803238
1770803086.1603627,-4e-05,-0.001281,-0.000603,-0.041194,-0.102397,9.811617
1770803086.1667047,-0.000839,-0.001281,-0.000336,-0.025632,-0.113171,9.816406
1770803086.1715307,-0.000839,0.004046,0.000729,-0.024435,-0.102397,9.817603
1770803086.1759093,0.000493,5.1e-05,-7e-05,-0.028026,-0.089229,9.81042
1770803086.181757,-0.000306,0.000583,0.000463,-0.039997,-0.102397,9.806829
1770803086.1858087,-0.000839,-0.000748,-7e-05,-0.053165,-0.091623,9.798449
1770803086.1927583,0.002091,-0.001281,-0.000336,-0.039997,-0.1012,9.788872
1770803086.1954248,-0.003236,0.006975,0.000196,-0.023239,-0.092821,9.80204
1770803086.2006836,-0.003502,0.009372,0.000463,-0.036409,-0.086836,9.816404
1770803086.2078915,-0.001105,0.003247,0.000463,-0.06394,-0.1012,9.817603
1770803086.2118077,0.000759,-0.003678,-0.000603,-0.068728,-0.1012,9.817603
1770803086.216356,-0.001371,0.002448,0.000463,-0.017253,-0.100003,9.822391
1770803086.220909,0.000493,0.001382,0.000463,0.005492,-0.113171,9.794858
1770803086.2261345,-0.003502,0.008839,0.001794,-0.013664,-0.096412,9.794856
1770803086.2312653,0.002091,-0.002879,-0.000603,-0.053166,-0.088032,9.822391
1770803086.2372189,-0.000839,0.000584,0.000463,-0.073516,-0.091623,9.828377
1770803086.2425237,-0.002703,0.005377,0.000196,-0.038801,-0.079653,9.816405
1770803086.2506287,-0.00217,0.006442,0.000463,-0.001691,-0.096412,9.805631
1770803086.2515326,-0.001371,0.001915,0.000196,-0.020844,-0.085638,9.794858
1770803086.2605221,0.000493,-0.000748,0.000196,-0.061545,-0.105988,9.804435
1770803086.2648418,0.001824,-0.005808,0.000463,-0.062743,-0.097609,9.810419
1770803086.2663772,0.000227,0.000317,0.000729,-0.037603,-0.105988,9.805632
1770803086.2746365,-0.001638,0.002448,0.000995,-0.00169,-0.100003,9.81042
1770803086.2777836,-0.002703,0.007508,0.001262,-0.017254,-0.090427,9.810419
1770803086.283438,0.001025,0.00085,0.000463,-0.069925,-0.097609,9.806829
1770803086.287105,0.000493,-0.005808,-0.001135,-0.081897,-0.097609,9.825982
1770803086.291688,-0.00217,0.003247,0.000995,-0.036406,-0.085638,9.798449
1770803086.2968304,0.000493,-0.001281,0.000196,-0.006479,-0.090426,9.803237
1770803086.302138,-0.001638,0.003247,-0.000336,-0.00169,-0.09282,9.812814
1770803086.30712,0.003422,-0.003145,-0.000603,-0.042392,-0.104792,9.829573
1770803086.3122375,0.002091,-0.004476,0.000196,-0.054363,-0.096412,9.827179
1770803086.3179717,-0.000839,0.005111,0.000995,-0.04359,-0.098806,9.818799
1770803086.3263228,0.00289,-0.002346,0.000463,-0.0388,-0.096412,9.80204
1770803086.3273702,0.002623,-0.003411,0.000463,-0.017253,-0.103595,9.805631
1770803086.3323543,0.000493,0.000317,-0.000336,-0.031618,-0.091623,9.798449
1770803086.3416417,-0.001371,0.004578,0.000196,-0.062743,-0.096412,9.805631
1770803086.3436637,-0.004035,0.007774,0.000729,-0.057956,-0.084442,9.812813
1770803086.3473127,-0.002437,0.006442,-7e-05,-0.036407,-0.096412,9.825982
1770803086.3532019,0.000759,5.1e-05,-7e-05,-0.030421,-0.084441,9.817603
1770803086.3633397,0.003156,-0.004476,-0.000603,-0.020844,-0.091624,9.817602
1770803086.3641613,-0.000572,0.005111,-7e-05,-0.038801,-0.085638,9.805631
1770803086.3676424,-4e-05,0.003779,-0.000336,-0.045983,-0.085638,9.821194
1770803086.3727612,-0.001105,0.000584,0.000196,-0.053165,-0.095215,9.805632
1770803086.3781996,-0.001105,-0.000748,-0.000603,-0.043589,-0.091623,9.804435
1770803086.3877852,0.002623,-0.003411,-0.000603,-0.037604,-0.091623,9.812814
1770803086.3885524,-0.000839,-0.001014,-0.000869,-0.056757,-0.083243,9.805632
1770803086.3979902,0.002091,-0.005808,-0.000336,-0.047181,-0.070076,9.814011
1770803086.3985107,0.005553,-0.007406,-0.000336,-0.036408,-0.090427,9.82239
1770803086.4026759,0.001558,0.002181,-0.000603,-0.025632,-0.094017,9.804434
1770803086.408574,-0.001371,0.007241,-7e-05,-0.026831,-0.10958,9.802039
1770803086.4131353,-0.001638,0.002181,-0.000336,-0.013661,-0.098806,9.800843
1770803086.4182224,0.005819,-0.010335,-0.000869,-0.030424,-0.096413,9.811615
1770803086.4330919,-4e-05,0.005111,0.000463,-0.034013,-0.111974,9.81042
1770803086.4383972,0.001558,-0.001547,0.000196,-0.042392,-0.098806,9.81042
1770803086.438824,0.000759,0.001915,-7e-05,-0.050771,-0.084441,9.822391
1770803086.4395945,0.002091,0.00085,-0.000336,-0.065136,-0.065287,9.803237
1770803086.4447942,-0.000839,0.002714,0.000995,-0.060348,-0.077258,9.791266
1770803086.4503977,0.000759,-0.001281,-0.000336,-0.044786,-0.085638,9.805632
1770803086.454994,-4e-05,-0.000482,-0.000603,-0.022041,-0.083243,9.806829
1770803086.4665787,0.000759,-0.003944,-0.000869,-0.016056,-0.086835,9.816405
1770803086.467115,-0.000306,-0.002879,-0.000603,-0.01007,-0.098806,9.822391
1770803086.4698887,-0.000572,0.001649,-7e-05,-0.025632,-0.105988,9.824785
1770803086.4745524,0.002623,0.000317,0.000196,-0.036406,-0.111974,9.80204
1770803086.4802587,0.002357,-0.004743,-0.000869,-0.029224,-0.104792,9.80204
1770803086.48385,0.001292,-0.002612,-7e-05,-0.04718,-0.1012,9.806828
1770803086.489164,-0.000839,0.00298,0.000463,-0.054363,-0.091623,9.819996
1770803086.4967947,0.001824,-0.003145,0.000196,-0.053166,-0.090426,9.815208
1770803086.4992309,-0.000572,0.002181,-7e-05,-0.019647,-0.074864,9.822391
1770803086.5062692,0.000759,0.000584,-7e-05,-0.022041,-0.066484,9.811617
1770803086.5090334,0.000759,-0.001014,-0.000603,-0.05556,-0.070075,9.787675
1770803086.5155268,-0.000306,-0.001547,0.000196,-0.075911,-0.096412,9.811617
1770803086.5194552,0.001292,-0.005275,0.000729,-0.059152,-0.082047,9.835558
1770803086.5251267,0.003156,-0.003678,-7e-05,-0.019647,-0.110777,9.769718
1770803086.5295026,-0.000839,0.00591,0.000196,-0.008874,-0.096412,9.812813
1770803086.5344582,-0.002969,0.009372,0.000995,-0.024438,-0.100004,9.812812
1770803086.5397415,-0.001105,-0.000748,0.000196,-0.062742,-0.108383,9.800843
1770803086.544968,-0.000306,0.001116,0.001528,-0.071122,-0.108383,9.812814
1770803086.5499215,0.001025,5.1e-05,-7e-05,-0.030421,-0.100003,9.819997
1770803086.5582976,0.001292,-0.003145,-0.000869,-0.01845,-0.094018,9.803237
1770803086.5619361,-0.001904,0.006975,0.000995,-0.045985,-0.085638,9.797251
1770803086.5681658,-0.000572,-0.000748,0.000729,-0.059151,-0.091623,9.831968
1770803086.5699387,-0.00217,-0.000215,0.000463,-0.050771,-0.073667,9.796054
1770803086.5766468,0.001558,0.00085,-0.000603,-0.016056,-0.074864,9.816405
1770803086.5803185,-4e-05,0.004845,0.001262,-0.013662,-0.091623,9.811616
1770803086.5857065,-0.000306,-0.001813,-0.001135,-0.036406,-0.097609,9.819996
1770803086.5910792,-0.000306,-0.000748,-0.000603,-0.050771,-0.091623,9.811617
1770803086.5951104,-0.001904,0.002714,-0.001135,-0.041195,-0.077258,9.816405
1770803086.6002522,0.001025,0.00085,-0.000869,-0.037603,-0.085638,9.80204
1770803086.6053324,-0.001371,0.004578,-7e-05,-0.023239,-0.091623,9.806828
1770803086.6110685,0.002357,-0.000215,0.000995,-0.031618,-0.105988,9.818799
1770803086.6159322,0.001025,-0.003145,0.000463,-0.025633,-0.10958,9.834362
1770803086.6205683,-0.000306,-0.000748,0.000196,-0.026829,-0.1012,9.812814
1770803086.6256227,0.002357,-0.001547,-7e-05,-0.017253,-0.1012,9.811617
1770803086.632077,0.004754,-0.003678,-0.000336,-0.038801,-0.092821,9.805631
1770803086.6371665,-0.000839,-0.000482,0.000463,-0.044786,-0.091623,9.799646
1770803086.641416,-0.002437,0.004046,0.000196,-0.065137,-0.07247,9.817602
1770803086.6460605,0.001025,0.000317,-7e-05,-0.04718,-0.077258,9.806828
1770803086.6542432,0.001292,0.002181,-0.000336,-0.035209,-0.085638,9.809223
1770803086.65589,-0.000306,-0.001014,-7e-05,-0.048377,-0.089229,9.794857
1770803086.6630404,-0.000306,-0.000482,-0.000603,-0.049574,-0.096412,9.811617
1770803086.6703138,-0.001638,0.004312,0.000196,-0.047181,-0.094018,9.811616
1770803086.671129,0.000226,0.003513,0.000463,-0.012465,-0.100003,9.798449
1770803086.6794689,0.001025,0.003247,-7e-05,-0.012465,-0.094017,9.819996
1770803086.6826253,-0.001638,0.002181,0.000196,-0.049574,-0.095215,9.823588
1770803086.6873758,-0.00217,0.001915,0.000196,-0.06394,-0.090426,9.819996
1770803086.6925485,0.001025,-0.001813,0.000463,-0.048377,-0.103594,9.825982
1770803086.697027,-0.001105,0.001649,0.000995,-0.030421,-0.080849,9.804434
1770803086.702103,-0.001371,0.002448,0.000729,-0.020844,-0.078455,9.799646
1770803086.708241,0.000759,-0.000215,-0.000336,-0.026829,-0.086835,9.814011
1770803086.7127914,0.000493,0.00085,0.000196,-0.045983,-0.083244,9.808026
1770803086.7173545,0.001025,-0.00421,-7e-05,-0.045984,-0.091623,9.812814
1770803086.7241342,-0.000839,0.001382,0.000463,-0.039998,-0.084441,9.804434
1770803086.727932,-0.000572,0.00085,-7e-05,-0.044786,-0.084441,9.799646
1770803086.734408,0.000759,-0.002612,-7e-05,-0.032815,-0.094018,9.799646
1770803086.7387803,-0.000572,-0.000748,-0.000336,-0.026829,-0.102397,9.819997
1770803086.7431839,-4e-05,-0.001813,0.000196,-0.059151,-0.152675,9.775704
1770803086.7467809,-0.000839,0.00298,0.000729,-0.042392,-0.132325,9.841544
1770803086.7519095,-4e-05,0.001382,0.000196,-0.042392,-0.108383,9.81042
1770803086.7577143,-0.001371,0.005111,0.001794,-0.030422,-0.097609,9.808025
1770803086.7628007,-0.001105,5.1e-05,0.000463,-0.041195,-0.080849,9.863092
1770803086.7733662,0.000759,-0.001813,-0.000603,-0.051969,-0.058104,9.804434
1770803086.7735107,-0.001904,-0.001281,-7e-05,-0.035209,-0.062893,9.766127
1770803086.7770462,0.002091,-0.001813,-0.000869,-0.02683,-0.041345,9.776901
1770803086.7821097,-0.000572,0.005111,0.000463,-0.017254,-0.050922,9.799645
1770803086.7882898,-4e-05,0.001382,-7e-05,-0.049575,-0.067681,9.835558
1770803086.7928903,0.001824,-0.003944,-0.000336,-0.057955,-0.094018,9.816404
1770803086.797041,0.001292,-0.002612,-0.000603,-0.049575,-0.107186,9.841544
1770803086.8024385,0.003156,-0.003411,-0.000869,-0.020844,-0.119157,9.81401
1770803086.8073251,0.001025,0.001116,0.000463,-0.039998,-0.122748,9.80204
1770803086.8126338,0.000493,-0.001281,-0.000603,-0.048377,-0.135916,9.803237
1770803086.8178566,-0.001371,0.000317,-7e-05,-0.028027,-0.116762,9.810419
1770803086.8226519,0.000759,5.1e-05,0.000463,-0.034012,-0.113171,9.819996
1770803086.8306859,-4e-05,0.00298,0.000463,-0.017253,-0.100003,9.837952
1770803086.833985,-0.001371,0.006176,0.000196,-0.050773,-0.085638,9.816404
1770803086.8378327,-0.003768,0.004578,0.000463,-0.051969,-0.078456,9.799645
1770803086.8433266,0.000493,-0.003411,-0.000869,-0.061546,-0.067681,9.792463
1770803086.8481863,-0.000306,0.001649,-0.000603,-0.030421,-0.061696,9.805631
1770803086.8545291,0.003689,-0.004743,-0.001135,-0.023239,-0.083244,9.811616
1770803086.8582711,-0.002969,0.005377,0.000463,-0.026831,-0.088033,9.819995
1770803086.8662987,0.000226,-0.002879,-0.000336,-0.043589,-0.090426,9.805631
1770803086.8760247,-0.003236,0.004046,-0.000603,-0.041195,-0.094018,9.816404
1770803086.8763487,-0.00217,0.005377,0.001262,-0.047181,-0.104792,9.799645
1770803086.8794394,-0.000572,0.002448,0.000463,-0.031618,-0.120354,9.802039
1770803086.884987,0.002091,0.002181,0.000463,-0.024435,-0.137113,9.819996
1770803086.8886747,-4e-05,-0.000215,-7e-05,-0.035209,-0.120354,9.82239
1770803086.8941736,0.001824,0.002181,0.000995,-0.041195,-0.104791,9.834361
1770803086.8995066,0.000226,-0.002612,0.000196,-0.039998,-0.089229,9.821193
1770803086.9040935,-0.003236,0.006442,0.000729,-0.030422,-0.071273,9.793659
1770803086.9092624,0.001025,-0.002879,-7e-05,-0.01845,-0.067681,9.78528
1770803086.9145987,-0.000572,0.001649,0.000463,-0.044786,-0.065287,9.78528
1770803086.9191031,0.002091,-0.006873,-0.000869,-0.043591,-0.062893,9.83436
1770803086.9248695,-0.000572,-0.001281,0.000196,-0.045983,-0.097609,9.80204
1770803086.9289126,0.002091,-0.003678,-0.000603,-0.038801,-0.078455,9.824784
1770803086.934171,0.001824,-0.001813,-7e-05,-0.031618,-0.10958,9.806828
1770803086.939033,-0.003502,0.006975,0.000729,-0.044788,-0.08923,9.811615
1770803086.943933,-0.000839,0.001649,0.000463,-0.050772,-0.133522,9.779295
1770803086.9504945,0.001292,-0.001813,-7e-05,-0.016056,-0.123945,9.824784
1770803086.9554532,-0.000839,0.000583,0.000463,-0.030421,-0.126339,9.804434
1770803086.9590492,0.001025,-0.004477,0.000463,-0.028027,-0.10958,9.821193
1770803086.9793751,0.000759,-0.000748,0.000729,-0.056757,-0.090426,9.809222
1770803086.9795156,0.000493,-0.000215,0.001262,-0.041195,-0.079652,9.804434
1770803086.9796221,0.000226,-0.000215,-7e-05,-0.041195,-0.077258,9.799645
1770803086.9812424,-0.001904,0.005643,-0.000336,-0.030422,-0.07247,9.794856
1770803086.9872634,0.000759,5.1e-05,-0.000869,-0.039998,-0.06409,9.808025
1770803086.9896178,0.000493,-0.00421,-0.001135,-0.053166,-0.066484,9.808025
1770803086.9959557,-0.001105,-0.001281,-0.000603,-0.056757,-0.068878,9.811616
1770803086.999591,-0.001105,-0.003678,-0.001402,-0.037604,-0.095214,9.749367
1770803087.0083961,-4e-05,0.001116,-7e-05,0.000704,-0.113171,9.852318
1770803087.0102136,0.003422,-0.005808,-0.001135,-0.004086,-0.119157,9.887033
1770803087.0170062,0.002357,-0.00208,-0.000603,-0.035209,-0.127536,9.827179
1770803087.0203528,0.000226,-0.003145,0.001262,-0.07232,-0.126339,9.788871
1770803087.0244532,0.001292,-0.005276,-7e-05,-0.069926,-0.108383,9.7769
1770803087.031301,-0.002969,0.006975,0.000729,-0.022043,-0.09761,9.78887
1770803087.0353165,-4e-05,0.006176,0.000729,-0.010072,-0.096412,9.80563
1770803087.0417492,-0.001904,0.002714,0.000463,-0.03521,-0.088032,9.846332
1770803087.0485072,0.002623,-0.005276,-0.000336,-0.077109,-0.084441,9.828375
1770803087.051674,-0.002703,-0.002879,-0.000336,-0.061546,-0.065287,9.86788
1770803087.0558102,-0.001105,0.001649,0.000463,-0.01845,-0.062893,9.778097
1770803087.0607169,-0.002437,0.004578,-0.000336,-0.03521,-0.085638,9.639233
1770803087.065586,-0.001904,0.007241,-0.000336,0.004293,-0.061696,9.931325
1770803087.0702543,-4e-05,0.001915,0.000196,-0.049575,-0.127536,9.794857
1770803087.0799866,0.000759,0.001116,0.000196,-0.062743,-0.079652,9.951677
1770803087.0809565,-0.001638,-0.001281,0.000196,-0.091473,-0.137113,9.750564
1770803087.0861578,0.00289,-0.00714,-0.000336,-0.049576,-0.060499,9.843937
1770803087.091608,-0.001105,-0.000748,0.000196,-0.006479,-0.127536,9.707468
1770803087.0956552,-0.002437,0.004578,0.000463,-0.00648,-0.076061,9.855908
1770803087.1026392,-0.000839,-0.000482,-0.000336,-0.037604,-0.113171,9.797251
1770803087.106729,0.001824,-0.007406,-7e-05,-0.056759,-0.086835,9.852317
1770803087.1107738,-0.000839,0.004312,0.001262,-0.050772,-0.073667,9.846332
1770803087.1179912,-0.001638,0.008573,-7e-05,-0.031621,-0.066485,9.767322
1770803087.121887,-0.001371,0.002714,0.000729,-0.03521,-0.06409,9.788871
1770803087.1268451,0.000226,0.00298,-7e-05,-0.041195,-0.086835,9.767323
1770803087.1319165,0.001292,-0.00208,0.000196,-0.048378,-0.085638,9.799645
1770803087.1362844,-0.000572,-0.000748,-0.000336,-0.045983,-0.107186,9.834361
1770803087.14098,-0.002437,0.002448,0.000463,-0.031618,-0.1012,9.855909
1770803087.1480331,0.000493,0.001116,-0.000603,-0.024436,-0.111974,9.827178
1770803087.1522453,0.001824,-0.003411,0.000463,-0.043589,-0.108383,9.803236
1770803087.1564302,0.000493,-0.000748,0.000196,-0.043589,-0.107186,9.793659
1770803087.1615682,-4e-05,-0.000482,-7e-05,-0.025633,-0.103594,9.7769
1770803087.1667285,-0.000839,-0.000748,-7e-05,-0.023238,-0.103594,9.808025
1770803087.172033,0.00289,-0.00208,0.000196,-0.03521,-0.079653,9.818798
1770803087.1830187,0.002357,-0.005542,0.000196,-0.044787,-0.084441,9.84274
1770803087.1831946,0.001558,-0.001015,0.001262,-0.05556,-0.082047,9.842741
1770803087.1868987,0.001558,5.1e-05,-7e-05,-0.039998,-0.085638,9.816404
1770803087.193128,0.00289,-0.005009,-0.000869,-0.023239,-0.073667,9.791265
1770803087.197188,-0.001371,0.004312,-7e-05,-0.036407,-0.078456,9.782885
1770803087.2020042,-0.000839,-0.001015,-0.000336,-0.042392,-0.088032,9.791265
1770803087.206962,-4e-05,-0.000748,0.000196,-0.037604,-0.096412,9.815207
1770803087.212421,0.001558,-0.006075,-7e-05,-0.055561,-0.082047,9.638036
